Actual_Sales,Predicted_Sales,Residual
261.96,372.7794324471713,-110.81943244717132
731.94,857.968941217461,-126.0289412174609
14.62,-75.78170174852835,90.40170174852835
957.5775,601.5277276963855,356.04977230361453
22.368,-42.25795334564759,64.62595334564759
48.86,200.75945309020267,-151.89945309020266
7.28,20.574108895957806,-13.294108895957805
907.152,666.893589991599,240.25841000840103
18.504,-21.57488932303204,40.078889323032044
114.9,153.90188658325746,-39.00188658325746
1706.184,952.4714816251593,753.7125183748407
911.424,812.7075656370878,98.7164343629122
15.552,-17.31081107834393,32.86281107834393
407.976,475.4291590946086,-67.45315909460862
68.81,157.311610051971,-88.501610051971
2.544,41.392478169905644,-38.84847816990565
665.88,522.9106664268422,142.96933357315777
55.5,22.01826598799198,33.48173401200802
8.56,-71.61063652078565,80.17063652078565
213.48,222.52550899447533,-9.045508994475341
22.72,37.44824418526332,-14.728244185263321
19.46,186.74727001972224,-167.28727001972223
60.34,207.05063177959778,-146.71063177959778
71.372,45.741101885383614,25.630898114616386
1044.63,1238.457401112726,-193.82740111272597
11.648,-79.73810303337609,91.38610303337609
90.57,68.66235897310457,21.90764102689542
3083.43,1094.8330299822005,1988.5969700177993
9.618,-29.485322066428353,39.103322066428355
124.2,120.77388724792581,3.4261127520741894
3.264,-81.60536707192455,84.86936707192454
86.304,186.85051698658071,-100.54651698658071
6.858,171.59170919762505,-164.73370919762505
15.76,-51.444934155756755,67.20493415575676
29.472,-31.736680192663243,61.208680192663245
1097.544,749.8284204102164,347.7155795897837
190.92,188.29111446150387,2.628885538496121
113.328,344.7134804277946,-231.3854804277946
532.3992,567.4026758693053,-35.00347586930536
212.058,218.5362099429458,-6.478209942945796
371.168,360.42057080987547,10.747429190124535
147.168,147.57260536994977,-0.40460536994976337
77.88,49.712106737106296,28.1678932628937
95.616,82.3304729792078,13.285527020792202
45.98,-20.839408935201618,66.81940893520161
17.46,-79.69127043911362,97.15127043911363
211.96,212.9030669015881,-0.9430669015880824
45.0,17.394777409052494,27.605222590947506
21.8,-55.15285159860218,76.95285159860218
38.22,139.63383818527063,-101.41383818527063
75.18,164.45049869637774,-89.27049869637773
6.16,-89.74304099874416,95.90304099874416
89.99,168.83056638984795,-78.84056638984795
15.26,184.0927694645011,-168.8327694645011
1029.95,876.2113692314383,153.73863076856173
208.56,254.5187595956802,-45.95875959568019
32.4,86.69710805956379,-54.29710805956379
319.41,294.8708614856712,24.53913851432884
14.56,-71.02623208217506,85.58623208217506
30.0,-36.036557598088166,66.03655759808817
48.48,57.467601632340575,-8.987601632340578
1.68,-148.39321825148704,150.07321825148705
13.98,-69.08551562891103,83.06551562891103
25.824,135.29671194858724,-109.47271194858725
146.73,148.53619573391825,-1.8061957339182584
79.76,94.537052485922,-14.777052485921999
213.115,217.69869020454894,-4.58369020454893
1113.024,743.7850061449069,369.238993855093
167.968,173.1612301999685,-5.193230199968497
75.88,43.303693772960514,32.57630622703948
4.616,-124.15845721986761,128.7744572198676
19.05,-23.352568632831435,42.40256863283143
831.936,559.794178310955,272.14182168904506
97.04,96.15446106575769,0.8855389342423194
72.784,126.26421969185685,-53.480219691856846
1.248,34.824717718050124,-33.576717718050126
9.708,7.405220380684796,2.3027796193152046
27.24,-1.3611424569005521,28.60114245690055
19.3,128.83881801002508,-109.53881801002508
208.16,564.3698294949114,-356.20982949491145
16.74,-38.468558268882134,55.20855826888213
14.9,79.90121234558683,-65.00121234558682
21.39,-66.54639533418117,87.93639533418117
200.984,296.728069593752,-95.74406959375202
230.376,213.74425061865531,16.63174938134469
301.96,440.30470899755005,-138.34470899755007
19.99,-68.57359870638584,88.56359870638583
6.16,-78.66624584335887,84.82624584335886
158.368,262.01906350766467,-103.65106350766467
20.1,-12.802600782350964,32.902600782350966
73.584,40.74361255059284,32.84038744940716
6.48,-127.97638684954109,134.45638684954108
12.96,-73.31712293250143,86.27712293250144
53.34,30.255706434676313,23.08429356532369
32.96,-39.6255715928628,72.5855715928628
5.682,-78.2198481541891,83.9018481541891
96.53,227.63177099049767,-131.10177099049767
51.312,16.176979168335038,35.13502083166496
77.88,173.1888617897671,-95.30886178976709
64.624,209.94152573373003,-145.31752573373004
95.976,79.43348580847578,16.54251419152422
1.788,38.711055819863304,-36.92305581986331
23.92,30.774511257166296,-6.854511257166294
238.896,255.50199188005467,-16.605991880054688
102.36,85.86454119362475,16.495458806375254
36.882,27.8701551143713,9.011844885628697
74.112,269.82596329262424,-195.71396329262424
27.992,-32.721850002120846,60.71385000212085
3.304,-127.13576071360126,130.43976071360126
339.96,323.51430990329936,16.445690096700616
41.96,-3.724596446828855,45.684596446828856
75.96,43.23864169401509,32.72135830598491
27.24,131.13054898200744,-103.89054898200745
40.096,555.6442983321004,-515.5482983321004
4.72,-79.48943397514154,84.20943397514154
23.976,-1.4964045899746452,25.472404589974644
130.464,211.27817103663529,-80.81417103663529
787.53,919.6072026492902,-132.07720264929026
157.794,387.21602190129715,-229.42202190129714
47.04,11.398578150614412,35.64142184938559
30.84,25.66310862744308,5.17689137255692
226.56,261.2243965497853,-34.664396549785295
115.02,321.84053153640366,-206.82053153640368
68.04,203.2702510443862,-135.2302510443862
600.558,653.5962436019056,-53.038243601905606
617.7,359.1211502920039,258.57884970799614
2.388,-48.727831563785685,51.11583156378568
243.992,305.9316607645469,-61.939660764546915
81.424,55.1971397294526,26.226860270547405
238.56,241.64891466152994,-3.088914661529941
59.97,113.64274290662206,-53.67274290662206
78.304,40.32803228190255,37.97596771809745
21.456,247.35469397331462,-225.89869397331464
20.04,-20.44919419331154,40.48919419331154
35.44,-23.33077166233261,58.770771662332606
11.52,26.44483946319565,-14.92483946319565
4.02,-91.66058832338899,95.68058832338899
76.176,55.20998771422205,20.96601228577795
65.88,163.32891338196987,-97.44891338196987
43.12,547.8636688523793,-504.7436688523793
82.8,58.13292901155364,24.667070988446355
8.82,-28.08470134594313,36.90470134594313
10.86,-31.853322247803362,42.71332224780336
143.7,140.44740525260227,3.2525947473977226
839.43,990.9406502732742,-151.51065027327422
671.93,513.0224166827539,158.907583317246
93.888,119.58797660488676,-25.699976604886757
384.45,545.9076379378228,-161.45763793782277
149.97,151.442122316392,-1.4721223163919888
1951.84,1262.8642229340458,688.9757770659542
171.55,210.08216844602475,-38.53216844602474
157.92,180.3892046257222,-22.4692046257222
203.184,255.64386470738305,-52.45986470738305
58.38,198.35887825079476,-139.97887825079476
105.52,107.815857821907,-2.2958578219070063
80.88,165.21385992898877,-84.33385992898877
6.63,-13.98899402215784,20.61899402215784
457.568,713.0860187006823,-255.51801870068232
14.62,-63.315799733553376,77.93579973355338
944.93,720.9678788487254,223.96212115127457
5.98,-137.86604153079134,143.84604153079133
54.384,23.269681646106847,31.114318353893154
28.4,56.34263438668631,-27.942634386686315
27.68,-32.1378789912751,59.8178789912751
9.936,-15.62656648972711,25.56256648972711
8159.952,3191.97032530086,4967.98167469914
275.928,279.0880227926632,-3.1600227926631987
1740.06,936.6124467632129,803.447553236787
32.064,154.0232291866314,-121.9592291866314
177.98,145.53095965738885,32.44904034261114
143.976,144.8829352677426,-0.9069352677425968
20.94,-15.948494301518394,36.88849430151839
110.96,108.47199078490962,2.488009215090372
340.144,350.1866968737909,-10.042696873790874
52.448,60.22423145098924,-7.776231450989236
20.16,32.506984467473785,-12.346984467473785
97.264,123.27662621871218,-26.012626218712185
396.802,374.94090295491696,21.861097045083056
15.88,103.34916931501243,-87.46916931501244
3.28,-126.69826191871425,129.97826191871425
24.816,-41.41973251940453,66.23573251940454
408.744,397.41301988489,11.330980115110037
503.96,492.0713198750416,11.888680124958398
149.95,187.87856354439077,-37.928563544390784
29.0,-33.65880652445526,62.65880652445526
7.16,-84.79162169477536,91.95162169477535
176.8,309.71521941907736,-132.91521941907735
37.224,19.55823441300322,17.665765586996777
20.016,-5.163639837900746,25.179639837900744
899.136,818.1416973931185,80.99430260688143
71.76,162.03074246549295,-90.27074246549294
51.84,248.1457111287034,-196.3057111287034
626.352,688.6798070702155,-62.3278070702155
19.9,78.62413735457812,-58.724137354578126
14.28,175.85490536954876,-161.57490536954876
7.408,-67.44434425515033,74.85234425515033
6.048,-21.371620602096982,27.419620602096984
46.26,31.948358554235483,14.311641445764515
2.946,-42.42786060606272,45.37386060606272
16.056,-10.677175187182229,26.73317518718223
21.744,-6.763655437169518,28.507655437169518
218.75,252.46075094921298,-33.71075094921298
2.6,-137.52895905538003,140.12895905538002
66.284,81.2202854964919,-14.936285496491891
35.168,197.52089108232303,-162.35289108232303
444.768,414.1434504942322,30.62454950576779
83.92,99.77685306389003,-15.856853063890028
131.98,146.91623689693483,-14.936236896934844
15.92,23.97164832145495,-8.05164832145495
52.29,305.80150358260835,-253.51150358260836
91.99,178.5426108797319,-86.55261087973192
20.8,-53.71977478029362,74.51977478029362
23.68,-46.34603765212637,70.02603765212638
452.45,321.4226352214366,131.02736477856337
62.982,53.375602309524766,9.606397690475234
1188.0,427.2246475067334,760.7753524932666
89.584,72.89270445912666,16.69129554087334
93.06,183.0484590324379,-89.9884590324379
302.376,320.19977104796453,-17.823771047964556
5.584,-80.19632593104302,85.78032593104302
22.704,136.75972472677313,-114.05572472677312
19.776,64.16960810212868,-44.39360810212868
72.704,87.73225684003387,-15.028256840033876
479.988,326.6785042644242,153.3094957355758
27.168,-33.99173501217729,61.159735012177286
2.2,-136.8715481515212,139.0715481515212
622.45,540.0319974201765,82.41800257982356
21.98,-57.28708382295076,79.26708382295077
161.568,197.3215228312797,-35.753522831279696
389.696,418.0901859226817,-28.394185922681686
18.648,217.4112359836122,-198.7632359836122
233.86,296.1116296818575,-62.25162968185748
620.6145,590.5423407560318,30.072159243968258
5.328,-47.02218688655603,52.35018688655603
258.072,263.52059526190965,-5.448595261909645
617.976,658.5603535449354,-40.584353544935425
10.56,-79.85103659153947,90.41103659153947
25.92,75.86763014866233,-49.94763014866233
419.68,258.0271758644276,161.65282413557242
11.688,-15.05480809922733,26.742808099227332
31.984,-44.32480189318562,76.30880189318563
177.225,172.10451071987313,5.120489280126861
4.044,-1.7884610872381472,5.832461087238147
7.408,-82.2534239278641,89.6614239278641
2001.86,1342.415300498077,659.444699501923
166.72,206.33449919941654,-39.61449919941654
47.88,144.44477601926542,-96.56477601926542
1503.25,1252.9912841666858,250.25871583331423
25.92,33.4861318546798,-7.566131854679796
321.568,464.39113883512096,-142.82313883512097
7.61,-120.84706883688409,128.4570688368841
3347.37,1585.1104789808846,1762.2595210191153
80.58,173.51086579566186,-92.93086579566186
361.92,370.8000707187539,-8.88007071875387
12.132,321.1880739032497,-309.0560739032497
82.368,60.37781974225982,21.990180257740178
53.92,111.67752067702077,-57.757520677020764
647.904,511.9953922069394,135.90860779306058
20.37,-13.578175865254934,33.94817586525494
221.55,224.70651717786131,-3.1565171778613035
17.52,75.89336596580188,-58.37336596580188
1.624,40.84782810666502,-39.22382810666502
3059.982,3232.971579512551,-172.98957951255124
2519.958,1315.9845334289655,1203.9734665710346
328.224,308.1768566939538,20.047143306046166
79.9,45.582241637813695,34.31775836218631
14.016,-20.35888201891521,34.37488201891521
7.56,140.80994434472245,-133.24994434472245
37.208,3.487209968494426,33.72079003150557
57.576,35.39878652217635,22.17721347782365
725.84,698.127777731574,27.71222226842599
209.93,286.056515009501,-76.12651500950102
5.28,-41.16660194252063,46.44660194252063
10.92,-36.010880538293804,46.930880538293806
8.82,-93.69693822895783,102.51693822895783
5.98,-130.7317498368359,136.71174983683588
11.648,-61.789475702175196,73.43747570217519
18.176,39.653429351966224,-21.477429351966226
59.712,168.0253517987917,-108.31335179879169
24.84,-1.6250913282929105,26.46509132829291
2.08,147.20574951420213,-145.1257495142021
1114.4,845.4828321401528,268.91716785984727
1038.84,795.1678211786749,243.67217882132502
141.76,159.18711080636967,-17.427110806369683
239.8,263.74552911933256,-23.945529119332548
31.104,149.44121716081372,-118.33721716081372
254.058,270.5500815107255,-16.492081510725484
194.528,250.72607838106705,-56.19807838106706
961.48,659.9902412431327,301.48975875686733
19.096,186.3561327377629,-167.2601327377629
18.496,236.20839046054357,-217.71239046054356
255.984,364.5720169256281,-108.58801692562807
86.97,77.53460903284486,9.435390967155143
300.416,375.3192785586773,-74.9032785586773
230.352,231.35641964472234,-1.0044196447223328
218.352,209.7662482743758,8.585751725624192
78.6,131.66444591549475,-53.06444591549476
27.552,-12.999846346820505,40.551846346820504
32.4,95.09475051591949,-62.69475051591949
1082.48,699.7325941658485,382.74740583415155
56.91,34.91862121883537,21.991378781164627
77.6,92.64370487697647,-15.043704876976477
14.28,-94.80739854596754,109.08739854596755
219.075,196.52863179444626,22.546368205553733
26.8,-43.11860727815315,69.91860727815315
9.84,-14.43807505723089,24.27807505723089
45.48,18.848798047002674,26.631201952997323
289.2,316.80995179488696,-27.609951794886967
4.89,-132.582874854304,137.472874854304
15.136,22.208719776087037,-7.0727197760870375
466.768,712.7916723794319,-246.02367237943196
15.232,-90.80198290333828,106.03398290333828
6.264,-37.84104276055723,44.10504276055723
87.54,79.58913095103935,7.950869048960655
178.384,229.14216416888576,-50.75816416888577
15.552,-17.887028025045993,33.43902802504599
99.136,112.2381370007231,-13.102137000723104
135.882,332.38455211831865,-196.50255211831865
3991.98,7346.284995001339,-3354.3049950013387
275.94,308.3232661976617,-32.383266197661726
360.0,366.6503632448853,-6.650363244885284
43.57,14.83729271617085,28.73270728382915
7.16,-84.09125209007493,91.25125209007493
251.52,282.94606341214194,-31.42606341214193
99.99,199.50547815602204,-99.51547815602204
15.992,-75.04974981584678,91.04174981584679
290.898,285.0902397578193,5.807760242180734
54.224,13.319505521086057,40.90449447891394
786.744,611.4621810013149,175.28181899868514
100.24,376.13383591198794,-275.89383591198794
37.764,166.59283543013203,-128.82883543013202
82.8,68.10986216873789,14.690137831262106
20.724,-14.712686153025288,35.43668615302529
4.896,11.100287060576647,-6.204287060576648
4.752,-142.75703601900386,147.50903601900387
959.984,1635.1007557344428,-675.1167557344428
14.368,10.350713337684738,4.0172866623152625
7.712,-80.61699709971413,88.32899709971413
698.352,753.9720182846202,-55.62001828462019
4.96,21.358189951954273,-16.398189951954272
17.856,40.929885043170316,-23.073885043170314
509.97,395.7055612364543,114.26443876354574
30.992,468.47542009532935,-437.48342009532934
71.928,466.4484948659158,-394.5204948659158
88.8,112.47765305061807,-23.677653050618076
47.976,23.402469253855998,24.573530746144
7.56,-32.0643008606944,39.624300860694404
24.56,-84.50436351061603,109.06436351061603
12.96,-69.59494358478196,82.55494358478197
6.79,-126.2992305098951,133.0892305098951
24.56,-62.29497440296336,86.85497440296336
3.048,-141.84378578383598,144.89178578383599
49.12,46.75839894384967,2.3616010561503273
4355.168,4180.3062847389665,174.86171526103317
388.704,355.38198719245133,33.322012807548674
8.26,-76.01912616447612,84.27912616447612
17.04,30.02014461570525,-12.98014461570525
34.4,91.68656146047238,-57.28656146047238
36.24,100.41141563054111,-64.1714156305411
647.84,550.9622494316201,96.87775056837995
20.7,-71.72091674285412,92.42091674285412
20.7,-49.82833262272652,70.52833262272652
488.646,553.7982653892404,-65.15226538924043
5.56,-72.89968976125124,78.45968976125124
47.12,250.84634788576432,-203.7263478857643
211.96,212.10047470010568,-0.14047470010567054
23.2,23.493031879606633,-0.2930318796066338
7.36,-84.46442500882199,91.82442500882199
104.79,225.515613624975,-120.725613624975
1043.92,983.6378390377008,60.28216096229926
25.92,97.3849323526365,-71.4649323526365
53.424,45.96037191444498,7.4636280855550226
8.16,109.99173029073336,-101.83173029073336
1023.936,725.9363850178001,297.9996149821999
9.24,-102.44043731088482,111.68043731088481
479.04,495.99855766457347,-16.958557664573448
99.136,104.75351589764841,-5.617515897648417
1488.424,805.2553278174913,683.1686721825087
8.652,78.46713149986635,-69.81513149986635
23.832,10.237909270041428,13.594090729958573
12.176,98.89041209468246,-86.71441209468246
50.96,195.91357543489926,-144.95357543489925
49.536,15.386173528142308,34.14982647185769
41.9,-11.503149394925458,53.40314939492546
375.4575,361.9748003643638,13.482699635636209
83.976,74.1905566235439,9.7854433764561
482.34,346.1205092463599,136.21949075364006
2.96,-125.0255171087324,127.9855171087324
2.624,-130.25568228163092,132.87968228163092
23.36,37.843824084340895,-14.483824084340895
39.98,-14.582517479976104,54.5625174799761
246.384,346.09499579863495,-99.71099579863497
1799.97,2239.5926133100565,-439.6226133100565
12.462,35.71184170493552,-23.249841704935523
75.792,61.38447710878245,14.407522891217553
49.96,8.022720422934754,41.93727957706525
12.96,-65.55880063564791,78.51880063564792
70.12,84.50976617664514,-14.38976617664514
35.952,14.374577570886686,21.577422429113312
2396.2656,1935.8048921842883,460.4607078157119
131.136,137.4111313262008,-6.275131326200807
57.584,16.339715166644055,41.24428483335595
9.568,-77.2076821005187,86.7756821005187
39.072,155.14594139453106,-116.07394139453106
35.91,10.53382838467769,25.376171615322306
179.95,199.96456815797114,-20.014568157971155
1199.976,1460.6050999083363,-260.62909990833623
27.15,79.96376667801223,-52.813766678012236
1004.024,629.6440951996103,374.3799048003897
9.68,-116.67769598208793,126.35769598208793
28.35,282.6916992876254,-254.3416992876254
55.98,45.32696187845795,10.653038121542046
1336.829,853.5236390247558,483.3053609752442
113.568,113.61183121171962,-0.043831211719620455
139.86,264.0314832780484,-124.17148327804841
307.136,303.56285561209006,3.573144387909963
95.92,271.4419856152899,-175.5219856152899
383.8,345.1334811297111,38.66651887028894
5.78,-126.91878996536684,132.69878996536684
9.32,15.78488809927535,-6.464888099275349
15.25,-102.38182018392581,117.63182018392581
196.752,244.9238276956305,-48.1718276956305
56.56,74.11204704932743,-17.552047049327427
32.7,3.803462784974272,28.89653721502573
866.4,827.639184203086,38.76081579691402
28.4,-42.9016767554524,71.3016767554524
287.92,383.94723844919713,-96.02723844919711
69.99,97.75322301793972,-27.763223017939723
6.672,142.46269555526897,-135.79069555526897
189.588,222.64691100549567,-33.05891100549567
408.744,404.03276310832985,4.711236891670183
291.96,291.23514510844757,0.7248548915524111
4.768,-59.32267276188122,64.09067276188122
714.3,612.6821390533005,101.61786094669947
4.812,-38.5597864978572,43.3717864978572
247.8,249.1047128331495,-1.3047128331494946
1007.979,1111.2442365947475,-103.26523659474742
313.488,350.6565776321802,-37.16857763218019
31.872,246.87098287578578,-214.99898287578577
207.846,205.8919906620265,1.9540093379735026
12.22,-104.75683747443964,116.97683747443963
194.94,188.64351217372314,6.296487826276859
70.95,43.458282377388514,27.49171762261149
91.36,93.92409026378368,-2.564090263783683
242.94,246.74984932615553,-3.809849326155529
22.05,173.7730963501856,-151.72309635018559
2.91,-142.2669500429297,145.1769500429297
59.52,28.442691755201167,31.077308244798836
161.94,150.89418367612052,11.045816323879478
263.88,288.2829596849158,-24.4029596849158
30.48,-3.7268254613068166,34.20682546130682
9.84,-26.766743329839073,36.60674332983908
35.12,44.8889709533496,-9.768970953349601
284.364,387.1474127239567,-102.7834127239567
665.408,1066.4354869832543,-401.02748698325433
63.88,79.68518549950068,-15.805185499500674
129.568,135.85198652574877,-6.283986525748759
747.558,785.323465963213,-37.765465963213046
8.928,-108.44666070652647,117.37466070652647
103.92,134.09468818014375,-30.174688180143747
899.91,759.4243787298063,140.48562127019363
51.312,38.57029202072158,12.741707979278416
23.56,81.54096099405592,-57.98096099405592
1272.63,577.7250917042388,694.9049082957613
28.485,118.95121091476176,-90.46621091476176
185.376,227.87567401922797,-42.49967401922797
78.272,52.70137783017435,25.570622169825654
254.744,244.10997310421044,10.63402689578956
205.3328,269.94346160905366,-64.61066160905366
4.788,39.55295462775257,-34.76495462775257
55.48,51.20646502509203,4.273534974907967
340.92,350.6199525994732,-9.699952599473193
222.666,298.1085059847294,-75.4425059847294
703.968,642.7055684853276,61.26243151467236
92.52,175.91214476788468,-83.39214476788469
62.65,203.29967292544893,-140.64967292544893
94.85,138.15223787721584,-43.302237877215845
95.76,184.2355716515599,-88.47557165155989
40.2,20.758287027007327,19.441712972992676
14.7,81.52231728475135,-66.82231728475135
704.25,586.817306496519,117.432693503481
9.09,-23.5094153910552,32.5994153910552
5.96,-68.83936107792601,74.79936107792601
159.98,204.5222824092357,-44.542282409235696
29.6,-57.510164906614364,87.11016490661436
514.165,402.16153685965674,112.00346314034323
279.96,258.3049060963924,21.655093903607565
2735.952,1777.8644352954605,958.0875647045398
7.992,-103.53355555351072,111.52555555351073
63.984,32.86033658401129,31.12366341598871
70.368,43.05293787702567,27.315062122974325
449.15,389.5683377131543,59.5816622868457
11.07,-19.32648227190498,30.39648227190498
93.98,91.38360141524481,2.5963985847551925
189.882,181.1710985555519,8.710901444448098
105.42,99.96963520319082,5.450364796809183
119.616,285.70515680269,-166.08915680269
255.76,258.4209816081459,-2.660981608145903
241.568,328.75048539499835,-87.18248539499834
69.3,312.8693532093107,-243.5693532093107
22.62,-21.947266140809234,44.56726614080924
14.952,-29.235142320713294,44.18714232071329
801.568,1286.9222405431394,-485.35424054313944
2.376,11.377456631697441,-9.001456631697442
32.792,-28.219100599175135,61.01110059917514
15.92,76.64022060267939,-60.72022060267939
2.74,-133.21488156759506,135.95488156759507
8.34,-26.509223075829823,34.849223075829826
46.74,21.425618091590195,25.314381908409807
6354.95,5478.231230185396,876.7187698146035
126.3,115.09516860081408,11.20483139918592
38.04,-28.99438108110553,67.03438108110552
7.152,-21.66589262363459,28.81789262363459
6.63,-27.709327219762372,34.339327219762374
5.88,-80.85000431527169,86.73000431527169
2999.95,2581.4839987526498,418.46600124735005
51.45,25.211669491043494,26.23833050895651
11.96,-73.71293361561811,85.67293361561812
1126.02,1255.4044259027946,-129.38442590279465
18.392,-72.530579046198,90.922579046198
129.568,139.8325469003214,-10.264546900321392
14.112,351.5657289767703,-337.45372897677026
210.98,273.91367445751666,-62.93367445751667
55.176,25.76803365713272,29.407966342867283
66.26,12.304660711383804,53.9553392886162
22.2,55.36060362047783,-33.16060362047783
683.952,754.0221612244253,-70.0701612244253
45.696,24.635031518610276,21.06096848138972
36.336,27.132943333067487,9.203056666932511
666.248,2071.421131820791,-1405.1731318207908
52.512,160.02097547552876,-107.50897547552876
190.72,506.3015804620528,-315.5815804620528
47.94,26.31142834569573,21.628571654304267
979.95,818.4757964129943,161.47420358700572
22.75,70.41782013471311,-47.66782013471311
16.768,-59.07501731675461,75.84301731675461
42.616,229.83023992420522,-187.21423992420523
10.752,30.68775884852016,-19.93575884852016
152.94,152.21399626585003,0.7260037341499697
283.92,278.2618614652306,5.658138534769421
468.9,448.6431009042117,20.2568990957883
380.864,397.19600882014106,-16.332008820141084
646.776,495.80124421753567,150.97475578246429
58.112,20.242674476122602,37.8693255238774
100.792,216.59216802220612,-115.80016802220612
66.112,107.29273741756538,-41.18073741756538
41.28,145.3398150503367,-104.05981505033671
13.36,-76.42876973408192,89.78876973408192
250.272,378.43034220763934,-128.15834220763935
11.364,32.406744858876664,-21.042744858876663
8.72,76.34813364768593,-67.62813364768593
1121.568,1801.6386748002528,-680.0706748002528
34.504,-29.229123800083926,63.73312380008392
10.824,-14.143524000150364,24.967524000150362
1295.78,2198.456803473945,-902.676803473945
19.456,41.83827359509701,-22.382273595097008
20.7,-60.43094077312821,81.13094077312822
1335.68,1079.1825127231702,256.4974872768298
32.4,81.87849762176234,-49.47849762176234
42.6,11.335255882019965,31.264744117980037
84.056,216.5630679743624,-132.50706797436243
13.0,87.65464729150108,-74.65464729150108
13.128,-19.68713958689318,32.81513958689318
3.96,-64.67664297718284,68.63664297718283
2.61,-132.6628532364225,135.27285323642252
374.376,392.27845495053907,-17.902454950539095
91.84,285.5485263723958,-193.70852637239582
81.088,229.861602846202,-148.773602846202
19.44,-8.30451843219339,27.74451843219339
451.152,490.58435657803807,-39.43235657803808
72.45,223.7472853216243,-151.29728532162432
13.96,32.29818419676212,-18.33818419676212
33.264,192.43109916470598,-159.16709916470597
14.85,-8.295784697586441,23.145784697586443
8.82,-16.19284387074299,25.01284387074299
160.72,598.9527329125849,-438.2327329125849
19.92,30.084649536938514,-10.164649536938512
7.3,-81.37737054418858,88.67737054418858
69.712,34.00985738560394,35.70214261439607
8.792,-78.39825052325068,87.19025052325068
51.52,66.80330415550043,-15.283304155500424
470.376,507.82651346082685,-37.45051346082687
105.584,95.49916412926382,10.084835870736185
31.152,-1.3119063958147308,32.46390639581473
6.783,205.80355551625962,-199.02055551625963
406.368,371.90212521788,34.46587478212001
70.98,113.6236725630456,-42.6436725630456
294.93,339.56700249989285,-44.637002499892844
84.784,71.37771279921367,13.406287200786338
20.736,35.9038500306674,-15.167850030667399
16.821,22.336225681246106,-5.515225681246104
10.368,-67.17441209971184,77.54241209971184
9.344,-64.60664674199279,73.95064674199278
31.2,4.00513772586055,27.19486227413945
76.12,46.703769761050125,29.41623023894988
1199.976,1465.4632278468514,-265.4872278468513
445.96,398.143267580283,47.81673241971697
327.76,400.2490802768441,-72.4890802768441
11.632,-61.44245234489608,73.07445234489609
143.982,136.84530507745308,7.136694922546923
494.376,415.8793677568185,78.49663224318147
5.84,-71.12957996990622,76.96957996990622
142.776,345.72948244459917,-202.95348244459916
45.696,23.863041396712106,21.832958603287892
7.218,7.977435352352586,-0.7594353523525861
43.188,77.8795642524899,-34.6915642524899
131.904,127.27551078118245,4.628489218817549
3.282,-31.78781577739187,35.06981577739187
21.168,303.61302793519167,-282.44502793519166
55.188,28.156057703839224,27.03194229616078
369.576,394.09414690211884,-24.518146902118815
15.712,28.563413213761578,-12.851413213761578
8.448,-71.28252850330819,79.7305285033082
728.946,514.8367455076711,214.1092544923289
119.94,382.5455845027798,-262.6055845027798
3.648,-44.506230946564756,48.15423094656476
40.48,-13.888449243032255,54.36844924303225
9.94,-70.57535481697732,80.51535481697732
107.424,329.6008607130482,-222.17686071304817
37.91,-7.753035808253571,45.66303580825357
88.02,77.24932597397537,10.770674026024622
8.69,145.90057193818689,-137.2105719381869
301.96,454.8060591362796,-152.84605913627962
555.21,510.0087908453694,45.20120915463065
523.48,508.58099448281405,14.89900551718597
161.82,358.14696911299484,-196.32696911299485
35.56,195.78476800446447,-160.22476800446447
97.16,94.26984024290664,2.8901597570933575
15.24,73.96056428168481,-58.72056428168481
13.23,-29.15697384249097,42.386973842490974
243.384,231.0420848051997,12.341915194800293
119.8,152.74813560546318,-32.94813560546318
300.768,275.4328630759949,25.3351369240051
17.88,-14.050994069854369,31.930994069854368
235.944,248.92776824016664,-12.983768240166654
392.94,426.997982213378,-34.05798221337801
18.882,13.840463390109335,5.041536609890667
122.328,110.3044439451487,12.023556054851298
1049.2,874.7042540985094,174.49574590149064
15.424,21.819497069301406,-6.395497069301406
18.84,-11.955785543379989,30.79578554337999
330.4,492.64134783763325,-162.24134783763327
26.25,177.29238852396202,-151.04238852396202
132.52,138.45191626366136,-5.93191626366135
6.48,-123.25009659984153,129.73009659984152
209.3,284.2696393534775,-74.96963935347748
31.56,58.872948921299894,-27.312948921299895
30.144,-33.62811808375477,63.77211808375477
14.8,36.204866397569276,-21.404866397569275
302.376,330.2524468850238,-27.876446885023825
316.0,310.99923591872357,5.000764081276429
379.4,523.5882197190365,-144.1882197190365
97.82,91.54046746324184,6.279532536758154
103.12,285.6180161395257,-182.4980161395257
113.552,124.05919616394885,-10.507196163948848
3.318,-34.004348092879354,37.32234809287935
134.288,159.6741460831929,-25.386146083192898
701.372,1074.211962108966,-372.839962108966
2.308,-29.977504316306295,32.285504316306294
999.432,705.9395560453607,293.49244395463927
724.08,689.5334117593713,34.546588240628694
918.785,668.0514465804409,250.73355341955903
2.724,41.92257033641772,-39.19857033641772
459.95,396.00627805960767,63.94372194039232
10.74,-38.9221218592495,49.6621218592495
23.76,-2.9387811954579774,26.69878119545798
85.056,34.257081840677756,50.79891815932224
381.576,408.53753644959284,-26.961536449592813
30.36,94.9948224337545,-64.63482243375451
23.976,13.459741461080512,10.516258538919487
108.925,231.93275238645674,-123.00775238645674
36.352,237.06732584814085,-200.71532584814085
19.56,91.34599211911495,-71.78599211911495
61.44,28.821831924165053,32.618168075834944
38.9,83.48053333098414,-44.580533330984146
99.39,71.177467765767,28.212532234232995
2.688,93.0595294957784,-90.3715294957784
27.816,8.907255623815672,18.908744376184327
82.524,82.01113187372039,0.5128681262796135
182.994,136.3775127159679,46.616487284032104
14.352,-13.7301393964201,28.0821393964201
64.96,37.87773957232889,27.082260427671102
68.6,85.55786870032716,-16.957868700327168
7999.98,5380.098265674596,2619.881734325403
167.44,199.0523712031984,-31.612371203198393
479.97,551.8835580336645,-71.91355803366446
14.62,-73.6689824802495,88.2889824802495
19.44,-25.215720290882246,44.65572029088224
191.984,252.4674483191668,-60.4834483191668
104.01,229.63280750910621,-125.62280750910621
284.82,852.1806092413663,-567.3606092413663
36.84,16.566228876332616,20.273771123667387
166.24,431.755599738691,-265.515599738691
33.4,88.20918870292257,-54.809188702922576
198.272,319.23375453748554,-120.96175453748555
47.36,56.4134988369874,-9.053498836987401
200.984,289.9736016328725,-88.98960163287248
97.696,101.0910618050084,-3.395061805008396
2.696,-132.59423209809938,135.29023209809938
18.588,-26.442403251542828,45.03040325154283
4.896,1.8268750947365788,3.069124905263421
15.072,-13.589219358360879,28.661219358360878
209.88,225.79759007617645,-15.917590076176452
369.912,385.78973840265917,-15.87773840265919
10.368,-67.43196949745175,77.79996949745174
166.84,201.8121145578184,-34.9721145578184
15.216,-78.28827173101104,93.50427173101103
119.96,121.15743350984394,-1.1974335098439468
883.92,640.1022856291863,243.81771437081363
46.72,244.4575238925015,-197.7375238925015
55.48,37.98178153632216,17.498218463677837
24.448,28.479477924045796,-4.031477924045795
281.34,321.2446504368811,-39.90465043688113
307.98,461.66867243566685,-153.68867243566683
299.97,340.24990378844564,-40.27990378844561
19.92,89.5451819517964,-69.62518195179639
9.94,-89.56283092150306,99.50283092150306
103.056,98.59058657201217,4.465413427987826
59.808,39.56794992255482,20.240050077445183
73.32,180.3346844274124,-107.01468442741242
146.82,142.64132102106828,4.178678978931714
1652.94,1908.2149028183499,-255.2749028183498
296.37,325.16540659880434,-28.795406598804334
129.92,180.65003086144134,-50.73003086144135
45.584,201.65193876441867,-156.06793876441867
17.568,-55.281736604103116,72.84973660410311
55.992,58.31066275979401,-2.318662759794016
182.72,323.9319579038081,-141.2119579038081
400.032,555.9105238896136,-155.87852388961363
33.63,1.7078379681142906,31.922162031885712
542.646,607.6330325308877,-64.98703253088775
6.3,-86.88437470427016,93.18437470427016
242.94,251.91495860688678,-8.974958606886787
179.97,194.95574334104936,-14.985743341049357
99.696,190.05645119626547,-90.36045119626547
27.936,42.46961353254369,-14.53361353254369
84.98,165.68961252941426,-80.70961252941426
18.72,85.59269349645683,-66.87269349645683
49.98,3.6897693552307373,46.29023064476926
11.784,-29.965971799704676,41.749971799704674
272.736,258.34356522385815,14.39243477614184
3.54,-17.997960553379926,21.537960553379925
51.52,125.88527584015401,-74.365275840154
3.528,-124.39818756652176,127.92618756652176
4.624,-121.9989750886075,126.62297508860749
55.168,80.90455059651003,-25.736550596510035
567.12,519.2987407609141,47.82125923908586
359.32,322.2926075828534,37.02739241714659
11.992,-97.3087907132442,109.30079071324421
58.05,29.247345080083505,28.802654919916492
157.74,452.5716178698726,-294.8316178698726
56.98,204.64542683789227,-147.66542683789228
2.88,-144.46743250627742,147.3474325062774
1199.976,1429.2722219292373,-229.29622192923716
79.92,90.89406240093922,-10.974062400939218
383.438,300.1773152357973,83.26068476420267
24.56,-37.936231178681055,62.49623117868106
119.8,135.8425585793334,-16.042558579333402
13.128,-17.359253621064454,30.487253621064454
22.72,38.516182511038096,-15.796182511038097
58.32,302.1570059813912,-243.8370059813912
12.39,-35.37585913314024,47.76585913314024
107.982,97.30357986775971,10.67842013224029
11.36,-115.70536540546163,127.06536540546163
50.94,14.31510706163931,36.62489293836069
646.74,563.3353523232923,83.40464767670767
5.64,-45.58153399461503,51.22153399461503
572.58,453.92511526312046,118.65488473687958
310.88,452.9815024785876,-142.10150247858758
641.96,1064.8493426572538,-422.8893426572538
18.28,-66.52662155464668,84.80662155464668
207.0,212.93702161010083,-5.937021610100828
32.35,80.45411267919849,-48.10411267919849
7.71,-125.40952735399605,133.11952735399606
40.3,-15.855604769040156,56.15560476904015
34.58,189.36631755124859,-154.7863175512486
32.76,208.37964486717465,-175.61964486717466
544.008,587.9016312425474,-43.89363124254737
59.94,22.63391318090953,37.30608681909047
23.92,25.923188330134053,-2.0031883301340514
4.28,-139.8563699316769,144.1363699316769
32.07,116.49303015557734,-84.42303015557735
24.0,-37.54010938115516,61.54010938115516
35.49,1.4586442189715854,34.03135578102842
47.984,1.3927714591843596,46.59122854081564
186.69,201.32100445432593,-14.631004454325932
17.456,-70.23495848136554,87.69095848136554
348.928,516.7054097259434,-167.77740972594336
143.96,163.93384400678883,-19.973844006788823
15.42,-77.44561575160446,92.86561575160447
43.04,256.09726086078103,-213.05726086078104
332.94,381.1912947812807,-48.251294781280706
1363.96,1019.2549466457988,344.70505335420125
9.96,-77.58508516395204,87.54508516395205
21.72,32.79846925994366,-11.07846925994366
20.16,177.2722610851663,-157.1122610851663
132.79,252.23451296309736,-119.44451296309737
12.96,-70.43175170832455,83.39175170832456
21.56,181.95497351876998,-160.39497351876997
283.92,273.49954769176,10.420452308240044
22.23,-75.90138853865801,98.13138853865802
215.968,277.85383266348026,-61.88583266348027
355.32,452.5472771293621,-97.22727712936211
12.96,-72.77882234049252,85.73882234049253
18.28,-66.59489946812892,84.87489946812892
43.176,17.752149382100697,25.423850617899305
1983.968,1776.6038593411963,207.36414065880376
28.4,-48.333856992953315,76.73385699295332
149.97,140.18224713984523,9.787752860154768
11.52,28.091578585034085,-16.571578585034086
1298.55,1060.0883184110658,238.4616815889342
213.92,219.8492798011414,-5.929279801141405
25.78,-35.846402198883425,61.626402198883426
18.28,-66.88113203440389,85.16113203440389
1399.93,1045.2580837611638,354.6719162388363
51.84,252.46737805489647,-200.62737805489647
5.344,-118.6315421214224,123.9755421214224
41.472,254.99214985940353,-213.52014985940352
3.168,17.520376705171884,-14.352376705171885
1228.465,916.0165521591979,312.44844784080203
31.086,39.36246042201765,-8.27646042201765
335.52,347.8964888013261,-12.376488801326104
239.97,260.7000785689488,-20.730078568948812
9.82,-73.22719211423214,83.04719211423213
67.8,80.62056170369169,-12.820561703691695
167.97,163.92751064514096,4.042489354859043
35.0,187.8190650164188,-152.8190650164188
37.24,51.92082983918999,-14.68082983918999
15.28,-68.4821034588847,83.7621034588847
301.96,446.7171397538998,-144.75713975389982
180.66,184.67655048217307,-4.0165504821730735
191.98,245.27554877521925,-53.29554877521926
65.99,84.4564559885689,-18.46645598856891
35.216,-20.70509559130869,55.92109559130869
23.696,-45.07057930758174,68.76657930758174
265.475,740.2255760178433,-474.7505760178433
51.184,110.8112398591154,-59.627239859115406
9.664,-66.26561789088146,75.92961789088146
21.072,1.1971821865670336,19.874817813432966
60.45,46.007643744521374,14.442356255478629
11.52,34.88392036823711,-23.363920368237114
186.048,193.89866716686925,-7.850667166869243
37.44,40.044888862623566,-2.604888862623568
26.976,26.575639357407226,0.4003606425927728
11.36,-77.5473377817998,88.9073377817998
14.62,-81.77314488819093,96.39314488819093
83.72,220.78946538161176,-137.06946538161176
287.94,319.66011660854633,-31.720116608546334
48.896,64.39939155505544,-15.503391555055444
115.36,244.93131370930064,-129.57131370930063
5.16,-80.59957758191717,85.75957758191717
38.88,138.27696265576878,-99.39696265576879
185.88,248.50090385951194,-62.62090385951194
44.46,-7.373645349779963,51.833645349779964
242.94,247.56135266261572,-4.62135266261572
39.96,-19.368306762276916,59.32830676227692
102.3,380.16355663385866,-277.86355663385865
21.36,-48.71854297769028,70.07854297769028
7.61,-121.53117892344699,129.141178923447
7.16,-84.51203834268017,91.67203834268017
7.36,-72.66419388628196,80.02419388628196
23.1,-49.74495783727707,72.84495783727706
191.472,232.66518171175062,-41.19318171175061
5.248,-81.11208090475134,86.36008090475134
59.184,4.816411673431048,54.36758832656895
2.89,-125.12457554134471,128.0145755413447
51.94,47.31066629205861,4.6293337079413845
15.936,32.24414241885188,-16.30814241885188
44.91,180.28675123085577,-135.37675123085577
1141.47,592.5935594664136,548.8764405335864
280.782,272.7154260250277,8.0665739749723
34.44,-2.593729810837658,37.033729810837656
11.36,-63.02778222669008,74.38778222669008
106.344,243.05949524938387,-136.71549524938388
192.16,224.1055679671349,-31.945567967134906
322.59,352.7885077678295,-30.19850776782954
29.99,-51.695184191665476,81.68518419166547
371.97,404.44998123262326,-32.47998123262323
5.892,63.66549692395597,-57.77349692395597
68.472,48.503204229824405,19.96879577017559
1242.9,1002.0790311132287,240.82096888677142
30.84,-23.90787691964988,54.74787691964988
13.48,18.928652032065884,-5.448652032065883
31.4,85.4080689958389,-54.008068995838904
17.46,-48.401296758627495,65.8612967586275
13.944,-28.64999852229016,42.593998522290164
83.76,471.0624163822422,-387.3024163822422
37.66,188.36941362492507,-150.70941362492508
34.68,143.76339705223518,-109.08339705223517
149.95,189.12511428212974,-39.175114282129755
51.312,28.17993771487727,23.13206228512273
4.54,-138.97668004775778,143.51668004775777
15.92,21.26235323908395,-5.34235323908395
543.92,495.1188764253733,48.80112357462667
155.82,258.2383502957091,-102.4183502957091
70.008,36.723369433110975,33.28463056688902
15.648,-92.52335125648642,108.17135125648642
103.6,232.3455164846498,-128.7455164846498
46.96,244.45967737254887,-197.49967737254886
8.904,-37.65451691197063,46.55851691197063
10.44,71.5676570358471,-61.12765703584711
18.336,94.73460700594501,-76.39860700594501
323.976,332.55279389358066,-8.576793893580657
20.04,-23.23759285390497,43.27759285390497
64.96,24.64067186610896,40.319328133891034
12.96,-79.91609019897555,92.87609019897556
323.136,310.95567037844285,12.180329621557178
90.93,236.90307042330528,-145.97307042330527
52.776,30.7669586982297,22.009041301770303
1199.8,1140.191804917272,59.60819508272789
1928.78,1393.469695378322,535.3103046216779
352.38,531.1242133830751,-178.74421338307513
22.2,133.52519829252014,-111.32519829252014
46.94,21.416348719073312,25.523651280926686
143.73,348.62430049937257,-204.89430049937258
99.918,99.85244475515992,0.06555524484008401
797.944,689.0632486857958,108.88075131420419
8.568,53.81496978178643,-45.24696978178643
149.352,148.0320239366256,1.319976063374412
12.992,-85.45485298122253,98.44685298122253
24.56,-32.73138548752081,57.29138548752081
85.14,63.48768174598763,21.65231825401237
21.99,-69.04029480871145,91.03029480871145
406.6,384.27283393894277,22.327166061057255
841.568,1432.2885870845018,-590.7205870845019
15.552,-15.21378527705815,30.76578527705815
252.0,259.5391156915091,-7.539115691509096
46.2,70.4461736868941,-24.246173686894096
28.84,-28.841492504786174,57.68149250478618
14.592,-16.85005112136878,31.442051121368777
89.856,74.1880663185309,15.667933681469094
13.872,-25.740861285387155,39.612861285387154
12.192,-19.73829115020908,31.93029115020908
45.056,258.0135944520084,-212.95759445200844
29.718,176.50959923823825,-146.79159923823826
15.552,-13.60681887860278,29.15881887860278
447.696,693.4724554901161,-245.77645549011606
159.99,406.447926729076,-246.457926729076
12.96,-72.51724497738428,85.47724497738429
134.48,143.44649642383592,-8.966496423835935
17.12,-71.44680543434652,88.56680543434652
6.096,-77.96292414779418,84.05892414779419
1114.272,980.9916351238325,133.28036487616748
32.4,104.83639303403402,-72.43639303403401
540.57,634.4404815080059,-93.87048150800581
167.76,217.03664303559594,-49.27664303559595
393.165,354.9267864699905,38.238213530009546
516.488,438.95514992641984,77.53285007358022
1007.232,731.7943188409938,275.43768115900616
2065.32,824.8664676744314,1240.4535323255686
15.552,-10.802837017198044,26.354837017198044
25.344,144.1028776238611,-118.75887762386111
25.472,35.386956125314555,-9.914956125314554
27.168,-23.156508328556583,50.32450832855658
78.8528,68.28296700473697,10.569832995263027
173.8,207.63313549259033,-33.833135492590316
29.592,-45.36906220146602,74.96106220146602
4.752,-52.61354694115971,57.365546941159714
15.552,-24.156816395586475,39.708816395586474
204.6,270.3601744678074,-65.76017446780739
321.568,467.74037121236256,-146.17237121236258
6.24,-90.843012621355,97.083012621355
21.88,-68.31123756195848,90.19123756195847
4.608,-94.15071805723983,98.75871805723983
9.82,-82.27110596310081,92.0911059631008
35.97,1.2087511102779445,34.761248889722054
12.96,-80.11247809507381,93.07247809507382
191.6,199.74907557307915,-8.149075573079159
8.64,-45.43230850880991,54.07230850880991
501.81,531.6371997004076,-29.82719970040756
127.104,206.2572855979006,-79.15328559790059
124.2,112.56932901017967,11.63067098982033
18.588,-21.405991884076457,39.99399188407646
30.072,0.8500369449791378,29.22196305502086
160.93,258.16005846879784,-97.23005846879784
75.792,53.4304240415845,22.3615759584155
1.08,-46.08561722597369,47.16561722597369
3059.982,5292.116921093748,-2232.134921093748
3.282,-41.558840568294954,44.84084056829495
34.02,-9.936577715405747,43.95657771540575
599.292,502.15680432289025,97.13519567710978
3.392,-130.1853753027017,133.57737530270168
559.984,876.7459635273772,-316.76196352737713
603.92,505.21230344494097,98.70769655505899
7.968,-68.0999460018893,76.0679460018893
27.968,49.62074062513443,-21.65274062513443
336.51,377.8518535520509,-41.34185355205091
1.112,-14.372915871244231,15.484915871244231
520.05,455.4812371981079,64.56876280189203
17.97,-9.738796552657732,27.70879655265773
1166.92,903.3355946026335,263.5844053973666
14.624,-71.33854691933357,85.96254691933356
10.23,-35.732010372183595,45.9620103721836
154.9,186.38868255101124,-31.488682551011237
2715.93,1946.1740473557338,769.755952644266
617.97,734.8132987398131,-116.84329873981312
10.67,-104.23839358948999,114.90839358948999
36.63,14.542760560944089,22.087239439055914
24.1,90.80306070472352,-66.70306070472353
33.11,194.7847343286753,-161.6747343286753
44.02,0.7402645865358863,43.27973541346412
2309.65,1554.592431682688,755.0575683173122
1090.782,618.5385012880035,472.2434987119964
19.44,-17.747189682189855,37.18718968218985
484.65,543.2675247157384,-58.617524715738455
115.296,111.21233380295666,4.0836661970433425
7.08,-38.41335812596458,45.493358125964576
4.401,2.371898491470347,2.029101508529653
44.75,100.88919775859426,-56.139197758594264
95.984,67.46163946952584,28.52236053047416
151.72,155.31164606582433,-3.591646065824335
155.25,159.73505378571258,-4.48505378571258
14.03,-83.92010393980672,97.95010393980672
1618.37,1051.438908578219,566.9310914217808
99.6,215.61966053748438,-116.01966053748438
32.4,81.0188156485624,-48.618815648562396
13.96,-65.79768989025433,79.75768989025434
155.82,160.51282936871098,-4.6928293687109885
124.95,167.19935587785858,-42.24935587785858
601.65,532.4378290608998,69.21217093910013
22.74,-20.61958348029998,43.359583480299975
1267.53,1504.3964232881892,-236.86642328818925
1379.92,1037.5492171851063,342.3707828148938
6.208,-70.56349543145507,76.77149543145507
11.808,-83.86493328248685,95.67293328248684
15.552,-21.716914571621828,37.26891457162183
63.312,42.177986377695106,21.13401362230489
15.588,-30.201003373348385,45.789003373348386
177.2,181.37108879539892,-4.17108879539893
197.97,207.75466158977338,-9.784661589773378
854.94,1002.1707765502827,-147.2307765502826
124.11,339.7534813035868,-215.64348130358678
14.4,76.35010255480279,-61.95010255480279
15.696,-18.29773459378407,33.99373459378407
2.628,-50.24876222133071,52.87676222133071
14.427,12.36622329795955,2.0607767020404495
86.62,71.52283782415975,15.097162175840253
36.624,-10.190781512906142,46.814781512906144
23.968,191.11798474654825,-167.14998474654826
28.728,-7.984525043465055,36.71252504346506
697.16,656.9775709680653,40.1824290319347
31.86,-31.440361801206564,63.30036180120656
722.352,814.1668495441827,-91.81484954418272
8.84,61.35629215660947,-52.51629215660947
58.464,343.26745225816353,-284.80345225816353
254.604,606.8541903330978,-352.25019033309775
1363.96,1018.9022117684914,345.05778823150865
102.36,85.32468133399516,17.03531866600484
1113.504,800.9663413597015,312.53765864029845
99.99,203.21622463900462,-103.22622463900463
168.464,202.83864621721705,-34.37464621721705
6.72,-79.9366925760446,86.6566925760446
282.888,410.23767211893073,-127.34967211893076
11.16,-72.70805311736149,83.86805311736148
108.4,108.78329500211294,-0.38329500211293066
82.344,60.56281249072049,21.781187509279505
9.088,21.602407931457265,-12.514407931457265
19.936,29.176218967613067,-9.240218967613067
65.568,21.630172017935138,43.93782798206486
4.416,-19.221247547623307,23.637247547623307
107.772,112.82442734957954,-5.052427349579531
45.216,27.91931710606127,17.29668289393873
10.416,205.12262578176205,-194.70662578176206
7.872,-19.850703513748158,27.722703513748158
118.782,113.8610989382214,4.9209010617785935
1.448,-126.65896440175402,128.10696440175403
55.47,137.83710535435807,-82.36710535435807
194.848,179.51619207556814,15.331807924431871
1.744,-121.93891867723664,123.68291867723664
25.176,70.97017999253126,-45.794179992531255
19.46,183.31795516121792,-163.85795516121792
29.472,-9.744386741002927,39.21638674100293
8.64,-71.58597083932227,80.22597083932227
6.27,107.05604517702432,-100.78604517702432
4.368,213.91505280695196,-209.54705280695197
31.984,-26.057370414776642,58.041370414776644
40.88,190.46837089815222,-149.58837089815222
119.96,134.19312294885685,-14.23312294885686
31.44,7.1435698745506215,24.29643012544938
6.88,-112.03758564263171,118.9175856426317
19.92,2.3988986732065314,17.52110132679347
1106.91,743.0221315610909,363.8878684389092
836.592,504.09691344562043,332.49508655437955
26.38,-83.91381923088124,110.29381923088124
362.92,557.2499065770229,-194.32990657702288
4899.93,3392.369852029631,1507.5601479703691
6.48,-138.74643901904437,145.22643901904436
71.976,51.21703820822199,20.758961791778006
3.15,-140.20049627674075,143.35049627674076
31.984,-21.242856319960993,53.226856319960994
71.984,40.78862474046264,31.195375259537357
120.15,337.8585038554395,-217.7085038554395
219.184,293.18717914772856,-74.00317914772856
28.9,91.52523836595492,-62.62523836595492
355.96,551.842704539194,-195.88270453919398
348.208,357.6653057464125,-9.457305746412487
35.784,221.5789623862313,-185.7949623862313
447.84,379.28554997500214,68.55445002499783
7.04,13.546757007986344,-6.5067570079863435
8.73,-41.04701001569583,49.777010015695836
29.29,-51.1471775006637,80.4371775006637
8.64,-34.179100157108905,42.819100157108906
2.694,39.318348346725315,-36.62434834672531
2.934,49.20118777823177,-46.26718777823177
22.92,-11.34319038369631,34.26319038369631
100.704,197.04159113479977,-96.33759113479978
2.328,-53.17901833109545,55.50701833109545
10.78,145.92238008996674,-135.14238008996674
58.368,432.8758257380298,-374.5078257380298
40.968,23.31407213053285,17.653927869467154
71.96,129.14901075256853,-57.189010752568535
10.368,-64.2300036936897,74.59800369368969
1.192,-3.297090217618006,4.489090217618006
46.672,-14.430548416116835,61.10254841611683
119.833,273.7268077479887,-153.8938077479887
119.98,120.74732800617426,-0.7673280061742531
6.3,-89.14395050059125,95.44395050059124
279.9,295.6217151728797,-15.721715172879726
619.95,525.4209006257628,94.52909937423726
4.36,-88.36995095308635,92.72995095308634
15.28,-72.62654788979535,87.90654788979535
699.93,575.84895026609,124.08104973390994
22.96,184.8609384346321,-161.90093843463208
38.6,53.79523137874685,-15.195231378746847
6.63,-27.13251949464643,33.76251949464643
23.34,-47.16014603170129,70.50014603170129
1067.94,1245.6937863966227,-177.75378639662267
10.16,-106.52844870808576,116.68844870808576
101.88,186.67292584973438,-84.79292584973439
343.92,335.77243834607157,8.147561653928449
40.99,2.2844158480900205,38.70558415190998
63.9,122.74859226265107,-58.848592262651074
19.44,-35.57455008172337,55.01455008172337
124.608,134.3769610080385,-9.768961008038502
7.56,-23.198772958393192,30.75877295839319
85.224,60.56690575543007,24.657094244569933
287.52,382.64864181283633,-95.12864181283635
37.68,-29.799405378690835,67.47940537869084
19.98,-62.12002737037142,82.10002737037142
20.58,179.91428223171988,-159.3342822317199
17.38,-71.7047638268848,89.0847638268848
204.6,277.37385195123557,-72.77385195123557
8.72,21.209680989769367,-12.489680989769367
6.48,-123.67747825156266,130.15747825156265
686.32,1146.5701479382635,-460.25014793826347
62.18,71.7379313369056,-9.557931336905604
644.076,1026.0968443137156,-382.02084431371554
5.84,-127.08838495773648,132.92838495773648
12.76,-82.86451088333524,95.62451088333525
10.95,-104.9076426408426,115.8576426408426
599.98,979.9474135592533,-379.96741355925326
8.352,136.9395147630769,-128.58751476307688
3.64,-79.73510344329861,83.37510344329861
159.768,275.5215048957475,-115.75350489574751
122.48,131.89231502698794,-9.41231502698794
2244.48,1437.1905500379564,807.2894499620436
62.31,35.28387182110919,27.026128178890815
455.1,719.5569695445727,-264.45696954457264
195.184,524.2013523748676,-329.01735237486764
362.94,409.655591451223,-46.71559145122302
11.54,-74.71458556177186,86.25458556177185
53.94,24.89349355314198,29.046506446858018
9.99,-109.96815385444461,119.9581538544446
125.76,117.87488286073426,7.885117139265745
25.32,85.08068849185065,-59.76068849185065
46.8,56.22321914564691,-9.423219145646911
447.93,474.41935901303873,-26.489359013038722
109.48,109.44972951636942,0.03027048363058782
272.94,279.7817956522133,-6.841795652213307
19.44,-20.266209026940032,39.70620902694003
31.92,47.3782548319507,-15.458254831950697
22.38,-50.27863859009426,72.65863859009426
16.52,79.04199863801682,-62.521998638016825
5.176,80.19855147953717,-75.02255147953717
50.112,151.4843878270733,-101.37238782707331
27.93,1.0986252542543298,26.83137474574567
11.56,20.488179836451536,-8.928179836451536
172.5,218.7311568686173,-46.23115686861729
179.97,181.0117798644137,-1.0417798644137122
258.696,280.26194809481603,-21.565948094816008
1322.93,941.6096703239907,381.32032967600935
3.76,-78.24527369163434,82.00527369163434
21.744,-75.95627229577872,97.70027229577872
7.92,76.10990315213462,-68.18990315213462
12.096,194.15207111493623,-182.05607111493623
485.88,423.6532171327724,62.2267828672276
25.92,50.77513551299535,-24.855135512995346
197.58,281.2778061750789,-83.69780617507891
81.92,85.61803042572092,-3.6980304257209156
889.536,621.5160471825629,268.019952817437
892.224,995.7002617882974,-103.47626178829739
223.92,227.278431243775,-3.3584312437750157
23.12,25.1988884515074,-2.0788884515073995
15.552,-30.439227943895958,45.99122794389596
15.712,25.263115429383106,-9.551115429383106
24.672,-50.91711863316141,75.5891186331614
55.968,49.16558099920667,6.802419000793336
431.928,469.5647382907398,-37.6367382907398
95.984,111.44434352982398,-15.460343529823987
1088.792,341.0906475892755,747.7013524107244
544.008,594.4566613209772,-50.44866132097718
1.872,4.309793270792397,-2.4377932707923975
854.352,936.307734057107,-81.95573405710707
593.568,922.4413074607778,-328.8733074607778
338.04,343.5875863456008,-5.5475863456007914
271.96,260.0873410285849,11.872658971415092
11.21,-100.13364459013542,111.34364459013543
9.144,-26.710341597994784,35.85434159799478
14.07,175.58177030265824,-161.51177030265825
41.86,201.17948948593357,-159.31948948593356
8.544,-75.43450951868363,83.97850951868362
579.136,523.81469409803,55.321305901969936
141.372,158.8652411629016,-17.493241162901597
3.036,-42.9571550434016,45.9931550434016
4.503,-84.50428665710592,89.00728665710592
4.672,-125.25168219729198,129.92368219729198
95.88,79.23509656670012,16.644903433299874
17.024,-46.26628296449826,63.29028296449826
258.696,279.8211468672273,-21.125146867227272
1931.958,985.4722750754779,946.4857249245222
249.75,388.5271007347576,-138.7771007347576
255.936,345.6254261413678,-89.68942614136782
113.79,98.69895760907002,15.091042390929985
78.15,122.39116079474388,-44.24116079474388
1.728,-144.63372615599087,146.36172615599088
40.56,12.952656428651153,27.60734357134885
182.94,176.39481361649814,6.545186383501857
193.86,248.49849726076832,-54.638497260768304
15.28,-75.30265222962566,90.58265222962567
8.73,-117.19673755592135,125.92673755592135
5.68,-82.59096042071087,88.27096042071088
2.78,-78.06248107129682,80.84248107129682
79.96,53.926308000994595,26.0336919990054
839.988,1355.0442554419824,-515.0562554419823
47.952,13.969211866497744,33.982788133502254
37.425,116.11851077233314,-78.69351077233314
63.968,21.687939129193865,42.28006087080614
165.048,157.42864081063317,7.619359189366833
12.35,-88.92725464637147,101.27725464637146
40.97,15.97759828135031,24.99240171864969
22.96,-42.04033607944416,65.00033607944417
22.0,47.16730706641329,-25.167307066413287
398.352,455.9928434618064,-57.64084346180641
8.72,23.405225461543523,-14.685225461543522
48.69,302.3925595915082,-253.7025595915082
764.688,588.8321295486614,175.85587045133855
3610.848,1499.2648974437118,2111.5831025562884
254.9745,258.87174175274663,-3.8972417527466234
38.82,141.5545934148074,-102.73459341480742
1141.938,771.9430811616487,369.9949188383514
1704.56,1123.1882915786373,581.3717084213627
3.2,-77.15422838097334,80.35422838097334
1099.96,1048.3246413662623,51.635358633737724
5.248,-70.24274737628025,75.49074737628025
35.91,20.48887619263428,15.421123807365717
6.696,-111.88477712139388,118.58077712139388
43.872,-9.267229016965757,53.13922901696576
27.882,29.513866001388124,-1.631866001388122
540.048,565.0538163166756,-25.005816316675578
255.68,358.961673027173,-103.28167302717299
863.88,977.4977268712013,-113.61772687120128
17.616,74.00634883836528,-56.390348838365284
17.472,-21.51002203826465,38.98202203826465
69.9,20.22738372297772,49.672616277022286
41.85,85.60153773553839,-43.751537735538385
6.57,-29.991266513549817,36.56126651354982
142.86,356.6769628521088,-213.81696285210876
292.272,302.6474097593491,-10.375409759349111
29.328,4.129038474420668,25.198961525579332
12.48,-81.3469806843782,93.8269806843782
102.336,106.07006245219077,-3.73406245219077
48.792,82.11181271030341,-33.31981271030341
44.848,285.09995173191896,-240.25195173191895
10.368,-74.5198456504304,84.88784565043039
388.43,317.7803181665131,70.64968183348691
14.352,-21.793358669800455,36.14535866980046
63.992,86.36473046491051,-22.37273046491051
86.352,75.8522624236391,10.4997375763609
32.97,-6.297371531486078,39.26737153148608
83.88,87.161287437694,-3.2812874376940044
278.4,287.42714782083,-9.02714782083001
15.12,-31.797446847715946,46.917446847715944
17.43,-65.00089080265775,82.43089080265776
251.64,257.6178686777314,-5.977868677731408
2.772,258.0677136287493,-255.2957136287493
14.9,99.03539702350713,-84.13539702350712
15.48,-13.319080209321328,28.79908020932133
39.88,-8.35360666209749,48.23360666209749
12.192,29.7540868527376,-17.5620868527376
20.82,-6.0057748478543544,26.825774847854355
13.216,9.714029991102052,3.5019700088979473
32.4,76.01244818244368,-43.61244818244368
32.94,6.647734280710438,26.29226571928956
114.2,163.7293288836845,-49.5293288836845
3.08,-134.71905897062675,137.79905897062676
845.728,745.9580984101784,99.76990158982153
13.904,-69.60117512914007,83.50517512914007
20.72,-51.51907223022249,72.23907223022249
114.95,153.69404829565588,-38.74404829565587
26.96,-51.53309951841561,78.49309951841562
572.76,513.3996427146301,59.3603572853699
286.38,326.0472522406287,-39.66725224062873
61.96,36.04274754667381,25.917252453326192
23.99,-58.72208853965958,82.71208853965958
287.97,305.9014823654081,-17.9314823654081
419.944,402.4232144369446,17.520785563055426
46.76,182.96875289135323,-136.20875289135324
17.712,-30.67547065326994,48.38747065326994
21.78,-60.946911167946155,82.72691116794616
161.94,147.66274886582346,14.277251134176538
161.568,186.98055358883062,-25.412553588830605
3.69,-132.27343621989417,135.96343621989416
122.12,135.39598636341157,-13.275986363411562
155.372,190.13694376167882,-34.76494376167881
38.88,141.01774665429593,-102.13774665429594
183.84,326.2401989209318,-142.40019892093179
579.3,475.70759383168684,103.59240616831312
14.2,-87.59390669357504,101.79390669357504
575.92,906.2713470753486,-330.3513470753486
5.184,151.3113761088473,-146.1273761088473
5.229,7.516569781706949,-2.2875697817069485
285.552,405.36217495421874,-119.81017495421872
72.8,120.74109986205826,-47.941099862058266
10.816,24.04136904014672,-13.225369040146719
46.26,25.209727567360233,21.050272432639765
17.46,195.86876303694726,-178.40876303694725
51.072,168.11663223992718,-117.04463223992718
11.34,-119.65236977696509,130.9923697769651
87.92,97.07447386757894,-9.154473867578943
37.05,7.603754409611611,29.446245590388386
2.97,-112.20651045881323,115.17651045881323
27.44,-36.15118930901713,63.591189309017125
1.08,39.265214103030075,-38.18521410303008
7.96,7.496776774198224,0.46322322580177566
140.736,293.944382045353,-153.208382045353
552.56,490.20097013952886,62.35902986047108
25.11,-13.94283500955521,39.05283500955521
29.78,-32.72395584970104,62.50395584970104
677.58,789.7172558107916,-112.13725581079154
75.04,266.4158508175112,-191.3758508175112
695.7,1077.7156731026478,-382.0156731026477
15.66,108.10327715568155,-92.44327715568156
28.854,159.64986723973652,-130.79586723973654
47.82,29.386192338543196,18.433807661456804
13.05,77.09636584733084,-64.04636584733085
93.78,84.2959029552892,9.484097044710808
47.18,202.46997673834676,-155.28997673834675
19.68,135.56506291185883,-115.88506291185882
53.4,355.2300876541726,-301.83008765417264
35.88,145.16387205007186,-109.28387205007186
258.279,241.32618430374623,16.952815696253765
31.4,-29.177001482457626,60.577001482457625
183.96,200.91055860754523,-16.95055860754522
17.61,-26.417174794987204,44.027174794987204
300.904,877.4061514460204,-576.5021514460204
220.776,208.00353192959778,12.772468070402226
281.424,464.8031252386086,-183.3791252386086
79.14,45.21219105268824,33.92780894731176
1.988,-98.60101693802449,100.58901693802449
145.568,169.6839741451338,-24.115974145133777
123.256,252.26595803671717,-129.00995803671717
23.68,45.57876776948183,-21.89876776948183
309.576,278.77611030372736,30.799889696272658
38.388,565.3485108383775,-526.9605108383774
95.994,78.27251483221767,17.721485167782333
239.952,246.7133926800759,-6.7613926800759145
201.584,253.35242822861164,-51.76842822861164
899.136,728.4489198164248,170.68708018357518
145.9,172.91717342172706,-27.01717342172705
590.058,239.01245618083885,351.04554381916114
14.04,-10.357207976846894,24.397207976846893
49.08,17.88202417075854,31.197975829241457
29.6,-47.06805493587922,76.66805493587921
17.088,26.494017140407095,-9.406017140407094
912.75,743.542036328012,169.20796367198795
1089.75,1306.6630260132679,-216.91302601326788
447.84,494.7015108284862,-46.861510828486246
16.4,93.76442451401977,-77.36442451401976
399.96,367.61592572757104,32.34407427242894
158.9,197.940778008674,-39.04077800867398
13.184,-93.69424301779145,106.87824301779145
83.952,72.74240794567822,11.209592054321774
80.98,126.43259170924671,-45.452591709246704
348.84,446.36000531196987,-97.5200053119699
9.45,71.03739826671153,-61.58739826671153
18.84,-26.58541955435726,45.42541955435726
239.98,321.18490762832994,-81.20490762832995
167.96,202.10109415406578,-34.14109415406577
104.85,76.4233022302626,28.426697769737387
484.83,537.3419109841881,-52.51191098418809
122.97,100.75761250020332,22.212387499796677
154.44,130.91481935758293,23.52518064241707
342.37,375.8959797012026,-33.52597970120257
9.552,-30.47493240433664,40.02693240433664
652.45,384.76591849715146,267.6840815028486
66.645,54.40909281664244,12.235907183357554
17.216,28.98845976306643,-11.77245976306643
11.56,-78.01965978269754,89.57965978269755
88.4,94.59791111585514,-6.197911115855135
6.48,-128.63483752762204,135.11483752762203
21.8,-44.984975698798735,66.78497569879873
251.79,288.9565682321313,-37.16656823213131
205.176,265.75873946039565,-60.58273946039566
419.4,405.8556970554271,13.544302944572905
10.304,-93.05842853929857,103.36242853929858
154.764,132.41060893294957,22.35339106705044
116.784,113.58858964077467,3.1954103592253347
75.48,50.44777558875899,25.032224411241017
39.98,-12.785755129981908,52.765755129981905
393.165,363.5677667459099,29.5972332540901
23.68,-47.08309278720458,70.76309278720458
408.006,626.7997123767357,-218.7937123767357
165.28,166.60411011936094,-1.3241101193609381
334.768,381.62993066163995,-46.861930661639974
239.97,241.12154600688336,-1.1515460068833647
37.74,1.9109889451699473,35.829011054830055
946.344,680.4430105249967,265.90098947500337
151.2,148.5773645826207,2.6226354173792856
4.928,43.5923420563804,-38.664342056380406
86.272,96.8908563873556,-10.618856387355592
72.588,51.678136006410796,20.909863993589198
60.672,19.514073690761506,41.15792630923849
77.031,323.2279235208689,-246.1969235208689
119.904,198.9026558615626,-78.99865586156261
263.96,257.1820824154188,6.777917584581189
363.648,306.09926895501167,57.54873104498836
9.728,-77.32127327392573,87.04927327392572
14.75,71.08228574983855,-56.33228574983855
29.8,88.40832457571037,-58.60832457571037
427.42,702.0435519263796,-274.62355192637955
220.752,326.5499178810478,-105.7979178810478
152.76,219.28701399055353,-66.52701399055354
7.27,-119.27254881650993,126.54254881650992
1819.86,1038.5594994110306,781.3005005889693
33.9,103.10721172198669,-69.20721172198668
31.104,148.53704631690925,-117.43304631690926
5.248,-66.49405462296545,71.74205462296545
263.88,277.0348464864553,-13.154846486455313
2453.43,1605.9464769239294,847.4835230760705
29.7,78.55559759224252,-48.85559759224252
39.96,53.11496590785532,-13.15496590785532
36.672,-26.419588285488317,63.091588285488314
13.76,-80.90440211923601,94.66440211923602
139.424,140.53216477141564,-1.1081647714156304
1979.928,1073.0002208718356,906.9277791281645
164.736,144.54901462924454,20.18698537075545
470.302,373.639942825341,96.66205717465903
47.984,-16.01294679407465,63.99694679407465
2.502,5.568609813690728,-3.066609813690728
88.752,71.53452506528879,17.217474934711205
2.025,-103.87008366373811,105.89508366373812
70.98,172.71585090345093,-101.73585090345092
91.68,64.02770058650162,27.652299413498383
33.75,83.0300653284853,-49.28006532848531
3040.0,2018.8256288827884,1021.1743711172116
91.2,64.43374108429202,26.76625891570798
452.94,498.9655750400136,-46.02557504001362
52.2,303.0615994970344,-250.86159949703443
15.936,36.05489240353495,-20.11889240353495
27.46,-55.476760590946014,82.93676059094602
55.424,21.519465007091185,33.904534992908815
244.006,327.0250722683934,-83.01907226839339
159.984,195.24846915356852,-35.26446915356851
1024.716,702.6195899623858,322.0964100376141
3.68,-88.98701876149016,92.66701876149017
121.376,128.16699054652076,-6.79099054652076
95.976,79.66627084775632,16.309729152243676
255.968,235.31260169008556,20.655398309914432
872.94,1023.0272964527526,-150.08729645275253
41.54,-27.14152619484821,68.6815261948482
12.96,-74.15634119212291,87.11634119212292
6.848,-64.04675860611565,70.89475860611564
8.67,-34.198374406072844,42.868374406072846
6.688,54.02420759602546,-47.33620759602546
17.28,143.21429725126745,-125.93429725126745
17.712,-13.436387620867208,31.148387620867208
28.91,191.26066171581647,-162.35066171581647
52.136,213.57464801658125,-161.43864801658125
31.968,41.693945682483445,-9.725945682483445
25.92,35.15297443240638,-9.23297443240638
40.46,193.95039947672558,-153.49039947672557
33.87,4.216660157781689,29.65333984221831
9.728,-60.92071668928065,70.64871668928065
3.424,-122.32660963637204,125.75060963637205
177.0,189.75720621966366,-12.757206219663658
3.76,-104.97040003259303,108.73040003259304
1212.848,799.615107524467,413.23289247553294
89.97,66.40327563446363,23.566724365536373
42.6,11.414923554714505,31.185076445285496
5.04,-67.14802922782997,72.18802922782997
62.96,79.75005692914033,-16.790056929140327
5.88,-125.04269722075378,130.92269722075378
977.292,740.1995667427088,237.0924332572912
9.64,-59.27794675890027,68.91794675890027
40.05,11.926894405295343,28.123105594704654
10.192,181.49485935866755,-171.30285935866755
16.784,-68.95397839233033,85.73797839233032
13.12,84.07898172782643,-70.95898172782643
18.16,71.5813663973704,-53.421366397370406
16.056,-10.690654073797987,26.746654073797988
223.056,394.37531233540017,-171.31931233540016
540.048,568.6262038142336,-28.578203814233575
33.52,-21.778488150052226,55.29848815005223
9.94,-71.32332211421704,81.26332211421703
6.72,10.295549791191434,-3.575549791191434
1004.976,639.5583724945162,365.4176275054838
17.88,-7.944998823435299,25.824998823435298
396.0,412.68919362090446,-16.68919362090446
34.5,-7.5929187005469885,42.09291870054699
8.36,-86.80971418126182,95.16971418126182
385.6,429.6155664007383,-44.015566400738294
35.82,293.25028550840557,-257.4302855084056
200.064,206.81947583281635,-6.755475832816359
21.38,144.58557249117916,-123.20557249117917
6.744,97.19173876925834,-90.44773876925834
63.686,96.74519118905118,-33.059191189051184
1669.6,1476.075748920946,193.524251079054
83.84,63.66876293118821,20.17123706881179
13.272,-16.737500908487846,30.009500908487844
21.336,173.7534652358254,-152.41746523582538
16.52,81.44991023527359,-64.9299102352736
206.112,256.51881078413453,-50.406810784134535
19.92,82.37248970495511,-62.45248970495511
198.272,330.6098852890052,-132.33788528900521
247.104,256.12210866648934,-9.018108666489326
86.304,179.76945905445177,-93.46545905445177
4.16,-66.19344124031318,70.35344124031317
11.648,-62.41439466312954,74.06239466312954
26.18,192.37422632793277,-166.19422632793277
7.3,-85.35224663516829,92.65224663516828
74.352,52.103613100800885,22.24838689919912
10.744,-95.77538470250329,106.51938470250329
8.376,-27.79234842708388,36.16834842708388
212.88,259.10508312877346,-46.22508312877346
203.983,259.65045909409264,-55.667459094092635
40.74,24.087263210072933,16.65273678992707
11.67,-17.754399761242667,29.424399761242668
39.99,-5.54931543448447,45.53931543448447
16.28,-66.78221983972617,83.06221983972617
782.94,912.7913096401822,-129.8513096401822
242.48,320.29113528536186,-77.81113528536187
8.32,69.96493691758246,-61.64493691758246
10.464,130.5214429186476,-120.05744291864761
82.896,60.53635733189071,22.359642668109288
34.24,42.6579179598225,-8.417917959822496
1573.488,1020.0414357724545,553.4465642275455
335.52,347.837667315119,-12.317667315119024
23.912,26.22156905265524,-2.3095690526552417
27.056,-21.468434875216644,48.52443487521664
559.992,1797.5258884127998,-1237.5338884127998
9.324,238.09999757920536,-228.77599757920535
111.96,112.74644335282665,-0.7864433528266517
21.56,177.23883045147954,-155.67883045147954
124.75,170.74482984625456,-45.99482984625456
5.28,-23.505528408916007,28.785528408916008
91.96,103.6666700344972,-11.706670034497208
9.344,-136.71279970127785,146.05679970127784
79.36,138.2563440385211,-58.89634403852109
171.96,217.4716896002583,-45.51168960025828
35.352,294.90554251245453,-259.55354251245456
18.9,124.71884453259304,-105.81884453259303
2.78,-134.7184151628237,137.4984151628237
1044.63,685.5411440897115,359.08885591028866
11.352,-22.706538311523445,34.05853831152345
354.9,316.04825939372677,38.85174060627321
453.576,504.9968249481624,-51.42082494816236
21.48,-6.584651081961056,28.064651081961056
8.784,89.09721242541923,-80.31321242541922
122.97,101.78299139699152,21.18700860300848
12.84,-24.527126420999366,37.36712642099937
603.92,458.07799119118545,145.8420088088145
21.84,-21.210288515339926,43.05028851533993
29.99,-45.68575159051602,75.67575159051601
381.44,562.2597712844563,-180.8197712844563
40.68,28.197278449799114,12.482721550200885
763.28,589.1295419794432,174.1504580205568
23.952,-43.65209678187466,67.60409678187466
4.98,-138.60412981019476,143.58412981019475
170.88,171.82485879397495,-0.9448587939749586
307.98,453.0949202279942,-145.11492022799416
382.806,389.39370781576827,-6.587707815768283
41.96,-12.220142032926788,54.18014203292679
1217.568,2113.3749303656814,-895.8069303656814
47.04,18.523538158671727,28.516461841328272
6.16,-90.85816936821448,97.01816936821447
979.95,821.3375905225132,158.61240947748684
143.7,138.94470670402598,4.755293295974013
10.65,-32.852065222004285,43.50206522200428
247.8,240.87252240190378,6.927477598096232
10.96,36.12135610439873,-25.161356104398727
33.488,202.70471219632623,-169.21671219632623
8.04,74.08029482558527,-66.04029482558528
201.568,211.7535394729366,-10.185539472936597
13.44,-33.3721351392378,46.812135139237796
359.058,363.3791406354833,-4.321140635483289
47.992,6.249630230373668,41.74236976962633
547.3,691.4939298941536,-144.1939298941536
16.896,36.81386993509341,-19.917869935093407
6.672,-107.60775615368357,114.27975615368356
99.136,111.41814028042472,-12.282140280424727
15.992,-18.3258545937897,34.317854593789704
211.96,277.68259571745966,-65.72259571745965
6.672,-19.70397438304417,26.37597438304417
155.94,222.65064684628715,-66.71064684628715
39.96,95.16804318609661,-55.20804318609661
5.46,-30.78921741086174,36.24921741086174
73.2,123.15673957432159,-49.95673957432159
5.84,-130.63538629455616,136.47538629455616
22.72,27.922603581849444,-5.202603581849445
9.336,-30.273903745287498,39.6099037452875
290.666,419.1118484725964,-128.44584847259642
201.584,261.43896107382375,-59.854961073823745
83.984,57.72328975045366,26.260710249546335
1000.02,756.7167992212422,243.30320077875774
83.976,76.7093971973361,7.266602802663897
3.75,-134.60531306719486,138.35531306719486
41.4,52.22269788871904,-10.822697888719041
29.79,-3.583979994445599,33.3739799944456
59.48,22.319964629083643,37.160035370916354
6.69,-124.61499853501095,131.30499853501095
198.46,282.13885798253864,-83.67885798253863
786.48,696.5570140422432,89.92298595775685
23.168,-40.52498369670843,63.69298369670843
50.0,11.154460699367974,38.845539300632026
675.96,560.3629053011923,115.59709469880772
1265.85,1576.0928599700487,-310.2428599700488
523.25,479.9076171429108,43.342382857089206
517.5,471.7164610416569,45.783538958343115
17.92,91.57399183669895,-73.65399183669895
41.256,175.71643459886832,-134.46043459886832
1006.056,1124.847816609907,-118.79181660990707
10.688,-84.83196380019285,95.51996380019285
10.368,-82.29404310940117,92.66204310940117
25.12,-45.035041224358565,70.15504122435857
58.112,5.501511354559398,52.610488645440604
15.552,-7.318438332028791,22.87043833202879
669.08,494.79700312330544,174.2829968766946
438.336,386.2150095213335,52.1209904786665
19.44,-15.382144943178218,34.822144943178216
9.64,-81.41732019198139,91.05732019198139
12.7,-69.50897444956445,82.20897444956445
41.37,13.282705280688333,28.087294719311664
12.624,-93.52650313475851,106.15050313475851
1247.64,1492.0767583170516,-244.4367583170515
3149.93,2218.2124977798294,931.7175022201704
209.7,295.50477439625524,-85.80477439625525
35.36,-23.537852253740766,58.897852253740766
3.168,-63.951552047931045,67.11955204793105
121.104,200.19419084962965,-79.09019084962965
45.894,35.45967700378537,10.434322996214625
109.92,105.65969878633518,4.2603012136648175
13.36,-73.47570244700523,86.83570244700523
169.68,235.65276871333754,-65.97276871333753
132.52,143.23489191908243,-10.714891919082419
2.96,-87.22274683798855,90.18274683798855
8.448,-75.64298797216611,84.09098797216612
95.94,82.04826999100806,13.891730008991942
34.79,194.08267149046628,-159.2926714904663
160.776,154.23311270441855,6.542887295581465
88.752,87.11114325126732,1.6408567487326735
13.904,-50.49327403101529,64.39727403101529
677.58,495.0604775777458,182.51952242225423
13.896,17.31954782913408,-3.4235478291340797
41.92,106.00000026388284,-64.08000026388284
297.576,307.8486166349378,-10.272616634937776
4.344,-23.18907984262046,27.53307984262046
94.992,85.72374497812643,9.268255021873571
74.352,58.068896484742254,16.28310351525775
14.04,-7.900998030937444,21.940998030937443
1018.104,765.9872967624502,252.1167032375498
16.68,-7.883879435154995,24.563879435154995
58.58,12.541874404544387,46.03812559545561
167.968,178.50942204743478,-10.541422047434793
196.62,271.70007435526827,-75.08007435526827
21.936,-17.942586268586183,39.87858626858618
6.588,43.938780951020135,-37.350780951020134
104.28,92.56616506748196,11.71383493251804
17.94,-18.688376902922755,36.62837690292275
64.784,98.12480514935532,-33.34080514935532
32.382,13.451228840027625,18.930771159972373
42.368,-1.307030742356801,43.6750307423568
399.54,224.77787493589904,174.76212506410099
18.97,-88.27817836347867,107.24817836347867
14.82,-23.98864705303322,38.80864705303322
99.28,88.9331589808744,10.346841019125605
1.188,-47.79011297135071,48.97811297135071
7.518,-39.15640628890537,46.674406288905374
10.368,-73.54505963544375,83.91305963544374
310.88,450.87821767671585,-139.99821767671585
853.092,546.4460516985857,306.64594830141425
33.45,86.57116175775423,-53.12116175775422
10.4,67.69927904969995,-57.299279049699955
21.88,91.44048777214016,-69.56048777214016
13.616,-55.784874699404554,69.40087469940455
63.96,76.24043510993715,-12.280435109937152
14.46,-26.71248607085704,41.17248607085704
104.98,98.3984045469515,6.581595453048507
106.96,103.41766848937755,3.5423315106224464
21.56,183.6522104285266,-162.09221042852658
515.88,453.1173294947953,62.76267050520471
11.808,-73.56772599722467,85.37572599722466
1931.04,1121.9440171684244,809.0959828315756
9.96,-107.90265389322212,117.86265389322213
12.35,35.16903565664143,-22.819035656641425
9.702,-9.632506449370794,19.334506449370792
11.61,-23.711507195368995,35.321507195368994
43.86,152.9592270353603,-109.0992270353603
148.48,172.60510816558985,-24.125108165589864
7.42,-77.1110602626909,84.5310602626909
71.992,116.39834900364963,-44.40634900364962
19.9,84.98495854090629,-65.08495854090629
1702.12,1136.6470961809582,565.4729038190417
14.304,140.1660347300683,-125.8620347300683
765.625,374.04406042141886,391.58093957858114
307.666,438.4449782292779,-130.77897822927793
7.712,-78.49496071571434,86.20696071571435
242.9,261.26497043129325,-18.364970431293244
454.9,389.396538287401,65.503461712599
35.92,51.68090157855727,-15.760901578557267
39.76,248.9539737414018,-209.1939737414018
47.744,62.20889739201266,-14.46489739201266
159.984,193.87873818088474,-33.89473818088473
255.968,251.10222681818118,4.86577318181881
359.058,363.04392205513295,-3.98592205513296
434.352,472.7139798228329,-38.36197982283295
3.552,-74.86572609718723,78.41772609718724
88.832,103.63880178247882,-14.806801782478828
1048.35,766.7352123675513,281.6147876324486
100.0,107.96335435677406,-7.963354356774062
7.83,-34.67977575989403,42.509775759894026
96.256,285.8301803454549,-189.5741803454549
10.688,-66.91631830631923,77.60431830631923
338.04,348.04681526898094,-10.006815268980915
154.24,162.59187896674712,-8.351878966747108
34.848,-21.80788940687421,56.65588940687421
22.0,94.44580827703408,-72.44580827703408
4.368,-21.279836632401157,25.64783663240116
31.44,-2.2002279585867655,33.64022795858676
17.9,-61.44489467737412,79.34489467737413
129.45,167.999422017833,-38.549422017833024
20.88,232.06157312074038,-211.18157312074038
20.736,43.61511730642383,-22.879117306423826
7.168,-58.61885592553131,65.78685592553131
11.168,-42.81658190178791,53.98458190178791
442.4,391.050847014332,51.349152985667956
13.36,-68.79580426186908,82.15580426186908
11.232,267.7751539233841,-256.5431539233841
10.272,-53.46520171652833,63.737201716528325
10.368,-60.53783696038818,70.90583696038817
6.24,-10.050927043721686,16.290927043721688
206.962,277.57561494033143,-70.61361494033144
9.46,-85.7997088025079,95.2597088025079
559.62,528.2494614085081,31.370538591491936
109.92,97.40871060068935,12.511289399310655
8.56,-91.87616428550996,100.43616428550996
360.712,539.7998223879489,-179.0878223879489
1718.4,1145.7134038099782,572.6865961900219
41.568,192.74927917366335,-151.18127917366337
46.864,4.87199708671119,41.99200291328881
19.536,-4.10851698989336,23.64451698989336
411.332,371.7305069913366,39.6014930086634
28.752,135.23257737775702,-106.48057737775703
293.199,295.60577979665163,-2.4067797966516196
35.06,-20.290727840337695,55.3507278403377
4.13,-128.78799636451004,132.91799636451003
109.8,339.55834416287485,-229.75834416287483
9.82,-69.18450515367476,79.00450515367476
7.644,67.60793218614936,-59.96393218614936
51.465,131.41812361613256,-79.95312361613256
6.976,32.133732395314155,-25.157732395314156
12.222,243.51409257787236,-231.29209257787235
97.984,82.80968094196055,15.174319058039444
62.4,152.7522714339466,-90.35227143394658
20.86,-59.33579548436364,80.19579548436364
497.61,515.2804460621979,-17.670446062197925
5.34,-76.08195659525904,81.42195659525905
3.15,-136.24028339342954,139.39028339342954
368.91,471.8728378584026,-102.96283785840257
14.7,74.33081820005668,-59.63081820005668
59.97,44.89602704509207,15.07397295490793
83.36,155.89281427096535,-72.53281427096535
6.58,-85.43504993313604,92.01504993313604
122.94,107.74370986372037,15.196290136279629
219.84,242.32092882052234,-22.480928820522337
98.16,190.01310191351013,-91.85310191351013
33.04,247.78273489525304,-214.74273489525305
86.97,78.66781239787974,8.302187602120256
134.97,135.66413203709567,-0.6941320370956703
699.98,1164.3619269982194,-464.38192699821934
139.95,179.47526257523464,-39.52526257523465
48.94,34.961516860530764,13.978483139469233
2807.84,1652.166467382958,1155.6735326170422
46.64,62.33233272091093,-15.692332720910926
60.416,32.86822239658386,27.547777603416137
107.94,94.44249655481462,13.497503445185373
63.84,259.45682040190945,-195.61682040190945
347.97,390.7039366480449,-42.733936648044846
37.008,140.28327701910825,-103.27527701910824
215.65,236.308268740318,-20.658268740317993
11.168,24.0557203935673,-12.8877203935673
53.952,31.534926450036664,22.417073549963334
4.18,-119.50402461577141,123.68402461577142
5.607,-79.40242025604584,85.00942025604584
4663.736,2059.5218011288757,2604.214198871124
79.984,55.94156957482255,24.042430425177443
2575.944,1506.5301723661516,1069.4138276338483
45.36,186.22993019409705,-140.86993019409704
254.24,312.27491806904413,-58.034918069044124
69.93,213.2572933858105,-143.3272933858105
16.156,218.97509359797618,-202.81909359797618
54.816,31.026863431543006,23.789136568456996
1441.3,966.1670027758355,475.13299722416446
77.6,137.04761183346295,-59.44761183346296
4.656,-74.03629883737949,78.6922988373795
170.136,161.70911883444228,8.426881165557717
7.38,-82.31069876119841,89.6906987611984
9.26,-73.10104003187757,82.36104003187758
9.96,-81.08376647309365,91.04376647309365
75.6,75.88628667332614,-0.28628667332614555
29.32,-1.1973648770124328,30.517364877012433
92.064,194.80491939083754,-102.74091939083755
6.976,15.769314139112339,-8.79331413911234
62.958,40.11129773804055,22.84670226195945
5.184,-131.9719057744369,137.1559057744369
31.32,385.5095807488583,-354.1895807488583
11.84,39.02040524602353,-27.18040524602353
22.784,-47.4729126219554,70.2569126219554
1127.976,1281.2582548008324,-153.28225480083233
38.88,135.99421481849504,-97.11421481849504
779.796,1186.1864037748453,-406.39040377484525
1439.92,962.5916563915513,477.3283436084488
262.11,764.374803892056,-502.26480389205597
207.0,215.2719600324615,-8.271960032461493
1439.982,1505.3264621717065,-65.34446217170648
36.288,199.64218066656167,-163.35418066656166
21.4,76.39201146380151,-54.99201146380151
1245.86,896.658577043704,349.2014229562959
17.544,-14.706708316093227,32.250708316093224
44.128,60.109199755147074,-15.981199755147074
62.92,81.41996785455012,-18.49996785455012
78.304,51.720859228999416,26.583140771000586
140.81,344.59754157988573,-203.78754157988573
40.096,54.276142932029416,-14.180142932029419
40.784,13.71609935472543,27.06790064527457
90.57,89.49246921939289,1.0775307806071055
40.08,135.72182142083284,-95.64182142083284
37.68,-33.985347032962636,71.66534703296264
362.352,371.9417542228623,-9.589754222862325
7.184,-102.59020956540621,109.77420956540621
34.76,-17.92873939508536,52.688739395085356
831.2,680.0833530896775,151.11664691032252
26.4,87.23728520027225,-60.837285200272255
106.75,238.03100750709336,-131.28100750709336
97.82,88.1917740306153,9.628225969384687
141.4,177.60764881824252,-36.20764881824252
14.52,-32.36132797603818,46.88132797603818
127.92,162.9371096287432,-35.0171096287432
34.24,97.96759072414761,-63.72759072414761
137.62,140.21121797959768,-2.5912179795976726
100.49,194.12599987112299,-93.63599987112299
257.568,348.960207901672,-91.39220790167201
119.96,124.5626254780675,-4.602625478067509
49.632,68.86122003102605,-19.229220031026053
727.45,422.83898900589907,304.611010994101
24.96,-2.4106377399116354,27.370637739911636
370.782,364.2535867220388,6.528413277961192
196.45,219.84095163204483,-23.390951632044846
31.104,152.5771051544359,-121.47310515443591
78.256,65.75484680196632,12.501153198033677
6.48,-116.12107093208533,122.60107093208534
99.2,147.99173291275565,-48.79173291275565
801.568,1287.7411073300236,-486.17310733002364
272.848,800.0808284426139,-527.2328284426139
70.98,122.32191609526535,-51.34191609526535
16.224,-90.54484439966791,106.76884439966791
176.784,465.37032609976677,-288.5863260997668
470.376,519.8580456786962,-49.48204567869618
393.568,342.6949317901617,50.873068209838266
302.376,319.2234615336804,-16.847461533680416
68.742,323.42570850928246,-254.68370850928244
29.34,-45.45955099094044,74.79955099094045
383.607,377.8470226350214,5.759977364978624
563.4,514.0763341600117,49.32366583998828
217.056,307.07406981702,-90.01806981702
6.0,-76.28594560566421,82.28594560566421
31.56,-1.2130281225843191,32.77302812258432
7.104,-118.69321450990378,125.79721450990378
398.352,305.3407594070634,93.01124059293659
121.792,126.30683420164678,-4.514834201646778
409.59,401.7607285396973,7.829271460302664
10.56,-78.91643128967667,89.47643128967667
3.38,-133.49247844371212,136.8724784437121
7.824,-152.52924197489438,160.3532419748944
24.784,-44.898763965643866,69.68276396564386
34.65,2.756787149969796,31.893212850030203
487.984,790.4921923220918,-302.5081923220918
1793.98,3213.655688955213,-1419.675688955213
29.808,-31.812202181211887,61.62020218121189
505.176,359.25752145230035,145.91847854769964
174.0585,160.49583462656392,13.56266537343609
191.88,245.79781416094033,-53.91781416094034
14.78,-68.12291460687698,82.90291460687698
5.184,-127.20191044219814,132.38591044219814
478.48,739.8474579977122,-261.3674579977122
28.4,-41.67165279238361,70.07165279238362
909.12,611.0294420137159,298.0905579862841
2.952,-53.00654945453675,55.95854945453675
27.018,164.08473849082566,-137.06673849082566
136.92,132.852698785754,4.067301214245987
18.96,-51.98616359767766,70.94616359767767
99.39,81.65500041644896,17.734999583551044
273.896,334.5151613548078,-60.61916135480777
597.132,660.997898053748,-63.86589805374808
149.95,171.64091925677917,-21.690919256779182
4.608,-88.74327968271018,93.35127968271019
15.528,-31.4119441556968,46.9399441556968
11.952,-29.933219723862976,41.885219723862974
11.65,79.79157418882983,-68.14157418882982
299.9,444.7604354039395,-144.8604354039395
895.92,772.6009522424811,123.31904775751889
462.564,723.248342189351,-260.68434218935096
15.008,-51.13113796443099,66.13913796443099
863.64,645.6443811791991,217.99561882080093
47.616,23.938126271615147,23.677873728384853
92.94,69.43072747478027,23.50927252521973
199.98,264.04094323126833,-64.06094323126834
177.48,174.34470221006404,3.1352977899359473
88.768,59.32933916099364,29.43866083900636
6.48,-123.79079363171923,130.27079363171921
46.51,31.14385264394491,15.366147356055087
659.976,730.6759663901919,-70.69996639019189
271.992,788.9362435581054,-516.9442435581054
145.74,134.8526025897188,10.88739741028121
15.4,64.79688897333108,-49.39688897333108
244.55,272.40899575258436,-27.85899575258435
166.16,317.60494976698055,-151.44494976698056
14.73,-22.02384061158068,36.753840611580685
19.968,-33.10484607906574,53.07284607906574
33.488,193.86407874556244,-160.37607874556244
8.736,52.57251197339019,-43.83651197339019
662.88,730.2429404953388,-67.36294049533876
47.36,52.34717607958214,-4.987176079582142
27.44,-42.59366924541678,70.03366924541677
3.24,340.6193166347382,-337.3793166347382
95.968,109.04448137644476,-13.076481376444761
10.368,-66.04701481925031,76.4150148192503
23.1,-48.32531666717955,71.42531666717954
11.54,-66.97551966325,78.51551966324999
254.526,707.6714633120365,-453.1454633120365
12.98,-98.95567223245484,111.93567223245485
26.432,231.60647650525675,-205.17447650525676
197.97,205.60931208189345,-7.639312081893451
18.9,125.56128389219543,-106.66128389219543
1282.41,1012.2630666584278,270.1469333415723
4.92,-35.89795077268309,40.81795077268309
238.0,327.3049196957029,-89.30491969570289
167.97,164.68430051150017,3.28569948849983
17.12,25.818315499478103,-8.698315499478102
16.2,-24.608906996678343,40.808906996678346
33.99,2.87962001875826,31.110379981241742
296.85,291.35959000378534,5.49040999621468
112.8,193.65641094869443,-80.85641094869443
13.71,-27.055618064612645,40.765618064612646
24.9,82.25098450030418,-57.350984500304186
286.29,298.47855160007134,-12.188551600071321
24.18,-45.319955382994976,69.49995538299498
281.97,312.99094534306573,-31.020945343065705
69.5,129.69363645973112,-60.193636459731124
166.44,180.17735773030745,-13.737357730307451
291.96,302.8371686983112,-10.877168698311209
6.408,-27.64909492778952,34.05709492778952
408.744,392.6564792838219,16.08752071617812
5.104,91.68236215780917,-86.57836215780917
2.896,-80.225182755285,83.121182755285
35.016,14.856665128931581,20.159334871068417
275.97,278.1224211462943,-2.152421146294273
1394.95,1135.9771819454654,258.9728180545346
545.88,448.54226825434375,97.33773174565624
5.248,-64.4140350324326,69.6620350324326
933.536,831.9811549667999,101.55484503320008
42.976,48.89055135393528,-5.9145513539352805
3.76,-94.61995273646039,98.3799527364604
479.96,477.30915144955225,2.6508485504477335
320.88,331.0869925128127,-10.20699251281269
23.88,-22.47679151078978,46.356791510789776
26.76,31.424203932124783,-4.6642039321247815
1439.976,1297.5562420363278,142.41975796367228
17.22,-19.217894338126143,36.43789433812614
1024.38,751.689171027091,272.6908289729091
26.22,-10.14872375896266,36.36872375896266
17.34,-20.813983827300035,38.15398382730004
4.956,60.41053275579952,-55.45453275579952
71.04,175.39794250370323,-104.35794250370323
5.344,-62.963697953210385,68.30769795321038
11.304,5.787404864222026,5.516595135777974
294.62,103.21468031487552,191.40531968512448
8.752,51.06241729537169,-42.310417295371685
15.0,22.368845066548147,-7.368845066548147
161.61,415.1473839913592,-253.5373839913592
144.95,179.28192085793398,-34.331920857933994
199.95,214.89286319781172,-14.942863197811732
41.86,197.77059884425898,-155.91059884425897
95.94,78.41940084059684,17.52059915940316
304.45,301.688859779729,2.7611402202709883
11.364,45.89390961991171,-34.529909619911706
29.68,193.673818358797,-163.993818358797
47.53,206.2949022966386,-158.7649022966386
183.372,212.7654657787548,-29.393465778754774
4.224,-15.187646181690297,19.411646181690298
333.056,499.7122203612149,-166.65622036121493
24.896,48.17428118388625,-23.27828118388625
159.984,195.43315535741658,-35.44915535741657
46.344,25.812548410769523,20.53145158923048
350.98,1065.5128665275142,-714.5328665275142
13.08,-77.55967478267962,90.63967478267962
900.08,810.931277090456,89.14872290954406
17.568,-64.29670548624472,81.86470548624472
14.62,-71.50097419856752,86.12097419856752
33.36,47.342150350009206,-13.982150350009206
40.14,142.99385132899215,-102.85385132899215
1606.23,1047.6471081275006,558.5828918724994
17.04,-21.129394756175543,38.16939475617554
49.53,19.923092150742832,29.60690784925717
872.32,839.6806671374287,32.63933286257134
239.12,247.32397560478057,-8.203975604780567
141.96,169.06013628724554,-27.100136287245533
33.024,-41.91981022046434,74.94381022046434
67.136,65.86024580609296,1.2757541939070336
14.73,-24.755757744876973,39.48575774487698
104.9,156.40068378938713,-51.500683789387125
61.04,70.62310209093926,-9.583102090939256
10.95,-21.04075583074041,31.990755830740408
9.392,-69.72859386106074,79.12059386106074
9.328,-94.76797739107019,104.09597739107019
8.26,-76.72298493703124,84.98298493703125
269.97,292.1005170999488,-22.130517099948747
29.04,-3.656567913774552,32.69656791377455
14.62,-63.76165259083223,78.38165259083223
11.952,-22.410292225808917,34.362292225808915
4.536,211.04150333205985,-206.50550333205985
9.156,-44.69072801221705,53.84672801221705
75.36,121.71007667854519,-46.35007667854519
57.504,156.2847253009429,-98.78072530094292
38.864,203.50077624361938,-164.63677624361938
15.552,-11.219461601370995,26.771461601370994
162.64,203.9325546501202,-41.29255465012022
597.0,730.1019340123836,-133.1019340123836
55.48,47.550109254244944,7.929890745755053
289.8,327.3125845087734,-37.51258450877339
2.502,2.5573968173694084,-0.0553968173694086
6.48,54.80142356941997,-48.32142356941996
341.488,358.52120072920866,-17.03320072920866
11.12,77.18565568060717,-66.06565568060716
25.344,139.84934283256598,-114.50534283256599
17.31,-13.99846537940266,31.30846537940266
199.95,220.05495425394201,-20.104954253942026
1586.69,1080.1803737897776,506.50962621022245
84.99,144.87431437192527,-59.88431437192527
411.8,631.0607737980773,-219.2607737980773
11.34,-58.15146164884527,69.49146164884527
80.3,134.49021559657353,-54.19021559657354
15.968,-61.4014234367894,77.3694234367894
64.74,511.6094678307312,-446.8694678307312
19.296,-16.08303055242368,35.37903055242368
405.64,375.02606518841276,30.613934811587228
146.352,139.01064047693967,7.3413595230603335
251.91,392.3630937923399,-140.4530937923399
12.39,-20.126550446145302,32.5165504461453
199.96,200.72620410661852,-0.7662041066185168
710.832,741.7141773407752,-30.88217734077523
1.941,-100.51569486362587,102.45669486362587
283.92,264.4685696118338,19.451430388166216
7.312,-63.54684704453757,70.85884704453757
59.97,30.60031700788545,29.369682992114548
761.544,563.5981315576724,197.94586844232754
58.2,32.7797858418819,25.4202141581181
39.9,85.4121630210957,-45.512163021095695
90.86,216.102465446407,-125.242465446407
94.85,133.9694417803405,-39.11944178034051
106.232,235.54691372132424,-129.31491372132425
111.984,110.7048375911645,1.2791624088354894
7.712,-70.6912760767093,78.4032760767093
37.44,138.42608467520927,-100.98608467520927
23.68,-40.21763466127959,63.89763466127959
122.12,133.7769510175999,-11.656951017599908
18.45,82.27382362618027,-63.82382362618027
324.9,311.8017197090394,13.098280290960588
146.73,152.70315248442148,-5.97315248442149
3.96,-77.15838315875112,81.11838315875112
5.76,-79.54853175890867,85.30853175890867
26.55,-11.706974513916293,38.25697451391629
310.443,310.7541709202585,-0.3111709202585189
479.9,430.4167803469247,49.48321965307525
12.88,-88.15003268872306,101.03003268872305
13.12,98.94940634544082,-85.82940634544082
511.84,517.0969613227663,-5.256961322766358
91.96,102.44843966237477,-10.488439662374773
8.34,-24.919330707886047,33.25933070788605
37.68,21.892370831980315,15.787629168019684
279.944,339.5368175172848,-59.5928175172848
636.408,678.7627384584316,-42.3547384584316
83.168,92.6396225656049,-9.47162256560489
259.136,233.0321427991612,26.10385720083883
221.92,233.723279061511,-11.803279061511006
26.0,-49.79916042358832,75.79916042358832
15.552,-18.026383639247797,33.5783836392478
0.876,-64.57065018055255,65.44665018055255
19.98,-86.2044711310698,106.1844711310698
398.352,446.53104036538775,-48.17904036538778
5.04,-30.877360959055977,35.917360959055976
17.45,69.64711776678223,-52.19711776678223
323.136,298.0484260024966,25.087573997503398
29.7,-4.5797430599241125,34.279743059924115
1295.84,1160.280421159634,135.55957884036593
46.84,-8.936701333258725,55.77670133325873
425.833,1303.840453080118,-878.007453080118
209.67,581.8304572637496,-372.16045726374966
159.88,270.8114598123234,-110.9314598123234
5.28,-130.77543043189212,136.05543043189212
895.92,777.4372044463157,118.48279555368424
2.808,-4.5471061056284725,7.355106105628472
215.976,205.8346996729913,10.141300327008707
241.96,335.84198853999237,-93.88198853999236
27.72,283.431443221559,-255.711443221559
104.68,156.25500083500606,-51.57500083500605
62.958,216.96455928959222,-154.00655928959222
86.376,79.26390310018996,7.112096899810041
64.944,53.65077576620661,11.293224233793396
20.736,41.55494518376054,-20.818945183760537
33.28,50.54968355979372,-17.26968355979372
38.52,298.9953581738289,-260.4753581738289
139.86,257.6126811566903,-117.7526811566903
19.65,-7.333575905436646,26.983575905436645
152.991,139.3209308932287,13.670069106771308
10.584,206.64543335251824,-196.06143335251824
94.92,115.48935614058155,-20.569356140581547
14.76,124.52537096064225,-109.76537096064224
3.656,102.49639106636096,-98.84039106636095
146.82,145.87612273963396,0.9438772603660368
149.544,351.88831123799605,-202.34431123799604
17.14,-52.46102328287452,69.60102328287452
991.764,982.2171002892462,9.546899710753792
30.48,143.07723888958844,-112.59723888958844
23.988,-29.21360337288388,53.20160337288388
16.688,153.77485406632604,-137.08685406632605
422.058,448.83341275444604,-26.77541275444605
38.088,85.86907212385563,-47.78107212385563
254.352,272.3417748942911,-17.989774894291116
43.31,11.981888250673592,31.32811174932641
84.95,141.22351042064042,-56.27351042064042
233.058,235.1172416213924,-2.0592416213924025
111.79,244.0043419708611,-132.21434197086108
14.94,-19.006955475713085,33.94695547571308
14.16,-63.99157116959395,78.15157116959395
22.608,15.097132485400152,7.510867514599848
21.48,124.64117288024386,-103.16117288024385
501.81,533.7353000009786,-31.925300000978552
161.94,152.30103178822742,9.638968211772578
17.856,38.783211928668834,-20.927211928668832
8.808,36.5068908149608,-27.698890814960798
79.384,125.57030270027599,-46.18630270027599
34.58,-24.610633868388504,59.1906338683885
314.55,359.6291043309827,-45.079104330982716
191.976,199.10834781012522,-7.132347810125225
8.288,-66.55847252843091,74.84647252843091
139.92,170.11789258286126,-30.19789258286127
15.872,-71.1818563805025,87.0538563805025
6.286,248.84917572601648,-242.56317572601648
14.016,-15.40966536056203,29.42566536056203
71.976,59.84944100764142,12.126558992358582
107.982,97.01691666707939,10.965083332920614
305.312,445.02397111033883,-139.71197111033882
19.752,-23.942659719263247,43.69465971926324
9.264,41.901934219655004,-32.63793421965501
61.792,84.52077169601012,-22.728771696010114
45.68,3.000868165413067,42.67913183458693
60.12,316.9982533051684,-256.8782533051684
41.72,108.15283002149431,-66.43283002149431
71.6,273.67859792925833,-202.07859792925834
85.232,219.87163574022816,-134.63963574022816
44.4,11.403163329333665,32.99683667066633
442.764,418.7918148441529,23.972185155847114
3999.95,3179.6938077319674,820.2561922680325
199.95,217.39655970179547,-17.44655970179548
63.68,250.6229313086219,-186.9429313086219
54.896,-3.6832074963188006,58.5792074963188
29.0,-49.91217348012924,78.91217348012924
70.08,127.53199907177941,-57.45199907177941
121.3,124.19004402136102,-2.890044021361021
1454.49,953.3024476802274,501.18755231977264
60.81,35.91959832241673,24.89040167758327
153.552,160.05317099085914,-6.501170990859151
65.34,54.158223549364266,11.181776450635738
123.92,143.2005056137241,-19.280505613724088
35.1,17.99382451696988,17.10617548303012
44.75,110.47983916550265,-65.72983916550265
4.704,-66.13942008338154,70.84342008338153
14.67,-11.471720326831246,26.141720326831248
15.552,-14.103916552953251,29.65591655295325
5.232,-118.4090598804762,123.6410598804762
22.2,126.4330681752067,-104.2330681752067
881.93,675.7498405345606,206.18015946543937
6.096,-69.84110934727482,75.93710934727483
191.82,216.4538606503245,-24.633860650324493
20.104,-54.002638414490775,74.10663841449077
67.56,51.47053561275948,16.089464387240525
29.932,238.551861276311,-208.619861276311
38.272,51.07476757520021,-12.802767575200214
16.52,31.523665396216074,-15.003665396216075
832.93,653.1498052262916,179.78019477370833
43.8,336.8370723757389,-293.0370723757389
167.292,226.3823333975031,-59.09033339750309
27.42,-41.40063939109473,68.82063939109473
1.44,-157.82640242821867,159.26640242821867
61.776,486.54721169355776,-424.77121169355775
241.96,329.3709898593702,-87.41098985937018
108.608,107.59729066371278,1.0107093362872206
2.816,-87.36731897308482,90.18331897308482
9.984,17.730895277957416,-7.746895277957416
14.98,-86.70945253395348,101.68945253395349
1145.6,1020.2889872095153,125.3110127904846
485.94,711.2357340543559,-225.29573405435593
37.376,241.94608664340194,-204.57008664340194
70.686,108.93513298647736,-38.24913298647735
54.816,38.25539246623339,16.560607533766614
72.294,128.71685660645312,-56.422856606453124
2.896,-75.92972678442766,78.82572678442766
124.792,291.3855735421405,-166.5935735421405
330.588,957.6615381577669,-627.073538157767
673.568,1135.9795686081425,-462.4115686081425
52.98,9.5061627760997,43.4738372239003
526.45,445.53440035285143,80.91559964714861
228.92,231.9859294506366,-3.0659294506366166
319.968,312.5702867559155,7.397713244084514
205.03,299.7572109005505,-94.72721090055049
190.86,238.76475413774847,-47.904754137748455
24.32,230.97577137919893,-206.65577137919894
44.4,117.20310972875245,-72.80310972875245
44.4,21.763544256292334,22.636455743707664
1016.792,3403.8695884254826,-2387.0775884254826
38.136,184.5599429280262,-146.4239429280262
494.982,503.14979723795307,-8.167797237953039
56.56,10.090435919212268,46.469564080787734
5.56,-78.21259706351452,83.77259706351452
9.02,-75.92780671429341,84.9478067142934
8.62,-113.12803487956558,121.74803487956558
659.976,725.8196414420019,-65.84364144200185
13.36,-79.66966044493552,93.02966044493552
41.72,88.23254437575929,-46.51254437575929
11.52,61.184142052234165,-49.66414205223417
541.44,476.1471963055801,65.29280369441994
19.44,-24.515085736401943,43.95508573640194
143.7,135.49598805465575,8.204011945344234
43.26,9.24210842284674,34.01789157715326
43.56,-17.32343978188169,60.88343978188169
437.85,497.37894649430905,-59.528946494309025
109.48,106.40726948518886,3.0727305148111412
1212.96,790.5769154062468,422.3830845937532
18.54,-72.6140557523629,91.1540557523629
5.0,-139.0118584092179,144.0118584092179
371.97,401.557507284738,-29.587507284737967
166.24,433.0390937050188,-266.7990937050188
359.97,393.2143313013639,-33.2443313013639
499.98,788.9094232904301,-288.9294232904301
5.28,-137.15941983482116,142.43941983482117
8.26,-93.52015332595556,101.78015332595557
7.968,-76.78590541235576,84.75390541235576
12.96,-65.47511253780453,78.43511253780454
6.48,-119.13998447530071,125.61998447530071
6.984,-116.10533748755824,123.08933748755824
47.96,106.03267739661487,-58.07267739661487
199.74,266.0506896889776,-66.31068968897762
435.26,418.09510299533144,17.164897004668546
1119.984,1927.49447838998,-807.5104783899801
143.432,355.02697866982317,-211.59497866982318
122.352,110.89314711891961,11.45885288108039
306.2,295.56404997486675,10.63595002513324
85.98,158.32965687041974,-72.34965687041974
223.96,230.90238696507345,-6.942386965073439
97.568,94.0687770601744,3.4992229398256
614.272,497.3179763231145,116.95402367688553
199.98,272.9373232507205,-72.95732325072052
48.16,181.9593305127985,-133.7993305127985
23.92,-54.55127012445132,78.47127012445132
60.69,199.2557345088171,-138.56573450881712
14.352,-21.906183946700594,36.2581839467006
35.04,-14.390785583032084,49.43078558303208
17.48,90.57847994427539,-73.09847994427538
16.4,67.98796939853605,-51.58796939853605
892.98,1452.9845849769727,-560.0045849769726
287.97,308.8966236509734,-20.926623650973397
595.38,551.4044475828061,43.97555241719385
12.96,-76.80930164605729,89.7693016460573
4.95,-120.5345736292577,125.4845736292577
181.95,183.51659106939724,-1.5665910693972478
13.52,26.604058597415587,-13.084058597415588
259.7,280.95222119898153,-21.252221198981545
42.95,14.826279640646817,28.123720359353186
1399.93,1059.1073745327785,340.82262546722154
503.96,491.73596707330864,12.224032926691336
12.72,-27.304016998454472,40.02401699845447
11.52,17.584707679151506,-6.064707679151507
316.0,294.7975238867207,21.202476113279317
723.92,689.6449871414388,34.27501285856113
106.32,60.41034498250133,45.909655017498665
141.372,150.8009513343568,-9.428951334356782
27.216,-9.469330366447593,36.685330366447594
390.75,389.6060666957908,1.143933304209213
280.792,807.8488786161402,-527.0568786161402
68.448,68.32682542916837,0.12117457083162719
88.04,123.24207980952065,-35.20207980952064
15.872,-97.55345685221687,113.42545685221687
215.592,189.13652048245353,26.45547951754648
14.62,-63.4256505850351,78.0456505850351
416.32,660.2303677540779,-243.91036775407787
43.0,104.4588529828859,-61.4588529828859
182.94,191.2148388162061,-8.274838816206113
60.83,212.92980557807164,-152.09980557807165
389.97,453.2774511343148,-63.30745113431476
194.32,207.06481796606408,-12.74481796606409
265.93,334.1042651583948,-68.1742651583948
94.74,79.31604772569517,15.423952274304824
60.64,73.24396573785498,-12.603965737854978
76.3,122.69511449733704,-46.39511449733705
364.8,587.6017788562611,-222.80177885626114
79.872,60.97091343635998,18.90108656364002
46.384,29.070340981211757,17.313659018788243
12.96,-67.15245679618442,80.11245679618443
14.352,-29.926734269163035,44.27873426916304
547.136,479.5923184454937,67.54368155450629
41.96,-15.77753512432605,57.73753512432605
41.7,86.693653652909,-44.993653652909
277.4,289.44014996196256,-12.040149961962584
5.78,-133.4129395592429,139.1929395592429
69.216,179.61800612415414,-110.40200612415414
10.86,-43.35607401510356,54.21607401510356
426.79,409.1562417187688,17.633758281231223
25.92,36.5123945803939,-10.5923945803939
45.92,56.57113990487733,-10.651139904877326
10.72,-55.31194280842533,66.03194280842533
41.86,200.8098284372163,-158.9498284372163
63.2,116.68304728932799,-53.483047289327985
113.97,101.37041275489287,12.59958724510713
123.552,107.26282820281244,16.289171797187564
490.32,518.2881646889648,-27.968164688964805
70.08,130.20072134820361,-60.12072134820362
1.272,-2.5822166814512,3.8542166814512004
557.585,464.1904836141541,93.39451638584592
9.024,111.44172222898442,-102.41772222898442
69.456,17.52876907291011,51.927230927089894
10.86,-89.73862720230431,100.59862720230431
79.47,48.67062714785288,30.799372852147116
10.08,106.16702077709897,-96.08702077709897
1552.831,992.794653344474,560.0363466555259
137.24,166.0804234464863,-28.840423446486284
36.51,-24.251662816023554,60.76166281602355
239.976,256.6656934966186,-16.689693496618588
1579.746,795.3218310739417,784.4241689260584
1071.576,757.04004967724,314.5359503227601
613.908,635.890835969041,-21.982835969040934
34.86,197.87444981556973,-163.01444981556972
155.04,174.92249283042315,-19.88249283042316
13.71,113.09863628786161,-99.3886362878616
127.88,148.3948739590728,-20.514873959072816
160.32,207.11235517879118,-46.79235517879118
46.0,62.53219550627455,-16.532195506274547
120.712,278.0740331261334,-157.36203312613338
23.12,22.53621862422665,0.5837813757733521
532.704,429.8778204773348,102.82617952266514
4.912,-64.46164973381428,69.37364973381429
252.0,257.45312353158647,-5.453123531586471
60.288,257.1968636438901,-196.90886364389007
2.632,-142.65736791321297,145.28936791321297
23.688,278.7545838721196,-255.06658387211962
253.372,333.82563764443853,-80.45363764443852
5.67,-18.57638419656155,24.24638419656155
76.776,98.73446159719151,-21.958461597191516
9.184,-62.271348344063426,71.45534834406342
32.75,88.6792207665394,-55.9292207665394
7.216,-71.02327150921246,78.23927150921246
49.568,1.3484367033354374,48.21956329666456
54.712,212.49738249823145,-157.78538249823146
176.04,169.5793928077378,6.460607192262188
16.02,262.4217532779551,-246.40175327795507
185.92,175.44810189625514,10.471898103744849
211.168,195.16198709536775,16.006012904632257
479.984,731.4006300990283,-251.41663009902828
7.86,-120.57306453918636,128.43306453918638
24.448,-54.44291341096914,78.89091341096915
6.48,-119.41357443064248,125.89357443064249
41.86,197.88287957878583,-156.02287957878582
1619.91,932.3611694827542,687.5488305172458
113.92,129.92943929343164,-16.00943929343164
39.68,-19.298574083006542,58.97857408300654
37.6,-11.545908910878552,49.14590891087855
59.9,21.95594356662059,37.94405643337941
37.0,99.15476760907404,-62.15476760907404
5.76,-97.01146909121712,102.77146909121713
16.68,128.15138875457797,-111.47138875457796
628.81,491.6960618849819,137.11393811501807
56.45,115.50616875357355,-59.056168753573544
94.2,177.55293352560784,-83.35293352560784
28.4,45.36049979057361,-16.960499790573614
956.6648,584.6261061616402,372.0386938383598
1115.91,764.8389502676253,351.07104973237483
128.744,236.77783608534605,-108.03383608534605
79.92,360.2851788570638,-280.36517885706377
24.2,73.13940531950038,-48.93940531950038
359.976,408.2076300867884,-48.231630086788414
211.84,331.33528860688693,-119.49528860688693
5.68,-72.89653159776026,78.57653159776027
7.52,63.23369437370002,-55.71369437370002
11.96,-74.77591978707528,86.73591978707529
629.064,689.597476706532,-60.53347670653204
754.45,622.2806512547868,132.16934874521326
301.96,445.3060585845417,-143.3460585845417
595.0,510.132122825127,84.867877174873
79.872,61.15207942093912,18.719920579060883
2396.4,1220.8198300720778,1175.5801699279223
63.56,24.98069002107968,38.57930997892032
99.99,198.35471296411856,-98.36471296411857
230.376,222.5223556300498,7.853644369950217
9.664,-75.03375781534237,84.69775781534237
158.928,268.8201423087162,-109.89214230871619
13.023,-55.07887541625291,68.10187541625291
273.06,370.43817195940005,-97.37817195940005
39.312,478.290598222477,-438.978598222477
1.344,95.81642718372109,-94.4724271837211
8.272,97.11866711471384,-88.84666711471384
12.544,222.97991365105554,-210.43591365105553
58.48,250.01708143357814,-191.53708143357815
7.4,-66.41239956755021,73.81239956755022
366.786,389.49060419319767,-22.704604193197667
54.368,78.45343696534655,-24.085436965346553
33.96,-28.79171441616927,62.75171441616927
826.11,1008.7981846250142,-182.68818462501417
545.85,531.1860213364569,14.663978663543162
145.98,159.67933722841508,-13.69933722841509
35.808,47.906775118668975,-12.098775118668975
7.904,-72.86669310347065,80.77069310347065
345.0,336.40522098881297,8.594779011187029
174.286,218.27318379611233,-43.98718379611233
662.84,644.1763436199569,18.663656380043108
95.1,146.17493624359895,-51.074936243598955
26.88,140.6101591848776,-113.7301591848776
257.98,373.53766161986687,-115.55766161986685
17.48,-65.17520371859769,82.65520371859769
492.835,418.1832315333918,74.65176846660819
269.49,281.2532825516555,-11.763282551655493
29.12,88.2219075991045,-59.10190759910449
18.75,80.54893325911598,-61.798933259115984
119.7,202.09094692431722,-82.39094692431722
9.144,-28.125960393397463,37.26996039339746
57.06,33.88118035642583,23.178819643574172
71.6,260.20157966533634,-188.60157966533635
107.44,283.7803061601992,-176.3403061601992
7.31,-122.74604611484119,130.0560461148412
59.1,160.6544629896207,-101.5544629896207
46.53,22.852087211890648,23.677912788109353
97.84,90.64323576366428,7.196764236335724
29.97,4.33402950412119,25.63597049587881
98.352,83.82362946159947,14.528370538400537
83.92,131.49837762724178,-47.57837762724178
14.624,-61.77006260738585,76.39406260738585
136.99,337.09545481513396,-200.10545481513395
3.15,-131.27813232790436,134.42813232790436
9.11,-108.34235832288846,117.45235832288846
571.44,560.7416641158454,10.69833588415463
32.4,93.97214981190518,-61.572149811905184
16.91,-75.3194809119534,92.2294809119534
14.272,242.25851431341061,-227.98651431341062
451.136,397.947105518477,53.18889448152305
64.864,86.98495597663941,-22.120955976639408
217.584,276.24556197842,-58.661561978420025
82.95,120.44703477785129,-37.49703477785128
87.71,213.37073414007477,-125.66073414007478
1101.48,1085.0200675118767,16.459932488123286
1322.352,1420.0837273346458,-97.73172733464571
5.46,-22.245731005824155,27.705731005824155
11.184,-86.50826584207971,97.6922658420797
153.584,185.19352105540315,-31.60952105540315
1003.62,712.1748813828817,291.4451186171183
35.168,64.72747941831881,-29.55947941831881
1137.75,943.4284175751794,194.32158242482058
99.68,154.78494061195465,-55.104940611954646
5.56,-63.26112304337971,68.82112304337971
85.52,52.00365628131476,33.516343718685235
9.84,-32.18882794951992,42.02882794951992
20.04,-28.88072289462866,48.92072289462866
631.96,653.5454694807921,-21.585469480792085
23.92,35.71658796991369,-11.796587969913688
90.24,178.67691566075496,-88.43691566075496
4548.81,2810.094466578785,1738.7155334212152
300.93,269.6278099983874,31.302190001612587
719.96,580.7775246627072,139.18247533729289
647.84,523.158358258555,124.68164174144499
64.17,44.6877256875639,19.482274312436104
124.46,135.15200908800057,-10.692009088000574
9.584,-112.45216030346955,122.03616030346956
37.608,-3.654107480359471,41.26210748035947
12.224,-78.5362373197595,90.7602373197595
2.304,73.92301708394689,-71.61901708394689
9.36,88.56427599915423,-79.20427599915423
7.38,-80.14704550329634,87.52704550329634
53.72,65.47043517607585,-11.750435176075854
8187.65,5703.131508207038,2484.518491792962
77.92,254.96245717472607,-177.04245717472605
32.784,121.62808861068879,-88.8440886106888
196.776,192.69280656166507,4.083193438334945
479.94,410.1606035600121,69.77939643998792
1117.92,993.2931066418548,124.62689335814525
106.5,181.3282250322393,-74.82822503223929
45.66,120.92577545906533,-75.26577545906534
95.968,102.98964391620416,-7.021643916204155
47.992,3.569410154165098,44.4225898458349
264.32,375.3261783979367,-111.00617839793671
604.656,589.7198359647898,14.93616403521014
129.93,126.29036018359739,3.639639816402621
20.16,185.15379153855815,-164.99379153855816
29.46,141.19119391386766,-111.73119391386766
868.59,1034.7268085786422,-166.13680857864222
12.96,-66.77442354423579,79.7344235442358
5.5,-114.78383150427157,120.28383150427157
121.6,131.84397740811073,-10.243977408110737
42.048,302.36127428215264,-260.31327428215263
25.488,-35.515546079211845,61.003546079211844
6.9,49.63534823280111,-42.73534823280111
9.648,200.54827483101394,-190.90027483101395
7.968,-74.93908386838802,82.90708386838803
10.368,-70.22569363792968,80.59369363792968
114.2,156.83215691917144,-42.632156919171436
17.96,13.414929168918206,4.545070831081794
12.67,176.89610532478878,-164.2261053247888
339.96,338.39161458748845,1.5683854125115317
1801.632,1029.4746204380808,772.1573795619192
46.32,45.53751265095775,0.782487349042249
181.986,218.48255135796148,-36.49655135796149
431.976,359.0697456813532,72.9062543186468
155.37,387.4793287455841,-232.1093287455841
1348.704,809.1209778661224,539.5830221338775
700.152,776.083557047785,-75.93155704778496
111.888,236.71777986092934,-124.82977986092934
143.952,149.92254096394686,-5.97054096394686
173.94,175.87332994351073,-1.9333299435107278
14.76,24.05825130485391,-9.298251304853911
205.92,192.85627675597175,13.063723244028239
102.833,209.17989871730606,-106.34689871730606
2.304,-125.55679740231221,127.86079740231222
1879.96,1416.1390539537697,463.82094604623035
313.024,393.0177245582065,-79.99372455820651
5.04,-81.88808321427587,86.92808321427587
821.88,662.006710615356,159.87328938464395
21.96,-59.01596263183205,80.97596263183206
25.92,40.28212015031545,-14.362120150315448
705.544,546.5909466211369,158.95305337886305
50.0,11.074809072136532,38.92519092786347
51.712,280.26612914583006,-228.55412914583007
6.992,-68.56626701735036,75.55826701735036
1406.86,922.2118179266839,484.648182073316
15.75,85.09017987189736,-69.34017987189736
323.1,489.9913232960048,-166.89132329600477
9.216,33.91865117003772,-24.70265117003772
10.368,-60.03087703431788,70.39887703431788
15.02,-80.9062591757679,95.9262591757679
33.82,-23.474767782766094,57.294767782766094
71.0,73.41078209099828,-2.410782090998282
25.12,86.24947178456773,-61.12947178456773
2665.62,1373.1126618723272,1292.5073381276727
478.08,477.9670574415902,0.1129425584097703
164.388,192.12371050743673,-27.73571050743672
13.248,27.741749345555945,-14.493749345555946
2.912,-86.147290762392,89.05929076239201
1399.944,877.294786020167,522.649213979833
526.45,441.03474090966006,85.41525909033999
16.23,-20.230050903156098,36.4600509031561
319.9,331.4375408907961,-11.537540890796095
11.36,-106.95564996711778,118.31564996711778
675.12,824.3090902182311,-149.18909021823106
62.82,47.724986122854034,15.095013877145966
489.92,451.2572132967041,38.66278670329592
19.44,-11.743915909790985,31.183915909790986
16.68,-60.6330845995933,77.31308459959331
155.35,547.0076388638013,-391.65763886380125
12.42,-14.720434552119968,27.14043455211997
187.98,250.1997897790327,-62.21978977903271
6.608,-70.23580971279034,76.84380971279035
248.57,326.87766851389256,-78.30766851389257
22.23,-58.24959501302101,80.47959501302101
5.98,-123.3897268132771,129.36972681327708
246.168,249.5829704270368,-3.414970427036792
14.136,-33.95461712401561,48.09061712401561
601.47,561.8523309526087,39.61766904739136
79.1,57.42810249216359,21.671897507836405
327.84,414.38200914351296,-86.54200914351298
180.96,230.79618823625492,-49.83618823625491
914.97,1118.5213538681637,-203.5513538681637
587.97,672.6789871996107,-84.70898719961065
530.34,829.6106536346259,-299.2706536346259
14.94,-31.216347828577682,46.15634782857768
121.94,135.410687044445,-13.470687044445015
122.71,250.26387922496315,-127.55387922496315
14.94,-61.57523964743541,76.51523964743541
1349.85,1605.50028179982,-255.65028179982005
136.784,326.5639039397124,-189.77990393971243
61.12,67.88747936482196,-6.767479364821959
1.167,-93.74378953904784,94.91078953904784
16.99,-84.07492855364717,101.06492855364716
24.672,13.589542731073152,11.082457268926849
2.52,-124.266427995512,126.786427995512
1218.735,869.5186696207394,349.2163303792605
5.904,-70.25813214059986,76.16213214059985
15.696,-6.32892289731285,22.024922897312848
6.096,14.498642371175492,-8.402642371175492
41.568,-7.428799107608938,48.996799107608936
230.28,241.62248823087657,-11.342488230876569
18.288,132.25890324752845,-113.97090324752845
5.78,-91.49302687997192,97.27302687997192
121.68,523.4962130535728,-401.81621305357277
4.17,-22.205292232922147,26.37529223292215
67.04,87.4407660671111,-20.400766067111093
37.32,13.937199823444189,23.38280017655581
18.45,84.19648914309028,-65.74648914309027
25.92,34.06022903829876,-8.140229038298756
11199.968,10845.03978620571,354.92821379429006
2399.6,1467.6435092228621,931.9564907771378
63.9,112.41444327073145,-48.514443270731455
52.99,45.33593097508674,7.654069024913262
60.864,73.06953807695072,-12.205538076950724
652.995,216.97573452410666,436.01926547589335
11.22,365.1964516845003,-353.97645168450026
14.94,-15.094700451516019,30.034700451516017
39.96,-9.028330649818145,48.988330649818145
42.624,5.1011856097986765,37.522814390201326
220.96,624.8590400200579,-403.8990400200579
4.928,-73.61508710588441,78.54308710588441
7.23,108.71307598124349,-101.48307598124349
323.1,476.8942835837936,-153.79428358379357
19.04,35.58816079910184,-16.548160799101844
13.128,-16.700324308704694,29.828324308704694
64.14,50.799186204704256,13.340813795295745
858.24,800.066376076614,58.173623923386
29.99,-33.50642626018316,63.496426260183156
186.048,236.48170336582712,-50.433703365827114
36.792,-10.359380202801958,47.15138020280196
18.624,234.222759051896,-215.598759051896
57.69,36.69857930041985,20.991420699580146
42.81,15.996142498633162,26.81385750136684
12.96,-66.48342504457969,79.4434250445797
821.88,667.7797564317624,154.1002435682376
104.85,96.0516936334177,8.798306366582295
424.9575,369.0014476646825,55.95605233531751
10.776,-29.246459039025012,40.02245903902501
11.784,-22.320270717986432,34.10427071798643
164.88,177.51912594083387,-12.639125940833878
1292.94,1461.8350136141612,-168.89501361416114
25.584,-40.42050863325403,66.00450863325403
261.74,384.575975209626,-122.83597520962599
14.4,81.49802276218429,-67.09802276218429
10.86,-31.54453184187946,42.40453184187946
883.84,797.5645321086652,86.27546789133487
1979.89,1176.8408504785514,803.0491495214487
79.96,59.789693198861414,20.17030680113858
8.76,-90.80124442163697,99.56124442163697
3.984,-136.41340013163858,140.3974001316386
370.62,353.0723333632941,17.547666636705912
2.742,-49.31890020970991,52.06090020970991
79.512,52.06414678305214,27.447853216947863
28.352,-81.35081280008512,109.70281280008513
40.784,6.716634289804915,34.067365710195084
105.96,117.49443528321194,-11.534435283211948
166.44,171.6599288464995,-5.219928846499499
785.88,643.1306733646111,142.7493266353889
26.2,-47.95056608327809,74.1505660832781
1325.85,1046.6735179909992,279.17648200900067
166.44,160.04057124278484,6.399428757215162
8.76,91.10754383319977,-82.34754383319977
43.584,18.098852752939365,25.485147247060638
11.088,202.6139279374163,-191.5259279374163
25.164,-23.673082168585324,48.837082168585326
14.4,64.80807360608469,-50.40807360608469
619.95,524.9378514911749,95.01214850882513
89.52,97.63629456422177,-8.116294564221775
350.973,406.8534593760105,-55.88045937601049
164.99,428.95552442423786,-263.96552442423786
312.552,425.98361028629733,-113.43161028629731
95.952,85.83984622179969,10.112153778200309
3.204,-39.67777108816813,42.88177108816813
3.98,130.70319141859977,-126.72319141859977
15.7,66.84688752755346,-51.14688752755346
5.248,12.56038721250593,-7.3123872125059295
5.346,9.37873986223508,-4.032739862235079
15.48,-19.557555354897886,35.03755535489789
108.576,92.79543342769239,15.780566572307606
109.9,167.24688569145496,-57.34688569145496
15.384,-86.30663613564093,101.69063613564093
30.352,-40.770994723731064,71.12299472373107
821.3,714.0001645177394,107.2998354822605
22638.48,12171.838417586707,10466.641582413293
21.376,31.67444296612325,-10.29844296612325
8.016,-23.194814307153365,31.210814307153363
30.768,-34.639491440519805,65.4074914405198
18.936,-46.08933596601378,65.02533596601378
122.352,114.37468598689998,7.9773140131000275
116.28,107.3061733651432,8.973826634856806
132.6,202.372685048319,-69.772685048319
16.68,-54.537455561983506,71.21745556198351
19.44,-13.02807363802458,32.46807363802458
192.16,206.82825202008848,-14.668252020088488
227.36,312.14232739634076,-84.78232739634075
1919.976,2204.1055214046305,-284.1295214046304
12.828,-34.56413216174724,47.39213216174724
45.888,60.60189172123387,-14.713891721233871
60.12,310.5709624263411,-250.4509624263411
302.376,332.2445692930721,-29.86856929307214
13.9,83.88860722968252,-69.98860722968251
129.98,149.52670885003408,-19.546708850034094
71.98,36.903251782066036,35.07674821793397
377.97,434.8853841781031,-56.91538417810307
124.36,129.01952285787252,-4.659522857872517
23.976,22.53181064530463,1.444189354695368
8.376,-27.259492796114955,35.63549279611495
58.24,117.49103677452513,-59.251036774525126
81.2,132.56180292533236,-51.361802925332356
14.45,73.9997242145921,-59.5497242145921
95.648,80.49747805880202,15.15052194119798
359.97,308.68636054270473,51.283639457295294
350.352,295.77383275615193,54.57816724384804
1.641,-91.45046024923158,93.09146024923159
629.958,518.0054865837885,111.95251341621145
6.63,-18.855990789626958,25.485990789626957
799.96,815.8203824911683,-15.860382491168252
107.53,244.57133054393944,-137.04133054393944
73.98,42.52749878720056,31.452501212799447
5.58,-123.19546289395089,128.7754628939509
49.12,26.300166149819688,22.81983385018031
377.97,421.20765902557537,-43.23765902557534
42.28,193.8195816144173,-151.5395816144173
299.97,323.7271583524391,-23.75715835243909
89.98,68.72727516029818,21.252724839701827
477.24,413.6719758390068,63.56802416099322
25.98,-53.718513635876434,79.69851363587644
46.72,71.93551613354111,-25.215516133541115
35.34,-26.586430515208576,61.92643051520858
257.64,294.71275009407213,-37.07275009407215
125.976,113.16056203260996,12.81543796739004
79.992,133.29078204352504,-53.29878204352504
700.056,725.8447650408165,-25.78876504081643
27.168,61.655585160553755,-34.487585160553756
8.226,10.463169482677586,-2.2371694826775848
585.552,668.962351801987,-83.41035180198696
423.28,550.1506974623395,-126.87069746233954
225.296,304.0414096692425,-78.74540966924252
5.56,-88.13383784218968,93.69383784218968
323.37,366.1858419631128,-42.8158419631128
783.96,627.642735428206,156.317264571794
1447.65,1192.7933970423219,254.8566029576782
11.96,-75.7432698449802,87.70326984498021
239.97,254.76203253759968,-14.792032537599681
76.92,81.45579096665142,-4.535790966651419
481.32,460.46157407312535,20.858425926874645
48.4,105.82157996031697,-57.42157996031697
0.99,-154.42808495565941,155.41808495565942
101.84,136.19160234600758,-34.35160234600758
10.332,19.474937877286948,-9.142937877286947
31.155,126.81400766917045,-95.65900766917045
8.928,-54.92765527939173,63.855655279391726
34.384,-18.785320871644217,53.16932087164422
1924.16,1147.433545219877,776.726454780123
32.192,48.550643584952695,-16.358643584952695
50.12,206.60262909892003,-156.48262909892003
47.976,31.68437486300263,16.291625136997368
54.5,122.52018895369906,-68.02018895369906
19.104,-32.24072741806344,51.34472741806344
49.44,17.278005093941374,32.161994906058624
10.368,-65.85353927082133,76.22153927082132
154.44,145.17854236478183,9.261457635218164
60.984,211.12404947317327,-150.14004947317326
195.466,242.90203359635393,-47.43603359635392
23.68,237.45608501309016,-213.77608501309015
2.376,-35.896290116974114,38.27229011697411
59.2,59.84381107979357,-0.643811079793565
22.0,343.31656361974524,-321.31656361974524
257.98,370.2544765535142,-112.2744765535142
23.988,-9.92577457102243,33.91377457102243
23.976,72.22514600281102,-48.24914600281102
601.536,523.1077306832633,78.42826931673665
7.9,-84.44859941900745,92.34859941900746
58.36,136.39993165344572,-78.03993165344572
16.464,195.81096338263796,-179.34696338263797
39.96,128.10583507037222,-88.14583507037221
25.96,-50.60174345845735,76.56174345845736
36.27,2.780815679047464,33.48918432095254
6.48,-131.61293269722364,138.09293269722363
1075.088,834.8161137814377,240.27188621856226
438.368,402.8887526058177,35.47924739418232
18.088,177.57251291577518,-159.48451291577518
308.499,313.4330449307263,-4.934044930726259
13.36,29.31296628807081,-15.952966288070812
39.96,-22.20362988902184,62.16362988902184
145.85,182.57711058246173,-36.727110582461734
783.96,624.7345934571737,159.22540654282636
7.88,-112.92477522462013,120.80477522462013
41.37,15.316088816222646,26.053911183777352
12.84,-27.819207579363137,40.65920757936314
25.68,133.9242360721123,-108.2442360721123
47.516,11.775614675121915,35.74038532487808
9.42,-53.006635247096256,62.42663524709626
12.96,-61.244051917389015,74.20405191738902
704.9,583.8884083265255,121.01159167347453
561.568,884.6393493912059,-323.0713493912059
179.82,371.7213901461405,-191.9013901461405
185.58,255.58547704809007,-70.00547704809006
214.11,227.04033915544142,-12.930339155441402
999.96,947.9423023935171,52.0176976064829
653.55,749.0068971302044,-95.45689713020442
114.6,157.4209605998235,-42.82096059982351
60.74,69.82791186067038,-9.087911860670381
124.36,134.39360346809917,-10.033603468099173
1088.76,842.1177182981709,246.64228170182912
6.72,57.501358296390435,-50.78135829639044
298.776,297.34108853364864,1.434911466351366
302.376,319.307420001247,-16.931420001247034
8.928,-68.82499889324504,77.75299889324504
47.584,2.4385322421360343,45.14546775786397
33.792,254.93472758499206,-221.14272758499206
300.5328,417.5467605867741,-117.01396058677409
2.724,-5.629854993651179,8.35385499365118
3.264,-78.17921404533286,81.44321404533285
108.336,191.3977120288382,-83.06171202883822
55.92,113.30100584138859,-57.381005841388586
78.304,46.94278745488555,31.361212545114455
443.92,359.188148850415,84.731851149585
155.976,161.56464651914393,-5.588646519143936
15.47,174.68970953898338,-159.21970953898338
7.16,-92.28031584625387,99.44031584625387
10.89,-109.37870775014198,120.26870775014199
19.44,-22.499392153057443,41.93939215305744
121.6,152.2807029653211,-30.680702965321103
695.7,1076.7564704342935,-381.0564704342935
120.33,276.1211000705764,-155.79110007057642
1139.92,1086.6832886883456,53.23671131165452
229.544,311.91059369138225,-82.36659369138223
143.728,163.9021138105527,-20.174113810552683
36.048,21.243351414605513,14.804648585394489
845.488,595.319575331526,250.16842466847402
50.94,17.528497362913185,33.41150263708681
762.594,465.51461396310606,297.079386036894
56.28,158.2368130619866,-101.9568130619866
2690.97,3423.572045015031,-732.6020450150313
7.434,168.58276828600242,-161.14876828600242
64.784,83.42997238050839,-18.645972380508383
28.16,37.7563015400799,-9.596301540079903
14.98,-92.32640322907582,107.30640322907583
20.32,31.759796051114108,-11.439796051114108
40.29,5.7403771366541605,34.54962286334584
20.23,192.2275735431822,-171.9975735431822
1603.136,1402.7779947314818,200.35800526851813
225.296,305.1506044784037,-79.8546044784037
67.8,76.75209093886428,-8.952090938864288
377.97,420.2911965875667,-42.32119658756665
1628.82,1020.6159758330284,608.2040241669715
286.93,347.68125418742807,-60.75125418742806
20.736,32.79610054425211,-12.060100544252112
31.44,-12.082675130168354,43.52267513016835
83.79,205.89700240818183,-122.10700240818183
59.52,23.600691871849904,35.9193081281501
31.92,25.827020282794365,6.092979717205637
14.72,91.70815496828845,-76.98815496828846
38.976,20.14217711876313,18.83382288123687
17.088,-51.093279715912104,68.1812797159121
74.352,54.45989629181304,19.892103708186966
314.352,320.0512880443232,-5.699288044323225
4.26,-134.32596708530377,138.58596708530376
811.28,589.2433921686804,222.03660783131954
6.03,-37.213260699769535,43.243260699769536
153.568,174.16688922216576,-20.598889222165752
1013.488,687.0939977178836,326.3940022821165
52.34,3.706865899794593,48.63313410020541
4.66,-79.40033416457368,84.06033416457367
254.97,278.2830236604525,-23.3130236604525
25.44,131.18495524838613,-105.74495524838613
27.93,-1.52545508207686,29.45545508207686
8.85,142.45518930941785,-133.60518930941785
6.96,21.362721400560076,-14.402721400560075
17.456,-63.44958143591339,80.90558143591339
307.92,275.1941950237972,32.725804976202824
6.63,-38.17527033899364,44.805270338993644
12.96,-86.07460292000792,99.03460292000793
32.4,76.17554613958669,-43.77554613958669
23.85,89.81165260460625,-65.96165260460626
51.96,5.937043277955354,46.02295672204465
17.94,-18.994618366343047,36.934618366343045
11.56,-61.97267080035476,73.53267080035477
26.4,92.03760019999186,-65.63760019999185
69.08,421.6703913648769,-352.5903913648769
35.88,12.958884722242601,22.9211152777574
49.65,108.24814631166396,-58.59814631166396
959.968,872.6482082625789,87.31979173742104
408.422,615.3452738342205,-206.92327383422048
479.984,749.8936931858204,-269.90969318582046
12.6,27.007988307431106,-14.407988307431106
184.66,283.2271116529107,-98.56711165291071
23.12,79.03293309333958,-55.912933093339575
37.464,191.88033510078844,-154.41633510078844
539.658,577.0571262560443,-37.39912625604427
310.12,476.03818884053953,-165.91818884053953
8.56,-79.68885437376957,88.24885437376957
52.4,105.71239860483752,-53.31239860483752
14.94,-23.285195530406554,38.22519553040655
11.22,-2.7203051913018044,13.940305191301805
387.136,356.6308747454584,30.50512525454161
41.4,67.12737787156266,-25.72737787156266
35.0,55.483708148504775,-20.483708148504775
39.552,9.72463695684678,29.82736304315322
135.72,124.43768506717765,11.282314932822345
12.56,-75.33695637067126,87.89695637067126
263.96,260.83417493627053,3.125825063729451
5.952,-113.97742239864692,119.92942239864692
15.8,87.05436917949055,-71.25436917949055
14.368,-60.820308166938275,75.18830816693827
70.448,219.59252624316832,-149.14452624316834
129.3,130.67701038220048,-1.3770103822004671
3.882,36.387396982576774,-32.50539698257678
6.08,-155.7863574181206,161.8663574181206
19.9,-77.45131869920147,97.35131869920147
70.71,107.35798213782255,-36.64798213782255
18.84,-21.22054391914571,40.060543919145715
8.64,-29.164172902065275,37.804172902065275
1633.188,964.7695614478372,668.4184385521629
19.76,32.80588182922338,-13.04588182922338
6.608,-95.75151393352235,102.35951393352235
7.28,-92.02929953347984,99.30929953347984
144.784,345.2416066153585,-200.4576066153585
156.792,410.51044421834126,-253.71844421834126
431.976,477.386460858894,-45.410460858894
35.89,-8.168236730586159,44.05823673058616
47.208,208.1968649301025,-160.9888649301025
248.08,339.6163563319992,-91.5363563319992
189.7,232.4465590226357,-42.74655902263572
59.808,41.949749039906465,17.858250960093535
90.99,183.23670408888597,-92.24670408888598
1526.56,1071.4411615793638,455.11883842063617
368.97,403.2482196844692,-34.27821968446915
305.01,418.69949563561045,-113.68949563561046
18.7,-77.30785145760456,96.00785145760456
38.29,184.27172516542373,-145.98172516542374
26.25,-9.4944606300146,35.7444606300146
64.96,556.14119633031,-491.18119633031
43.7,92.66006166454804,-48.960061664548036
41.6,37.4766301137704,4.123369886229604
23.12,67.96029230585782,-44.840292305857815
113.888,99.78280696431034,14.105193035689666
113.568,102.26988040440233,11.298119595597669
7.92,-83.11786258958318,91.03786258958318
671.984,1052.1837684304182,-380.1997684304182
39.99,3.028485027853094,36.96151497214691
191.646,199.45672326637305,-7.81072326637306
2.313,-90.6819286630157,92.9949286630157
19.936,31.273688700464163,-11.337688700464163
45.92,55.83960333530604,-9.919603335306036
20.34,-8.155614457436513,28.495614457436513
39.28,254.17070928104727,-214.89070928104726
81.568,56.59870075377444,24.96929924622556
97.184,81.38510275951671,15.798897240483285
24.32,80.54476026997645,-56.22476026997645
18.96,-61.90280728863536,80.86280728863537
32.952,170.9364459258511,-137.9844459258511
30.016,51.88639781140887,-21.87039781140887
499.584,546.7373354889606,-47.153335488960636
31.104,137.7389258271196,-106.6349258271196
13.272,269.03296077766413,-255.76096077766414
28.272,-35.9253010252537,64.1973010252537
259.136,229.4948398660722,29.641160133927826
10.8,76.03235258490122,-65.23235258490122
244.006,326.4488662432775,-82.4428662432775
15.936,35.17961521019106,-19.24361521019106
188.552,276.50567929714634,-87.95367929714635
22.58,-47.08659055257863,69.66659055257863
545.94,466.4729597031778,79.46704029682223
20.736,39.54496692150724,-18.80896692150724
43.296,2.3116327826414818,40.98436721735852
123.136,146.01306072689022,-22.87706072689022
11.264,36.86887061592779,-25.60487061592779
53.424,44.02860795202446,9.395392047975541
275.49,769.3531572213616,-493.8631572213616
24.96,44.53652124427754,-19.576521244277536
19.36,-60.212082650024286,79.57208265002429
1267.65,812.6274503787961,455.022549621204
12.99,-94.80264058720059,107.79264058720058
18.56,23.728596259569713,-5.168596259569714
449.15,376.25016941017725,72.89983058982273
31.248,184.39992020020395,-153.15192020020396
61.44,42.66066990746231,18.77933009253769
895.92,910.6577082897148,-14.737708289714874
55.36,65.03663196823368,-9.676631968233679
55.92,118.72032761585183,-62.80032761585183
24.896,12.45142000578221,12.44457999421779
3.984,-114.55945877015301,118.54345877015301
95.968,105.5464298700872,-9.578429870087191
206.991,187.5112412044639,19.479758795536128
44.416,4.460064625542373,39.955935374457624
9.006,-28.80885071807029,37.81485071807029
19.0,81.56392751619978,-62.56392751619978
33.376,50.29275876149609,-16.91675876149609
207.48,575.842024644885,-368.36202464488497
91.68,80.35178425230015,11.328215747699858
904.9,766.1410683709073,138.75893162909267
34.272,6.632155878894082,27.639844121105916
191.82,195.73568389920842,-3.9156838992084317
243.88,258.3744287224092,-14.494428722409225
12.03,110.2177311806795,-98.18773118067949
2549.985,616.6270296135262,1933.3579703864739
21.594,-22.576893566497574,44.170893566497575
8.964,159.24357257423026,-150.27957257423026
20.736,29.130552229070645,-8.394552229070644
344.22,482.6257806301372,-138.4057806301372
727.296,497.83948798036045,229.4565120196396
22.608,21.61460591120317,0.9933940887968298
666.4,502.97823091858857,163.4217690814114
5.04,-6.0122910465515815,11.05229104655158
92.94,85.87069383914832,7.069306160851681
66.69,56.70250355393637,9.98749644606363
91.68,149.5453169442569,-57.865316944256904
327.7328,483.4379114156202,-155.7051114156202
52.272,400.2316119642228,-347.9596119642228
17.94,-15.14706941757413,33.08706941757413
254.352,265.10379160709726,-10.75179160709726
8.288,-79.5961980279908,87.88419802799079
504.9,453.0088445211586,51.89115547884137
403.168,376.0128020392865,27.155197960713508
194.32,202.68676114489313,-8.366761144893132
25.99,-48.117657992836484,74.10765799283648
195.136,199.51705550171255,-4.381055501712552
20.736,39.72779922505697,-18.99179922505697
53.7,152.10462727935555,-98.40462727935555
36.26,188.5390326174736,-152.2790326174736
56.3,10.41468349610318,45.88531650389682
32.4,87.6450261362877,-55.2450261362877
29.16,-35.564009400646,64.724009400646
171.288,162.7404896980438,8.547510301956208
16.72,87.4917629186682,-70.7717629186682
12.96,-85.68050879633438,98.64050879633439
22.18,-65.68177318309517,87.86177318309518
2054.272,1180.1712329146028,874.1007670853971
1022.97,690.1107535749757,332.85924642502437
13.9,79.21646609860204,-65.31646609860204
26.38,-89.49068344128773,115.87068344128772
43.176,210.9429435617226,-167.7669435617226
411.8,619.9268822905273,-208.12688229052725
360.0,344.4767508618538,15.523249138146184
41.96,-9.916230333902604,51.876230333902605
227.84,230.50805831900857,-2.6680583190085656
37.94,-29.23495815567844,67.17495815567844
517.9,827.5145503088517,-309.6145503088517
5.28,-89.06413372214638,94.34413372214638
2799.96,2266.4517631560857,533.5082368439143
8.96,-78.53525757441503,87.49525757441504
31.5,336.5627607845786,-305.0627607845786
30.56,-35.783998159925204,66.3439981599252
24.368,-28.549159120983404,52.9171591209834
119.976,112.7072167682702,7.268783231729799
26.88,240.89181520533475,-214.01181520533476
83.97,60.65488568052456,23.31511431947544
104.97,87.44670210803406,17.52329789196594
90.8,271.6879656550591,-180.88796565505908
140.736,300.10381073148733,-159.36781073148734
214.95,241.5889862911149,-26.638986291114918
45.36,195.69656562394948,-150.33656562394947
288.24,325.18952871804004,-36.94952871804003
663.936,613.500076253788,50.435923746211984
2934.33,1875.4435804797254,1058.8864195202746
124.41,121.76530709292251,2.6446929070774843
57.75,113.37383358329134,-55.62383358329134
114.46,100.05132537332929,14.408674626670702
120.666,124.01176503287024,-3.345765032870247
342.864,373.4077952763348,-30.543795276334833
16.74,124.04902431363325,-107.30902431363326
981.372,1533.7978091681625,-552.4258091681626
31.84,240.77927765356276,-208.93927765356275
12.96,-89.89805669443945,102.85805669443945
43.176,-2.970267086250942,46.146267086250944
58.34,10.472323879335363,47.86767612066464
539.97,620.6937700146278,-80.7237700146278
3.928,-124.81879025949365,128.74679025949365
252.784,157.40552813466024,95.37847186533975
127.984,139.23201932861366,-11.248019328613665
3.984,-40.73038206223441,44.714382062234414
12.992,35.958667337113866,-22.966667337113865
61.0,111.26715181069812,-50.267151810698124
671.93,559.1872945602305,112.74270543976945
447.86,451.3066119462278,-3.44661194622779
479.95,427.5769243940922,52.373075605907786
166.44,166.00825532396584,0.4317446760341568
31.68,41.60873195235058,-9.928731952350581
10.368,-81.87361790169189,92.24161790169188
12.032,194.46671120680958,-182.43471120680957
5.768,8.191426214501234,-2.4234262145012346
33.12,49.39376597332421,-16.27376597332421
220.2656,213.20131959526134,7.064280404738668
10.776,-33.866979829740785,44.64297982974078
242.352,252.3482548163629,-9.996254816362892
695.16,540.0227812827618,155.13721871723817
220.98,635.3477928406786,-414.3677928406786
12.957,219.18137425762166,-206.22437425762166
25.68,142.60433328061322,-116.92433328061321
15.712,37.578007288817616,-21.866007288817617
298.464,296.5447344467848,1.9192655532152116
21.93,-9.40827972722559,31.33827972722559
242.94,250.98987654109624,-8.04987654109624
7.64,-117.4330097572988,125.0730097572988
51.84,251.23937279192432,-199.39937279192432
265.17,772.4785043606664,-507.3085043606664
837.6,949.0498065570105,-111.44980655701045
135.9,190.63643715248804,-54.73643715248804
34.68,152.49110088607654,-117.81110088607653
532.704,435.7779141291637,96.92608587083623
43.1,115.76246690021276,-72.66246690021276
15.88,58.39742393244296,-42.51742393244296
1123.92,765.031661173186,358.8883388268141
249.584,332.1517388781838,-82.56773887818377
48.672,16.009261095669217,32.66273890433078
60.768,6.505656176836737,54.26234382316326
78.6,126.16801619625039,-47.5680161962504
3.768,-54.77035083563487,58.53835083563487
1036.624,1670.547136585879,-633.9231365858789
563.808,493.4040197035554,70.40398029644462
258.528,351.77615811577425,-93.24815811577423
49.12,63.59663519804508,-14.47663519804508
44.46,-18.22936299793446,62.68936299793446
241.568,321.9423941418995,-80.3743941418995
395.0,347.37753990210217,47.62246009789783
627.168,564.0336945881849,63.13430541181515
13.28,-71.00854551108068,84.28854551108068
12.672,-27.42270556286053,40.094705562860526
30.56,145.13985921932317,-114.57985921932317
77.952,68.7112575604965,9.240742439503492
67.992,99.56493548416688,-31.572935484166877
12.224,-66.4783621238787,78.7023621238787
44.784,0.050899898832767576,44.73310010116723
22.848,30.42430023521797,-7.576300235217971
206.43,217.4050657408102,-10.97506574081018
210.392,218.7617321253124,-8.369732125312396
119.96,154.26007066022544,-34.300070660225444
10.608,134.25044867373026,-123.64244867373026
347.802,345.50180344307,2.3001965569300182
963.136,875.3879192320439,87.74808076795603
88.776,72.8331271216075,15.942872878392492
32.4,91.2855320170886,-58.8855320170886
32.4,79.5831493551243,-47.18314935512431
31.05,11.51050452380764,19.53949547619236
2025.36,1475.0278715547224,550.3321284452775
1799.994,2055.4225616115928,-255.42856161159284
101.988,93.98815092548125,7.99984907451875
262.864,328.2433369013743,-65.3793369013743
735.98,1258.8970338494216,-522.9170338494216
93.024,65.29772751290807,27.726272487091933
284.364,391.5979631694386,-107.2339631694386
26.0,-41.57738850186797,67.57738850186797
67.64,119.61306210247608,-51.97306210247608
119.976,100.69817526541715,19.27782473458285
5.18,145.287650875056,-140.10765087505598
15.56,-99.1677743861353,114.72777438613531
78.35,127.28348710689511,-48.933487106895114
59.52,36.921177480244296,22.598822519755707
38.52,293.1558967654505,-254.6358967654505
239.984,330.97315531202867,-90.98915531202866
19.35,-18.598188779082193,37.948188779082194
67.0,115.27244653345315,-48.27244653345315
390.272,397.5236157178974,-7.251615717897437
62.192,511.806806499244,-449.61480649924397
23.88,134.41142742080547,-110.53142742080547
3.168,-15.760918719445272,18.92891871944527
528.43,433.7360960574226,94.69390394257732
13.392,-12.50054959271688,25.89254959271688
181.86,280.2008039646312,-98.34080396463116
180.588,187.82432828160267,-7.236328281602681
47.984,-3.554722456229001,51.538722456229
18.76,-66.079097779216,84.839097779216
20.94,-4.5179635949955355,25.457963594995537
58.68,22.61363115971926,36.06636884028074
254.9,269.8647953499835,-14.964795349983518
9.64,-91.58149627026592,101.22149627026592
826.62,1007.7162096962988,-181.09620969629884
1633.14,1047.831324744975,585.308675255025
544.38,619.0109399247654,-74.63093992476536
26.046,50.35807726451935,-24.312077264519353
74.352,21.096252885862896,53.25574711413711
69.93,209.07746320504725,-139.14746320504725
3.75,-135.663791448364,139.413791448364
20.928,31.558909820829513,-10.630909820829512
12.672,-0.01539856387216787,12.687398563872168
65.99,92.07323311229948,-26.08323311229948
6.37,244.93114759968898,-238.56114759968898
3.648,38.75244225660413,-35.10444225660412
31.104,137.53181692254043,-106.42781692254043
23.34,4.312050106978177,19.027949893021823
29.97,0.5926261474771763,29.377373852522823
3.366,-8.024963986345256,11.390963986345255
95.968,116.48271543846022,-20.514715438460215
18.704,196.60528400774137,-177.90128400774137
149.232,142.72643965524708,6.505560344752922
15.936,26.78174827832595,-10.84574827832595
601.536,505.993477893605,95.54252210639493
10.99,-105.40957215779008,116.39957215779008
39.88,-13.79333250609443,53.67333250609443
62.24,256.6376205834572,-194.39762058345718
53.2,115.1550170372268,-61.955017037226796
39.84,245.7930208702669,-205.9530208702669
349.95,337.26791199408194,12.682088005918047
377.928,457.2326706274232,-79.3046706274232
13.392,-48.20156321641048,61.59356321641047
11.228,253.4471803325589,-242.2191803325589
207.24,471.647406755538,-264.407406755538
1.504,-120.48224733079928,121.98624733079929
34.848,-14.453029556018464,49.30102955601846
75.18,155.64540319577804,-80.46540319577804
149.97,142.51334835085504,7.456651649144959
931.176,1123.1524089619907,-191.97640896199061
430.88,684.5816498299578,-253.70164982995777
94.85,144.62146950550164,-49.77146950550164
51.12,64.49835956559923,-13.378359565599233
90.0,172.60825910094968,-82.60825910094968
9.408,-87.85543964292424,97.26343964292424
4.672,-122.49183238396586,127.16383238396585
318.4,473.0901840887841,-154.69018408878412
12.768,118.44373740852689,-105.67573740852689
15.36,-52.77893338289732,68.13893338289732
230.376,222.78566061766196,7.590339382338044
7.16,-121.96753427517024,129.12753427517023
375.34,1140.9858297717863,-765.6458297717863
114.9,160.74772818769043,-45.84772818769042
26.046,55.38127801717337,-29.335278017173373
2.896,-53.52910025243409,56.42510025243409
32.544,-13.259656025166805,45.8036560251668
3.984,-140.57340719199715,144.55740719199716
181.797,468.48942216856176,-286.69242216856173
44.94,13.954505180157412,30.985494819842586
45.576,10.372291045466227,35.203708954533774
318.43,282.0613232049566,36.36867679504343
122.92,254.61568223724703,-131.695682237247
7.068,3.382080762949272,3.6859192370507277
56.45,105.11442566489336,-48.66442566489336
13.468,556.9698562905382,-543.5018562905383
219.8,238.1754689676368,-18.375468967636778
317.058,328.7597004798047,-11.701700479804686
49.08,27.837326838802937,21.24267316119706
324.9,312.3227554245343,12.57724457546567
18.24,-5.158744846918353,23.39874484691835
113.888,123.39033759637232,-9.502337596372314
105.584,109.3806067819703,-3.796606781970297
24.85,187.73485321422322,-162.88485321422323
60.312,41.27851410881135,19.033485891188647
7.056,-36.832981283487015,43.88898128348701
27.184,-41.78645597152763,68.97045597152763
107.984,243.6308327539541,-135.64683275395413
19.296,-6.674780374392867,25.970780374392866
4.608,-91.31807970041473,95.92607970041473
79.974,72.39443471772483,7.579565282275169
2.946,-46.03866942798436,48.98466942798436
3.136,-19.543780697059674,22.679780697059673
20.736,37.11609495502353,-16.380094955023527
99.98,81.0593918137372,18.92060818626281
733.95,639.9468399348526,94.00316006514743
241.44,251.72678349279226,-10.286783492792267
10.08,14.40769559070418,-4.327695590704179
281.904,404.855756886471,-122.951756886471
201.432,219.3596260444706,-17.9276260444706
135.98,152.58310229894755,-16.60310229894756
44.95,12.935689036444955,32.01431096355505
2.97,-30.105952371453668,33.07595237145367
6.54,-24.77217549444822,31.31217549444822
7.92,224.19158813366425,-216.27158813366427
203.92,220.41452578683266,-16.494525786832668
3359.952,2376.486288389802,983.465711610198
18.24,-56.268495525859635,74.50849552585963
27.78,133.19755455994232,-105.41755455994232
22.96,183.766200310758,-160.806200310758
28.99,-39.03137768748911,68.0213776874891
12.96,-70.55549827895197,83.51549827895198
22.96,190.46154399354737,-167.50154399354736
4164.05,2912.29241592743,1251.7575840725704
47.984,5.270046020472819,42.71395397952718
4.624,-114.91547254271359,119.53947254271358
15.24,-8.705491814457218,23.94549181445722
63.924,231.78575677538265,-167.86175677538264
6.56,-73.8138737818083,80.3738737818083
13.11,-13.712094817880825,26.822094817880824
494.376,536.3347191757324,-41.958719175732426
29.2,77.82620114772908,-48.62620114772908
248.85,244.56172363192763,4.28827636807236
36.24,-28.109501882892346,64.34950188289235
11.68,-65.90658268701577,77.58658268701578
11.91,-6.542964450405179,18.45296445040518
3.48,-78.90375210848492,82.38375210848493
30.96,295.29001838784643,-264.33001838784645
1704.89,1170.4578458162307,534.4321541837694
19.194,214.63790839948047,-195.44390839948048
121.792,129.39087477263797,-7.59887477263797
1919.976,2193.784139727748,-273.80813972774786
50.997,64.4685329881429,-13.471532988142897
76.792,141.1630484411089,-64.37104844110891
539.964,413.44433555472256,126.5196644452775
60.312,52.207168859649755,8.104831140350242
1.944,13.168038048718245,-11.224038048718246
12.984,-13.268366348388327,26.25236634838833
217.584,298.83337553483557,-81.24937553483556
328.776,355.91535650709125,-27.139356507091236
2.286,45.02513392848391,-42.73913392848391
47.984,-4.157747141201298,52.1417471412013
25.344,138.77918260007527,-113.43518260007528
232.4,252.52874726094228,-20.128747260942276
86.45,224.24635291897516,-137.79635291897517
603.92,500.29872903570424,103.62127096429572
81.98,56.29210580587551,25.687894194124496
271.764,394.9516399640763,-123.18763996407631
14.376,-12.622944081565947,26.998944081565945
341.96,211.15579864845517,130.8042013515448
181.35,363.5186012227721,-182.16860122277208
8.64,-37.840372634155074,46.480372634155074
43.512,215.43736384964268,-171.92536384964268
662.88,747.3229782736843,-84.44297827368428
25.92,97.89922523574751,-71.9792252357475
68.94,53.138898324992624,15.801101675007374
128.82,128.58611121043145,0.23388878956853887
896.99,216.40223321858025,680.5877667814198
1.234,-55.24263149275703,56.47663149275703
67.56,55.90265455003919,11.657345449960815
21.72,90.4586837791012,-68.7386837791012
262.336,371.878196362401,-109.542196362401
148.48,177.00850006848668,-28.528500068486693
241.176,258.5126750967954,-17.33667509679543
227.976,232.79628854458633,-4.820288544586333
52.68,22.45477647806206,30.22522352193794
2.032,-97.27147685332238,99.30347685332238
17.12,23.926864928370605,-6.806864928370604
431.968,389.761880592122,42.20611940787802
129.92,128.55819005234343,1.3618099476565533
568.728,610.4931355371721,-41.765135537172114
117.144,320.6079238042805,-203.4639238042805
203.52,204.04080968351695,-0.5208096835169442
51.75,94.24097311494461,-42.49097311494461
122.97,114.93567453446803,8.034325465531964
244.615,701.4906507144649,-456.8756507144649
59.97,35.29287567488336,24.677124325116637
81.54,319.1346008875789,-237.5946008875789
11.68,-7.688165320258349,19.36816532025835
29.0,84.30063700823234,-55.30063700823234
50.8,111.47080961264783,-60.67080961264783
16.03,129.40169820865844,-113.37169820865844
15.712,35.53126884526341,-19.819268845263412
89.97,82.35274392210113,7.6172560778988725
435.999,473.54690621414534,-37.547906214145314
83.984,59.54149085719564,24.442509142804354
359.98,546.0603549456467,-186.08035494564672
70.56,108.01049436723338,-37.450494367233375
20.88,-60.57496512089574,81.45496512089574
3.81,-139.6874736014829,143.4974736014829
73.008,276.3375777509407,-203.3295777509407
3.208,-17.641749830412436,20.849749830412435
26.176,-41.77862847803158,67.95462847803158
30.44,39.99398482827837,-9.55398482827837
35.28,7.720074551875996,27.559925448124005
19.44,-15.733751080322918,35.173751080322916
37.88,-23.60573147244031,61.485731472440314
9.552,-5.023548550887654,14.575548550887653
290.666,408.5181016278618,-117.85210162786183
10.368,-66.99834587819441,77.36634587819441
14.352,-14.895566790102748,29.24756679010275
141.96,171.94483334431925,-29.98483334431924
66.048,80.73265108551504,-14.684651085515043
1287.45,1022.1120563431224,265.33794365687766
25.824,137.76743161358308,-111.94343161358309
160.96,198.86586229389695,-37.905862293896945
28.44,0.7319710073068109,27.70802899269319
364.41,333.86530885068805,30.544691149311973
39.96,58.541421131098105,-18.581421131098104
361.764,551.8787795050692,-190.11477950506924
111.672,329.87733580923714,-218.20533580923714
13.776,196.84452916959958,-183.06852916959957
10.272,-22.090686204545136,32.362686204545135
24.048,289.6315254706956,-265.5835254706956
2.896,-140.48414190617314,143.38014190617312
17.94,-15.592001437588578,33.532001437588576
384.174,380.2057301293073,3.968269870692666
1799.75,1475.705470573306,324.044529426694
580.672,528.5003544837733,52.171645516226704
18.936,-46.99478592643413,65.93078592643414
222.384,294.9008030337957,-72.5168030337957
50.454,170.32075343459428,-119.86675343459427
154.764,135.2003986167174,19.563601383282617
6.848,-72.39544212209626,79.24344212209625
1091.168,976.1797132570746,114.98828674292531
219.168,293.00396824033896,-73.83596824033896
6.928,-43.747151613385995,50.67515161338599
40.032,140.35900488764514,-100.32700488764515
443.92,399.30931439239316,44.610685607606854
169.99,443.51451187654106,-273.52451187654106
25.92,25.587482717375906,0.33251728262409586
36.99,-11.678585799424809,48.66858579942481
629.1,581.0905230746954,48.009476925304625
193.95,198.60417292207808,-4.654172922078089
5.46,-23.862157627921533,29.322157627921534
22.288,188.50604994646415,-166.21804994646413
65.424,110.80877101190049,-45.38477101190048
77.88,43.91662428852828,33.96337571147171
281.372,394.4306282454911,-113.0586282454911
281.372,394.43065735554865,-113.05865735554863
7.488,263.26524603896155,-255.77724603896155
22.336,40.6881791034059,-18.352179103405902
10.368,-67.98356885508156,78.35156885508155
65.79,308.9893704291601,-243.19937042916007
271.984,396.259818213435,-124.275818213435
11.76,27.483368930271354,-15.723368930271354
77.52,47.733152974947416,29.78684702505258
48.64,-8.689517916221575,57.329517916221576
1.81,-137.2418841852391,139.0518841852391
8.26,-87.28932579220623,95.54932579220623
43.56,103.14141298869822,-59.58141298869822
5.84,-77.13815389804631,82.97815389804632
271.764,397.0579051528655,-125.29390515286548
262.24,378.95463946920427,-116.71463946920426
182.72,324.34470383815915,-141.62470383815915
131.6,244.65530472102046,-113.05530472102046
22.72,32.804057596318216,-10.084057596318218
558.4,871.6463038744101,-313.24630387441016
15.24,22.54534572291459,-7.3053457229145895
1408.1,945.7662080919504,462.33379190804953
32.896,43.01726116308009,-10.121261163080092
215.148,264.8896733626175,-49.74167336261749
30.96,136.64993727570413,-105.68993727570412
29.79,-10.474547957795266,40.264547957795266
128.9,132.0053095374576,-3.1053095374576003
60.12,291.9684379156081,-231.8484379156081
24.816,-2.3324042437395747,27.148404243739574
14.976,128.83450625131513,-113.85850625131513
15.08,-14.615766972057145,29.695766972057143
24.288,11.451068983013556,12.836931016986444
16.192,-29.29651401416527,45.48851401416527
251.006,334.0118957125046,-83.00589571250461
54.192,160.58788739709144,-106.39588739709143
4.304,-134.95569467157793,139.25969467157793
108.92,579.0510150457283,-470.13101504572825
16.74,-51.16730772914411,67.90730772914411
2504.74,1609.0513492510863,895.6886507489135
84.784,76.62991447700233,8.154085522997676
29.9,93.00621276977085,-63.106212769770856
70.88,-3.9816344175053473,74.86163441750534
3.76,-92.76347630901091,96.52347630901092
27.264,-45.65906470876416,72.92306470876416
56.65,112.2273411227875,-55.577341122787494
14.97,-87.88347955830864,102.85347955830863
4.02,-89.88090740817779,93.90090740817779
471.92,728.0168863681314,-256.0968863681314
58.72,54.4603132335651,4.259686766434896
5.16,-16.044876289444346,21.204876289444346
16.496,-51.09781741202437,67.59381741202436
71.976,44.76608198756071,27.20991801243929
22.512,-4.76331710446857,27.27531710446857
3.444,-45.74143134355177,49.18543134355177
538.194,699.970225400847,-161.776225400847
47.984,-15.282190113856814,63.266190113856815
492.768,454.49213606663807,38.275863933361904
286.79,342.9814221807269,-56.191422180726875
5.08,-122.64161249034123,127.72161249034123
47.992,19.00620448126392,28.985795518736076
61.96,21.400197019697544,40.55980298030246
361.96,552.184468368791,-190.22446836879107
278.82,420.57461013053967,-141.75461013053967
133.38,218.1617013799687,-84.7817013799687
47.952,22.523721650044536,25.428278349955463
16.74,-61.08775339522367,77.82775339522367
10.848,-70.39711204811806,81.24511204811806
18.544,-49.23155815486621,67.7755581548662
180.98,478.91889404185144,-297.9388940418514
99.98,82.0795652888653,17.900434711134707
34.95,85.4257642995392,-50.47576429953919
152.0,177.95265581917351,-25.952655819173515
92.52,337.01672995281774,-244.49672995281776
8.56,-75.48199908792571,84.04199908792572
45.36,195.90435572270667,-150.54435572270665
1421.664,865.4337767956323,556.2302232043677
8.96,-82.07925165039546,91.03925165039547
579.95,527.7262596540279,52.223740345972146
29.12,47.038916063111174,-17.918916063111173
1202.94,1431.5383210134335,-228.5983210134334
7.92,14.857190837158896,-6.937190837158896
36.192,-14.564129925520547,50.75612992552055
147.184,161.64333592811386,-14.459335928113859
408.422,602.1990358547399,-193.7770358547399
382.116,312.22235183838575,69.89364816161424
68.6,116.08553726042669,-47.485537260426696
435.504,466.3039358073372,-30.799935807337192
11.168,-74.11081211493547,85.27881211493548
72.0,87.55306031764826,-15.55306031764826
655.9,608.4545238276019,47.445476172398116
603.92,591.4169606303429,12.503039369657017
513.024,789.747803742683,-276.723803742683
487.92,442.4091943656729,45.51080563432714
15.24,75.63745881276782,-60.397458812767816
209.97,221.24149272142972,-11.271492721429723
62.94,31.640610258215702,31.299389741784296
25.92,289.10769235154,-263.18769235153997
10.368,-77.30968660710869,87.67768660710868
95.736,73.81725524090098,21.918744759099027
900.08,818.4869838774937,81.59301612250636
201.584,274.909599509871,-73.32559950987098
3.392,94.78569347233724,-91.39369347233725
193.0656,198.58316573128923,-5.517565731289238
15.552,-12.1179719771269,27.6699719771269
11.648,-59.00626258942589,70.65426258942588
418.8,610.1865527610587,-191.38655276105868
509.488,401.7051846702125,107.78281532978752
825.174,551.4500576605235,273.7239423394765
17.76,-30.406549548029943,48.16654954802995
6.912,-36.05963809582204,42.97163809582204
66.3,48.287344039682466,18.01265596031753
30.816,289.7122825245892,-258.89628252458925
44.784,-8.202936774683849,52.98693677468385
569.536,521.6189331545652,47.91706684543476
796.425,397.92536281753473,398.4996371824652
12.832,-71.4464080037344,84.2784080037344
40.46,191.16233607215827,-150.70233607215826
404.94,455.03326566985834,-50.09326566985834
116.0,282.6129126131134,-166.6129126131134
657.552,524.6981174164126,132.8538825835874
599.97,720.9777386026487,-121.00773860264871
38.97,16.742616025344432,22.227383974655567
45.84,243.63276157192627,-197.79276157192626
38.24,66.71835797844324,-28.478357978443235
87.168,70.18868025439951,16.979319745600492
21.4,81.37373632227263,-59.973736322272636
54.9,105.68273928864369,-50.78273928864369
287.968,290.29478924927685,-2.3267892492768283
13.12,24.345948067777726,-11.225948067777727
10.75,72.87016941312845,-62.12016941312845
11.62,-71.2637713835179,82.88377138351791
40.74,21.81774277887348,18.92225722112652
83.25,59.76371876702365,23.486281232976353
9.45,-41.863791977627216,51.31379197762722
20.65,72.78692915940542,-52.13692915940542
45.36,187.53027518367844,-142.17027518367843
5.352,-33.92508173515762,39.27708173515762
99.372,78.31004560594442,21.061954394055576
2.672,-132.52774206868867,135.19974206868866
28.672,242.6636940922308,-213.9916940922308
29.312,325.31290102790285,-296.00090102790284
105.98,231.8880303769181,-125.90803037691809
35.06,-31.97066549553142,67.03066549553142
33.94,-24.561266966395806,58.501266966395804
30.0,232.95445272315305,-202.95445272315305
45.528,11.360992063463982,34.16700793653602
844.116,586.0841232208454,258.0318767791546
812.736,592.5101536731821,220.22584632681787
7.476,-76.97720201711513,84.45320201711513
330.4,494.0816841672412,-163.6816841672412
604.752,477.6342515559743,127.11774844402566
45.36,193.1895508423372,-147.8295508423372
10.128,-79.69275054060722,89.82075054060722
21.792,28.426638018935137,-6.634638018935135
439.8,435.64303445270025,4.156965547299762
8.256,30.5730922856867,-22.317092285686698
25.56,117.70990762321799,-92.14990762321798
4.368,-45.55150658519278,49.919506585192785
11.52,26.896583941443623,-15.376583941443624
12.96,-83.32067625048558,96.28067625048558
3.96,-80.88644377356422,84.84644377356422
1577.94,1998.4867524659012,-420.54675246590114
15.008,72.64282437399083,-57.63482437399084
59.98,7.554028392402643,52.425971607597354
2395.2,1549.5359521036619,845.6640478963379
1687.8,1695.8833633521508,-8.083363352150855
7.992,-115.7366275709785,123.7286275709785
5.184,-115.78165427082126,120.96565427082126
11.68,-71.62767770469736,83.30767770469737
104.8,370.3100143091708,-265.5100143091708
14.496,-20.638330753875834,35.13433075387584
4.784,-135.02805283766702,139.812052837667
4.73,-138.98892886013118,143.71892886013117
7.89,-100.03796395328368,107.92796395328368
65.5,121.46634972573065,-55.96634972573065
2430.08,1400.2837822335996,1029.7962177664003
104.85,219.40497705070857,-114.55497705070857
3.9,-81.67821142720777,85.57821142720778
801.96,1336.548716078439,-534.5887160784389
191.96,252.3350890124998,-60.375089012499785
2.61,-137.7867821370935,140.3967821370935
5.96,-81.51668504466465,87.47668504466465
1169.694,1205.6056091623673,-35.91160916236731
1665.62,2729.7215210364993,-1064.1015210364994
2.88,-140.22087193579796,143.10087193579795
1443.96,980.2207796792975,463.73922032070254
2.92,-123.99080423586133,126.91080423586133
465.18,528.1367049560155,-62.95670495601547
22.428,25.896160903558666,-3.4681609035586654
37.52,105.94200684189173,-68.42200684189172
2.624,-124.86622318238597,127.49022318238596
15.552,-13.172967841489935,28.724967841489935
64.704,177.2364672552069,-112.5324672552069
17.472,-8.348703324076496,25.820703324076497
135.516,328.716956889883,-193.20095688988303
431.928,465.60170842676325,-33.673708426763255
12.448,-54.13221886725728,66.58021886725729
657.93,506.80808164640337,151.12191835359658
277.4,297.0099888587356,-19.60998885873562
25.16,-42.207863732498936,67.36786373249893
91.92,107.41464199728398,-15.494641997283978
29.34,-39.78561382226826,69.12561382226826
139.44,138.86545623683196,0.5745437631680375
6.912,-27.61808269158155,34.53008269158155
27.096,9.45833781558963,17.63766218441037
177.568,224.5452960653322,-46.97729606533218
58.416,20.117308503607546,38.29869149639245
16.448,-54.2826300477484,70.7306300477484
36.784,-16.632329111378567,53.416329111378566
718.116,515.7312926722296,202.38470732777034
31.776,45.1997873145142,-13.423787314514197
9.555,121.30689691491943,-111.75189691491943
487.984,775.5415084976761,-287.5575084976761
5.56,-128.93466391147786,134.49466391147786
217.85,232.14429810246043,-14.29429810246043
40.776,30.59914412114722,10.176855878852784
63.936,273.3566165224411,-209.42061652244107
142.4,181.68482025482467,-39.284820254824666
7.16,-85.02040467103666,92.18040467103665
681.408,638.6816627534987,42.726337246501316
3.52,-90.20745763461446,93.72745763461445
5.58,-128.0875286060707,133.6675286060707
36.32,-25.94358417808894,62.26358417808894
2060.744,1403.8886393837784,656.8553606162218
52.272,34.83672300317403,17.43527699682597
213.136,294.14632364929776,-81.01032364929776
69.52,28.746473022906457,40.77352697709354
763.44,563.3120229686533,200.12797703134675
9.216,19.73575604225084,-10.519756042250842
41.958,211.58032693647306,-169.62232693647306
89.568,74.3448720394947,15.223127960505295
22.248,-10.035582801686814,32.28358280168682
334.88,319.0528656374463,15.827134362553693
148.288,263.71134131052963,-115.42334131052962
4.624,-123.50633626865078,128.13033626865078
178.92,270.0069121147426,-91.0869121147426
69.888,226.76044658016008,-156.87244658016007
487.984,778.7525267498274,-290.76852674982746
47.3,-6.067551547040239,53.367551547040236
4.13,-128.1945945141531,132.3245945141531
155.12,185.57143382834465,-30.451433828344648
6.48,-129.34420137809616,135.82420137809615
15.52,28.516656517381534,-12.996656517381535
2.946,-38.84876273955092,41.79476273955092
55.104,166.6949514837156,-111.59095148371561
104.88,184.09007622514923,-79.21007622514924
34.7,86.70891649755117,-52.00891649755117
33.72,33.262842319674746,0.4571576803252526
14.94,-62.24853633000703,77.18853633000703
638.73,581.9822125018154,56.74778749818461
113.568,110.90430331028301,2.6636966897169856
9.096,-100.26343413616428,109.35943413616428
8.688,-30.143716442141567,38.83171644214157
30.88,49.833685144015135,-18.953685144015136
6.408,-29.317022916776978,35.72502291677698
33.8,95.42490330969372,-61.62490330969372
377.97,417.45239279925727,-39.48239279925724
258.9,447.70750631579494,-188.80750631579497
24.56,-55.78641430652442,80.34641430652442
27.888,195.35955236291738,-167.47155236291738
6.456,70.03837602941326,-63.582376029413254
52.68,34.99251849863572,17.68748150136428
13.88,107.86585637897338,-93.98585637897338
103.92,385.95717075782704,-282.037170757827
11.52,87.57966717266049,-76.0596671726605
10.368,-60.43420080068108,70.80220080068108
39.072,28.488395880596045,10.583604119403958
8.872,-106.45025981561434,115.32225981561434
121.104,199.22295239746313,-78.11895239746313
127.372,136.92497408618306,-9.552974086183056
47.952,24.431879333697452,23.520120666302546
44.46,-11.048837790587868,55.50883779058787
15.8,28.2966594253121,-12.4966594253121
464.97,553.9655450364227,-88.99554503642264
181.96,231.61924056770658,-49.659240567706576
12.39,-25.671654494669838,38.06165449466984
84.09,60.669642118355114,23.42035788164489
79.36,87.2848986266581,-7.924898626658106
153.36,350.23159612637573,-196.87159612637572
43.68,142.69246786696226,-99.01246786696225
98.21,230.93671590202234,-132.72671590202236
9.84,-26.442356867371245,36.28235686737125
2.694,-53.94514358014135,56.63914358014135
25.344,125.81931570120605,-100.47531570120606
43.92,92.84756624458737,-48.92756624458737
59.994,36.69740746687921,23.296592533120787
439.992,1389.9677171122948,-949.9757171122949
87.96,134.18897558463277,-46.22897558463278
15.488,33.31244141915977,-17.82444141915977
232.96,326.3761341009538,-93.41613410095377
66.54,174.9343528715708,-108.3943528715708
43.26,25.241290547048266,18.018709452951732
141.96,176.06426790968771,-34.10426790968771
79.4,135.20693258388383,-55.80693258388382
163.96,180.9458425080586,-16.985842508058596
37.93,1.6172572430623404,36.31274275693766
15.168,-59.852932032481476,75.02093203248148
24.78,132.28896014192424,-107.50896014192423
19.14,-28.612606780155147,47.75260678015515
899.97,1075.7891682161853,-175.8191682161853
32.4,83.7335626816041,-51.3335626816041
23.832,-4.25296887570039,28.08496887570039
6.368,-49.217790210182784,55.585790210182786
34.176,93.15023750699243,-58.974237506992424
5.544,185.2113406601834,-179.66734066018338
510.24,540.7392866375637,-30.499286637563728
204.95,220.91778468390726,-15.967784683907269
11.54,-97.10223671106269,108.64223671106268
162.6,168.92118507701502,-6.321185077015031
45.68,-1.4381916486754562,47.118191648675456
603.92,506.2415407625689,97.67845923743107
23.55,98.96216301792515,-75.41216301792515
5.04,-68.72925559783039,73.7692555978304
249.95,265.35041408909024,-15.400414089090248
33.4,91.65010838722606,-58.25010838722606
18.92,34.38331582040132,-15.46331582040132
15.42,-66.49275760580213,81.91275760580213
35.712,257.654797684648,-221.94279768464799
551.985,320.5110626409494,231.47393735905064
7.056,-46.24023614456178,53.296236144561774
18.72,-49.75868359034325,68.47868359034325
360.38,546.2096454212217,-185.8296454212217
11.16,-71.43079994950904,82.59079994950903
14.94,-25.37531243769581,40.31531243769581
41.96,-9.789843467925266,51.74984346792527
636.86,490.88956737907176,145.97043262092825
499.99,1591.742838671348,-1091.752838671348
1259.93,897.0551394666273,362.8748605333727
65.08,71.85081028797185,-6.770810287971855
26.38,-54.216179202672265,80.59617920267226
71.97,56.76321046942212,15.206789530577879
129.98,133.49904181317288,-3.5190418131728904
32.54,-51.09572730931586,83.63572730931585
10.9,-105.65897174817906,116.55897174817906
59.98,12.724573999719269,47.25542600028073
61.929,68.90935301845775,-6.980353018457748
16.52,29.250754558291874,-12.730754558291874
60.12,305.2713156637112,-245.15131566371122
49.536,22.98626294286214,26.54973705713786
11.85,-20.02516341553951,31.87516341553951
118.25,157.84928471940498,-39.59928471940498
368.97,409.03030101395143,-40.0603010139514
198.46,264.34676417039987,-65.88676417039986
321.92,311.9076590400475,10.012340959952496
879.984,1496.8928592466825,-616.9088592466825
28.4,84.54564378281293,-56.14564378281293
230.28,231.53968938016237,-1.2596893801623708
116.28,97.40090373957491,18.879096260425086
841.568,1420.268184449285,-578.700184449285
354.9,314.1175736811376,40.78242631886235
42.784,193.80215547944545,-151.01815547944545
563.43,441.4079254968922,122.02207450310777
111.104,241.795144482845,-130.691144482845
11.68,-75.95711411324714,87.63711411324715
16.9,-60.517647266739914,77.41764726673992
24.4,-48.9890679336238,73.3890679336238
87.6,133.07806465299382,-45.47806465299382
241.96,340.41914943123675,-98.45914943123674
8.52,-26.304744929103663,34.82474492910366
1.788,37.17748885252854,-35.389488852528544
99.372,99.6439530144271,-0.27195301442709763
1.344,-135.0008367828932,136.3448367828932
119.96,165.15590458964152,-45.19590458964153
1013.832,697.7028340882548,316.1291659117452
1.984,-88.46394599723885,90.44794599723885
2003.52,1148.0952369547988,855.4247630452012
82.368,66.03789383303774,16.330106166962253
62.91,44.132209637130245,18.77779036286975
6.912,-35.003641431367214,41.91564143136721
383.976,419.30661178227956,-35.33061178227956
10.368,-78.6559758168562,89.0239758168562
335.944,351.47901720436244,-15.535017204362418
665.88,533.5208233078478,132.35917669215223
71.976,47.99017514113257,23.98582485886743
37.94,-22.94015276727555,60.88015276727555
273.96,386.08112172194046,-112.12112172194048
269.982,291.24732343758114,-21.265323437581117
8.904,-20.802431514689488,29.706431514689488
720.064,614.6646130375735,105.39938696242643
41.424,-14.702480464631208,56.12648046463121
3.132,-32.968122856839955,36.10012285683995
1085.42,794.7588788491187,290.6611211508814
3.912,-121.12932416638523,125.04132416638524
62.376,45.478892614033384,16.897107385966613
29.05,92.88527264500021,-63.83527264500022
180.96,235.75759681782233,-54.797596817822324
4.419,0.14399637012320454,4.275003629876795
16.032,133.42514460278312,-117.39314460278312
29.79,4.954145865140845,24.835854134859154
57.23,61.73541530808984,-4.5054153080898445
333.0,350.3598833962517,-17.35988339625169
36.44,52.18554404551787,-15.745544045517875
251.64,268.76766633974285,-17.12766633974286
523.764,499.41022972661926,24.353770273380746
1359.96,1027.2825617270532,332.6774382729468
102.592,226.3697882437018,-123.7777882437018
22.704,-59.3639477117797,82.06794771177971
93.024,84.54022105914692,8.483778940853085
12.768,-61.730216918512724,74.49821691851272
35.008,54.28690284025265,-19.27890284025265
39.152,-1.10992658327973,40.26192658327973
11.76,84.44458424102481,-72.68458424102481
5.238,-44.01102896753264,49.24902896753264
4.662,10.146579460798193,-5.4845794607981935
523.92,412.4669523176235,111.45304768237645
100.792,207.45472645677592,-106.66272645677591
146.136,141.15000771740893,4.98599228259107
25.06,-51.50775524730943,76.56775524730944
19.824,129.00162607073094,-109.17762607073094
823.96,640.7908419490157,183.16915805098438
15.984,-69.40843694288696,85.39243694288696
801.96,1332.2186083267989,-530.2586083267988
59.97,39.191409978238426,20.778590021761573
1056.86,790.2524072464383,266.60759275356156
12.816,-19.616611443648253,32.432611443648256
314.352,331.14629292371865,-16.79429292371867
18.98,-53.28368861360104,72.26368861360105
18.24,138.89448510207512,-120.65448510207513
991.2,776.5483447674914,214.6516552325087
879.984,1510.750097651114,-630.7660976511139
12.96,282.9246134071518,-269.96461340715183
107.44,387.8915593048623,-280.4515593048623
1458.65,1196.8821351351949,261.76786486480523
26.64,-51.99653977429034,78.63653977429034
476.8,751.8769462752549,-275.0769462752549
87.444,61.13801005975438,26.305989940245624
76.14,58.18287085311567,17.957129146884327
19.96,-61.28778344493753,81.24778344493754
1049.97,716.1683459786307,333.80165402136936
611.058,650.6346475563341,-39.57664755633414
2.368,-89.93878436164619,92.30678436164618
19.008,-15.45349032853369,34.461490328533685
911.984,1501.024616500828,-589.0406165008279
674.352,707.7990593716129,-33.44705937161291
134.01,350.08129634432544,-216.07129634432545
170.97,186.97431132103202,-16.00431132103202
170.352,166.55677011317312,3.7952298868268883
7.184,-93.3398812136204,100.5238812136204
6.28,-68.66628615023524,74.94628615023524
480.74,731.232055944927,-250.49205594492696
616.998,461.0196917207868,155.97830827921325
141.4,171.44551305519803,-30.04551305519803
501.81,533.3462113737794,-31.536211373779395
691.96,690.4229604642011,1.5370395357989537
34.95,77.09514900503063,-42.14514900503063
85.96,222.29873208420463,-136.33873208420465
85.3,62.31693296200751,22.983067037992484
33.568,282.82963138367404,-249.26163138367406
4.95,-130.8079938176561,135.7579938176561
26.4,93.44566862841134,-67.04566862841133
3.564,44.418929572302886,-40.854929572302886
823.96,659.5701996303076,164.38980036969247
10.272,-9.248635881811651,19.52063588181165
447.944,419.52063598857126,28.42336401142876
480.96,434.78501726923673,46.17498273076325
124.792,285.55791145420176,-160.76591145420176
40.176,17.003683535880555,23.172316464119447
10.896,-20.439858975973948,31.33585897597395
10.64,25.3628577883419,-14.722857788341898
151.96,165.42175043211228,-13.461750432112268
238.0,326.32411092631173,-88.32411092631173
155.34,218.2268270463203,-62.88682704632029
148.32,352.3717454419925,-204.05174544199252
240.784,685.3421803601334,-444.5581803601334
191.968,281.2691836273707,-89.3011836273707
11.56,-76.85290018550722,88.41290018550723
11.8,19.772642973913207,-7.9726429739132065
842.352,932.6095408808558,-90.2575408808558
23.472,-40.22095522830409,63.69295522830409
86.058,227.8001407766135,-141.7421407766135
108.784,105.4766659294005,3.3073340705995093
10.272,-23.51721095181665,33.78921095181665
38.19,124.8035436550972,-86.6135436550972
49.632,53.52666043071508,-3.894660430715085
52.096,57.221841189442785,-5.125841189442788
9.568,-76.80677077557266,86.37477077557266
82.368,57.105217037841385,25.26278296215861
364.704,326.76437234557034,37.93962765442967
40.256,52.92744490857672,-12.671444908576717
4.368,-14.326513400590557,18.69451340059056
12.128,91.7432238908259,-79.6152238908259
134.85,117.87046935413787,16.979530645862127
8.56,-74.0753148238989,82.63531482389891
239.97,253.2238274968065,-13.253827496806508
356.94,541.5996918608812,-184.6596918608812
659.9,1093.5880268620995,-433.6880268620995
1684.752,1148.597049304623,536.154950695377
559.92,528.3402610152385,31.579738984761434
279.944,335.6519213281506,-55.707921328150576
9.98,145.54373515938642,-135.56373515938643
48.9,96.51109845306996,-47.611098453069964
3.552,-28.286914837101904,31.838914837101903
15.552,-12.632496199348225,28.184496199348224
2.368,-78.17570352666621,80.5437035266662
127.984,133.39506145647124,-5.411061456471245
10.368,-73.03647015975548,83.40447015975548
47.984,15.05173904330536,32.93226095669464
270.34,627.6479560128558,-357.30795601285587
98.112,237.29976476622642,-139.18776476622642
563.808,511.0071939722359,52.80080602776411
10.428,64.53770054192273,-54.109700541922734
547.136,473.4465089692692,73.68949103073078
14.85,100.70640359386152,-85.85640359386153
41.988,3.839234613805502,38.1487653861945
7.584,-110.84978822701623,118.43378822701624
352.45,268.74580701197533,83.70419298802466
470.376,512.4264687479033,-42.050468747903324
19.44,-10.887555436534285,30.327555436534286
9.82,-64.53395817651335,74.35395817651334
801.6,478.78641241217383,322.8135875878262
161.568,193.00666852636687,-31.438668526366854
16.096,-62.39425812640684,78.49025812640684
7.656,62.03615429687056,-54.380154296870565
311.976,312.24726838205356,-0.2712683820535631
61.68,79.59099750252722,-17.910997502527216
63.96,77.98152880624912,-14.021528806249115
359.976,383.7385510925801,-23.76255109258011
25.344,134.11320055317628,-108.76920055317629
26.72,89.15166686360203,-62.43166686360203
30.28,-13.823627847094258,44.10362784709426
57.93,47.826632528892105,10.103367471107894
35.34,-13.467880113737692,48.807880113737696
137.24,185.16075983042765,-47.92075983042764
241.332,239.44787695775904,1.884123042240958
5.184,-129.09932947268362,134.28332947268362
145.544,252.37326166247112,-106.82926166247111
5.472,-14.701738342316276,20.173738342316277
47.984,6.7612479014162545,41.22275209858375
9.4,68.87670019931602,-59.47670019931602
74.0,116.54330204350572,-42.54330204350572
201.584,257.0349078626127,-55.45090786261272
28.752,-27.12976985499313,55.881769854993124
27.216,0.911153352356223,26.304846647643778
197.372,259.03947644284085,-61.66747644284084
1424.9,1146.5098149215728,278.3901850784273
14.56,-62.80283212033987,77.36283212033987
3.048,-131.30603197134792,134.35403197134792
25.92,87.7116405949555,-61.791640594955496
835.17,596.6033256901243,238.56667430987568
17.34,-27.295896124899173,44.635896124899176
44.384,10.772976575688972,33.61102342431103
2.944,-122.53404747156856,125.47804747156856
6.368,-66.11662492458117,72.48462492458117
48.848,2.0403096941604417,46.80769030583956
19.648,-51.79933986188507,71.44733986188507
255.108,278.371245151611,-23.263245151610988
17.248,-59.5029918000389,76.7509918000389
159.984,190.6186320821173,-30.634632082117292
12.7,-74.86594056706281,87.56594056706281
5.47,-127.0833181971509,132.5533181971509
79.36,88.00139573150591,-8.64139573150591
22.14,-9.868686711707369,32.00868671170737
11.277,23.570845091422598,-12.293845091422599
4.448,-67.7608136274373,72.20881362743731
44.76,29.221317362943864,15.538682637056134
38.28,141.19194051400382,-102.91194051400382
149.95,185.581638525191,-35.63163852519102
12.84,-35.40351275113858,48.24351275113858
44.67,3.721400809231227,40.948599190768775
7.872,-10.10653278296786,17.97853278296786
7.872,-16.25890121935072,24.13090121935072
88.04,101.96490935780776,-13.92490935780775
40.635,210.19155737996243,-169.55655737996244
5.728,302.38766562679075,-296.65966562679074
42.24,355.71997284941267,-313.47997284941266
53.82,300.314599561402,-246.49459956140203
79.36,88.2448678586129,-8.884867858612907
13.48,-64.16132117861207,77.64132117861207
29.8,95.62587286389225,-65.82587286389226
414.0,448.6793457398801,-34.67934573988009
41.328,197.28058691227716,-155.95258691227716
39.92,60.37193240930969,-20.45193240930969
8.94,-52.98791928929859,61.927919289298586
84.784,76.43462025458075,8.349379745419256
53.316,28.732738991615406,24.583261008384596
56.52,41.13051755542483,15.389482444575172
22.77,4.1217410295041645,18.648258970495835
287.968,260.46439871301413,27.503601286985884
2799.96,2283.5705727702343,516.3894272297657
48.94,15.449259718039457,33.49074028196054
257.499,266.08659209960024,-8.587592099600215
2591.56,2423.5253596807856,168.0346403192143
41.95,102.63406930683959,-60.68406930683959
79.12,141.38032272757277,-62.26032272757277
52.96,13.694660389617638,39.26533961038236
286.344,286.6839881535159,-0.33998815351588973
63.552,39.36802418983302,24.183975810166977
41.376,17.57713362129539,23.79886637870461
172.704,227.8378436218834,-55.133843621883386
512.94,586.369056580208,-73.429056580208
860.93,666.2329885930023,194.6970114069976
769.95,668.2723142720079,101.67768572799218
14.98,-80.31354563446689,95.2935456344669
373.08,368.2745971731799,4.805402826820057
231.92,232.62790120298746,-0.7079012029874718
63.47,421.2005456988336,-357.73054569883357
345.0,335.6309397257412,9.3690602742588
637.896,658.3228818487261,-20.42688184872611
287.91,311.3289463289218,-23.418946328921777
36.6,12.131938338955933,24.468061661044068
1.78,-141.37787294091504,143.15787294091504
25.92,39.05228775152659,-13.13228775152659
101.94,192.0534578472009,-90.11345784720089
6.848,-69.78180372992233,76.62980372992233
474.43,587.2312265142724,-112.8012265142724
8.448,-72.09285123604695,80.54085123604696
39.296,59.988727136991656,-20.692727136991657
17.12,49.2704002871219,-32.1504002871219
542.94,626.0785550586338,-83.13855505863376
8.64,-35.99599929799706,44.63599929799706
193.8,224.5638320059304,-30.763832005930396
21.4,78.54509624350521,-57.145096243505215
97.88,87.55946348245675,10.320536517543246
251.91,390.2345243020011,-138.3245243020011
25.86,-6.8927688779438085,32.75276887794381
170.058,171.76569214055894,-1.7076921405589474
82.782,74.14603491777189,8.635965082228111
853.93,657.8969239398126,196.03307606018734
556.665,450.91055788450694,105.75444211549302
95.84,99.05715114426494,-3.217151144264932
29.664,35.43512375962155,-5.7711237596215454
9.184,173.7720576136603,-164.5880576136603
153.584,173.05762262908934,-19.473622629089334
12.864,294.56169160211994,-281.69769160211996
479.97,582.8020351215644,-102.83203512156433
232.88,237.79949584618862,-4.9194958461886245
236.88,290.14431394937355,-53.26431394937356
29.9,96.54914723386446,-66.64914723386445
100.0,119.52245831389882,-19.522458313898824
18.693,15.456845157224052,3.2361548427759494
383.952,362.3810052176568,21.570994782343178
24.816,-35.04798310229944,59.86398310229944
24.9,91.30119960638353,-66.40119960638353
21.12,36.02445420699814,-14.904454206998142
767.952,657.1424729742142,110.80952702578577
14.352,-17.35519476574177,31.70719476574177
191.976,195.5539696102685,-3.5779696102684966
274.77,425.15224463165896,-150.38224463165898
70.56,172.633831027302,-102.07383102730199
204.85,229.7060561771841,-24.856056177184115
9.156,38.7692510635693,-29.6132510635693
23.992,39.893682966793904,-15.901682966793903
80.88,60.90367137819976,19.976328621800235
599.9,598.1959092781469,1.7040907218530492
276.69,297.4108504692206,-20.72085046922058
172.764,219.27970833601967,-46.51570833601966
4.224,-24.64702987813439,28.87102987813439
409.272,603.6745674815362,-194.4025674815362
55.44,415.70652464105297,-360.26652464105297
20.928,45.09092974531268,-24.162929745312677
1801.632,1036.5392178038392,765.0927821961609
67.176,114.43650028173624,-47.26050028173624
646.2,511.8152276861184,134.38477231388163
72.744,223.39821991274312,-150.65421991274312
572.16,626.8076049511941,-54.647604951194126
68.112,37.28489278004372,30.827107219956275
25.032,-4.288864494202244,29.320864494202244
39.992,0.8636681945431519,39.128331805456845
20.016,290.8384117249125,-270.82241172491246
3.104,-122.42249689799496,125.52649689799496
7.52,48.55782449513504,-41.03782449513504
10.272,-15.806385755796555,26.078385755796553
47.808,455.62252606993025,-407.81452606993025
978.84,693.5584856645431,285.2815143354569
13.14,348.986540180116,-335.846540180116
10.024,96.06297249223667,-86.03897249223667
156.3728,181.68778209009406,-25.31498209009405
999.98,1741.2801858506868,-741.3001858506868
821.94,660.0941410628265,161.8458589371736
220.064,224.05768320951825,-3.9936832095182524
339.136,312.5801801166847,26.555819883315337
7.04,-82.40481093435233,89.44481093435233
5.04,30.820192778743376,-25.780192778743377
116.28,104.8560220277177,11.423977972282302
47.976,27.318242687586917,20.657757312413082
60.048,313.6091415659423,-253.5611415659423
5.022,-77.77512455490023,82.79712455490024
182.994,126.83822738303752,56.15577261696248
10.272,-26.355100877778113,36.62710087777811
7.857,-9.065019199239714,16.922019199239713
302.384,430.3429988303335,-127.95899883033348
20.952,-25.82872093111905,46.78072093111905
11.784,-37.23588955573746,49.01988955573746
638.82,586.4117773091707,52.40822269082935
20.7,-56.91952991329413,77.61952991329413
10.95,-25.42254934201742,36.37254934201742
14.352,-20.018438234958467,34.37043823495847
221.024,275.24392170797455,-54.21992170797455
3080.0,2163.9802728352543,916.0197271647457
79.96,94.76212789806459,-14.802127898064597
587.97,687.6047528273274,-99.63475282732736
32.4,91.72230829661316,-59.322308296613166
404.9,357.04221740980984,47.85778259019014
9449.95,8097.905218881428,1352.0447811185732
12.94,-74.4056044782119,87.3456044782119
2.264,-26.92786483122586,29.19186483122586
0.444,-25.237896617880324,25.681896617880323
146.176,308.8689487032482,-162.6929487032482
15.92,-79.02903220886151,94.94903220886151
159.96,188.07572539836997,-28.11572539836996
13.76,-68.60751775028234,82.36751775028235
4.312,-6.500695069350286,10.812695069350287
13.96,-58.93446714260199,72.894467142602
27.414,22.86430542793255,4.549694572067452
73.98,46.237415250440336,27.74258474955967
160.98,425.60070502681333,-264.6207050268133
17.34,-16.401622168580843,33.74162216858085
3.28,-123.72157073686617,127.00157073686617
8.856,-24.644758175549214,33.500758175549215
158.376,155.477121784799,2.8988782152009946
1219.96,1028.6521883514588,191.30781164854125
3.168,-84.1548426209688,87.3228426209688
19.44,-18.711482865102425,38.15148286510242
454.86,419.4542354160328,35.4057645839672
91.392,274.25307398782275,-182.86107398782275
19.04,53.099310346059156,-34.059310346059156
37.44,144.7938621844146,-107.3538621844146
37.59,8.268005637238957,29.321994362761046
26.032,-46.196029217499245,72.22802921749924
35.91,11.77520381422164,24.134796185778356
91.032,75.7425619658136,15.289438034186404
54.66,151.3057698157213,-96.64576981572131
67.344,174.95528956887506,-107.61128956887507
2624.985,2596.4538411154654,28.53115888453476
73.28,100.09211253126796,-26.812112531267957
14.48,147.58802715650313,-133.10802715650314
11.952,-57.55268113342845,69.50468113342845
15.552,-22.778368304979267,38.33036830497927
45.0,301.4767512987494,-256.4767512987494
209.97,237.5418563970918,-27.571856397091807
112.12,149.62080324984277,-37.50080324984276
1575.14,1002.5010832010398,572.6389167989603
25.06,188.6129281420899,-163.5529281420899
6.924,189.4782993548597,-182.5542993548597
37.392,14.300187552025363,23.09181244797464
79.12,133.37906748003343,-54.25906748003342
18.9,-17.027334289912687,35.927334289912686
57.42,302.1972424587443,-244.7772424587443
12.74,175.04108512062362,-162.3010851206236
8.82,-21.170276655338284,29.990276655338285
120.784,276.5484566598966,-155.7644566598966
322.59,363.88232002715495,-41.29232002715497
9.762,46.05477636375372,-36.29277636375372
13.72,-81.11947964852607,94.83947964852607
55.2,63.8240046351973,-8.624004635197295
259.136,240.28496647361476,18.851033526385265
29.24,92.64613870705921,-63.40613870705921
15.552,-16.690418237065387,32.24241823706539
4.896,-33.31258557129354,38.20858557129354
38.088,87.73720416685364,-49.64920416685364
2.808,8.264801661336605,-5.4568016613366055
47.984,5.170613997890541,42.81338600210946
26.064,173.170489710448,-147.10648971044802
15.696,-21.65089641102668,37.34689641102668
12.84,-26.06319282522327,38.90319282522327
539.97,622.073028288419,-82.10302828841895
22.58,-46.510408202814915,69.09040820281491
16.52,20.86542291786145,-4.345422917861452
671.94,821.0635579354843,-149.1235579354842
169.064,248.94210052203243,-79.87810052203244
168.624,339.24892159482897,-170.62492159482898
19.44,-17.988546165252274,37.42854616525227
31.92,37.8198107672697,-5.899810767269699
433.568,627.7347698228451,-194.16676982284514
31.104,127.68727187219406,-96.58327187219406
54.816,20.991615254830094,33.82438474516991
48.86,202.42187259981552,-153.5618725998155
14.2,-75.95307138582393,90.15307138582394
12.96,-77.3647158829699,90.32471588296991
58.34,3.6881190808433075,54.651880919156696
56.3,5.192043646227148,51.10795635377285
629.95,558.209382622262,71.74061737773809
122.97,118.98991537655274,3.9800846234472544
46.35,89.90515219790109,-43.55515219790109
14.976,275.8942559341399,-260.9182559341399
4.24,139.93145012931495,-135.69145012931494
319.96,329.81304440541203,-9.85304440541205
17.04,-16.209228437672436,33.249228437672436
344.91,368.40887355648715,-23.498873556487126
81.94,139.3911424623209,-57.45114246232089
98.16,174.24691980858665,-76.08691980858666
6.874,247.84260485770483,-240.96860485770483
1.996,-52.87742538799148,54.87342538799148
8.928,-55.9975371567275,64.9255371567275
9.99,-108.96139802127982,118.95139802127981
10499.97,13548.927129560845,-3048.9571295608457
21.12,84.42777839019755,-63.30777839019754
696.42,1142.0989110363653,-445.6789110363653
304.776,321.5875642448757,-16.811564244875683
51.98,1.7262938272410793,50.25370617275892
24.7,79.236021315259,-54.53602131525899
21.93,-14.702954637463563,36.63295463746356
394.816,391.4588856041148,3.357114395885162
18.192,74.94290948767116,-56.75090948767116
7.31,-130.124065265009,137.434065265009
799.984,1338.3606058224223,-538.3766058224222
41.28,137.29294395751822,-96.01294395751822
184.66,279.9447734512703,-95.2847734512703
49.25,110.64469961254986,-61.39469961254986
10.16,-71.33430875599038,81.49430875599037
14.76,-60.21882909358396,74.97882909358397
34.08,-29.13086995216372,63.21086995216372
17.67,-18.996293053573254,36.666293053573256
1604.9,1330.828201676388,274.07179832361203
385.686,1159.0502268781818,-773.3642268781819
15.984,-61.74078218012096,77.72478218012095
9.42,-31.72487414261127,41.14487414261127
6.56,-78.9791648764974,85.53916487649741
24.56,-51.57264393892592,76.13264393892592
128.4,117.48101977272017,10.918980227279832
62.28,85.08270506735926,-22.802705067359256
9.24,-33.58565063953597,42.82565063953597
482.664,452.10175971500894,30.56224028499105
4799.984,8107.072218163611,-3307.0882181636107
37.94,-21.022572733735842,58.96257273373584
18.288,134.73802677418325,-116.45002677418326
385.8,380.3270095295868,5.472990470413208
102.96,97.03616777382126,5.923832226178732
174.42,182.72506053757024,-8.305060537570256
1.964,-19.557080634983322,21.52108063498332
94.428,86.16682409404348,8.26117590595652
45.92,50.61442515089743,-4.69442515089743
61.584,86.57815177438783,-24.99415177438783
22.48,-74.05945662687213,96.53945662687214
332.028,333.36831706306407,-1.3403170630640489
11.394,348.65926090402604,-337.26526090402604
15.552,-15.80574475967478,31.35774475967478
31.104,142.77310013433475,-111.66910013433476
6.316,-45.74930999226831,52.06530999226831
11.352,-24.304898770532418,35.65689877053242
20.808,286.7704521141088,-265.9624521141088
11.416,94.58501821019809,-83.16901821019809
9.408,197.565853485939,-188.157853485939
19.83,-66.50170629413196,86.33170629413196
209.7,296.23340194019806,-86.53340194019808
43.92,53.37208184768383,-9.452081847683829
20.232,-15.137984214064772,35.36998421406477
149.97,140.21320351923737,9.756796480762631
27.81,-13.092598959074166,40.90259895907417
66.3,39.45892860629124,26.84107139370876
1.64,-139.23253680577614,140.87253680577612
1049.2,877.7415794477827,171.45842055221738
20.9,83.8388452919678,-62.9388452919678
88.08,167.48248286969124,-79.40248286969124
751.92,698.0180254416193,53.90197455838063
887.103,666.2783496816319,220.82465031836807
55.944,207.48757088243678,-151.54357088243677
10.688,-72.99577185392991,83.68377185392991
11.824,-66.22168769786413,78.04568769786412
63.312,-0.1458864172725498,63.45788641727255
96.784,106.55314094458663,-9.769140944586624
10.476,1.4086480689509244,9.067351931049076
9.762,-34.269820707104145,44.031820707104146
196.784,247.40773539052384,-50.62373539052385
47.98,-1.3327721411205857,49.31277214112058
13.05,66.31120956932318,-53.261209569323185
63.96,73.6381641991386,-9.6781641991386
80.48,133.482360787576,-53.002360787575995
11.673,18.101246041384,-6.428246041384002
863.128,555.606673241934,307.52132675806604
3.564,38.26573343334553,-34.70173343334553
956.6648,576.5709445511444,380.0938554488556
12.588,42.90225340921529,-30.31425340921529
171.96,205.4805986490096,-33.5205986490096
871.4,817.0168731960329,54.383126803967116
692.472,680.6149397995194,11.857060200480532
207.76,214.00598098323735,-6.245980983237359
71.928,316.75372242480375,-244.82572242480376
25.99,-51.61374174390585,77.60374174390584
3.592,-126.98035493779412,130.57235493779413
48.632,63.01066015756487,-14.378660157564873
323.1,489.6800020371535,-166.58000203715346
9099.93,5405.971470072984,3693.9585299270166
9.96,-69.88943721344913,79.84943721344914
25.3,81.79481986791393,-56.49481986791393
11.36,-64.90162423977517,76.26162423977517
69.264,46.59365402994081,22.670345970059188
3.69,-142.42400647110276,146.11400647110275
1103.97,1365.7286979053215,-261.75869790532147
246.1328,333.22472265788474,-87.09192265788474
11.696,-61.30615285408635,73.00215285408635
439.992,1401.5518362218243,-961.5598362218243
64.784,99.54962116814113,-34.765621168141124
33.28,145.00864063264999,-111.72864063264998
14.088,-16.375865666809204,30.463865666809205
11.16,-74.29141367037937,85.45141367037937
896.328,625.9684647501019,270.35953524989804
189.0,510.86387146067625,-321.86387146067625
53.982,45.189322901416745,8.792677098583255
177.225,192.4932600049392,-15.268260004939208
129.39,120.59462562573776,8.795374374262224
54.32,69.02438743520338,-14.70438743520338
4367.896,1740.9887580588065,2626.907241941193
49.568,-3.7324467377172823,53.30044673771728
161.376,222.01208130053988,-60.63608130053987
2.784,-79.52498900712817,82.30898900712818
8.72,72.13705657120522,-63.41705657120522
3.912,-120.46852926983115,124.38052926983116
59.752,209.43499863215743,-149.68299863215742
63.92,97.64532150475247,-33.72532150475247
383.96,360.6628818051861,23.29711819481389
7.752,-42.49847710189033,50.25047710189033
33.568,-48.12987663927652,81.69787663927652
666.344,523.2892282197203,143.0547717802798
573.728,490.62488182476693,83.10311817523302
21.936,-16.76690154597668,38.70290154597668
19.44,-20.074220027054025,39.51422002705402
447.968,443.2808203678346,4.687179632165396
16.78,-54.16809922201537,70.94809922201537
20.96,-59.30201580216976,80.26201580216977
88.752,71.47950204536164,17.272497954638354
304.23,320.99350941071134,-16.763509410711322
167.86,218.18468078738988,-50.324680787389866
82.38,188.02901502427721,-105.64901502427722
23.976,15.280151081301028,8.695848918698971
33.29,-19.192010150969736,52.482010150969735
14.952,-30.32467563607952,45.27667563607952
323.982,318.6850055179382,5.296994482061848
2.286,-46.634390049421654,48.920390049421655
14.352,-10.740781405237385,25.092781405237385
71.976,53.126396766080916,18.849603233919083
9.21,-24.715882467430674,33.925882467430675
18.0,75.7965189616109,-57.7965189616109
42.93,295.2452003041758,-252.3152003041758
15.552,-19.95144165743295,35.50344165743295
17.92,87.72373563401266,-69.80373563401265
19.99,-66.00987818184649,85.99987818184648
22.92,92.20628420105322,-69.28628420105322
50.88,157.82253747453046,-106.94253747453047
27.312,-36.4700033542897,63.7820033542897
7.92,-116.76444693937447,124.68444693937447
14.368,-64.70797772213291,79.0759777221329
107.97,93.0085836026094,14.961416397390593
113.82,103.91513166584355,9.904868334156447
5.184,-118.60355428425851,123.7875542842585
16.28,-70.55952017644199,86.839520176442
544.38,633.6567264784197,-89.27672647841973
19.824,115.47834541698057,-95.65434541698058
657.504,450.01036484188353,207.4936351581165
99.54,78.51698825359108,21.023011746408926
199.96,196.30950209114894,3.650497908851065
631.782,1036.7836301228074,-405.00163012280734
60.72,45.672265862476024,15.047734137523975
20.724,-21.308966888245095,42.0329668882451
415.872,397.63100166993695,18.240998330063064
16.768,-53.54669323753524,70.31469323753524
27.12,-26.337988960199937,53.45798896019994
95.84,101.55494855057577,-5.71494855057577
12.96,-79.71247714268702,92.67247714268703
19.008,268.5354373540572,-249.52743735405718
1598.058,594.6852451511247,1003.3727548488753
36.96,54.94250244767727,-17.98250244767727
10.368,-83.67906558550112,94.04706558550112
77.72,131.81027401260644,-54.09027401260644
520.464,783.349365112082,-262.8853651120819
111.96,79.75111001288337,32.20888998711662
29.16,-2.9877967450809138,32.14779674508091
131.94,121.61429184392023,10.32570815607977
25.92,36.85796068758259,-10.937960687582589
704.76,665.486764715917,39.27323528408294
7.41,-67.80352553964167,75.21352553964167
21.5,336.88126073677313,-315.38126073677313
10.528,16.035172574598164,-5.5071725745981635
20.544,125.39119751244493,-104.84719751244494
104.9,142.56564946184244,-37.665649461842435
39.68,-24.990724675682486,64.6707246756825
51.75,103.18797693446982,-51.437976934469816
11.68,-82.04170592816627,93.72170592816627
159.75,182.10826754461073,-22.358267544610726
103.968,199.5703404792464,-95.6023404792464
303.25,302.01482370489884,1.2351762951011551
270.72,300.7989315045397,-30.078931504539696
1487.04,1132.3749629091483,354.6650370908517
17.48,-66.25719534882228,83.73719534882228
71.88,40.19092949567607,31.689070504323922
60.45,42.155520714545446,18.294479285454557
253.176,258.2149174061601,-5.038917406160124
2.88,136.71101468592065,-133.83101468592065
384.944,323.91403597300996,61.02996402699006
153.584,178.91156138485962,-25.32756138485962
913.43,678.6220152609219,234.80798473907805
43.92,54.76135281383745,-10.841352813837446
25.032,-8.202048618360777,33.234048618360774
46.76,196.22402758408884,-149.46402758408885
183.968,227.90180259881845,-43.93380259881846
1259.97,1493.7504138464633,-233.78041384646326
68.97,46.5449242678028,22.4250757321972
70.368,41.313926539388376,29.05407346061162
59.96,115.80385098262491,-55.84385098262491
25.984,-35.686190010256496,61.6701900102565
27.36,24.27590214740553,3.084097852594468
361.376,534.4041973320183,-173.0281973320183
172.186,205.74195895305684,-33.55595895305683
69.008,41.49520710157958,27.512792898420415
199.9,218.27179011742328,-18.371790117423274
901.95,1069.0648134834114,-167.11481348341135
971.5,805.3962844895394,166.10371551046057
11.328,-75.25305228191633,86.58105228191633
21.24,-19.15417334160452,40.394173341604514
34.8,17.038568765560512,17.761431234439485
38.976,22.50236748368002,16.47363251631998
9.08,-77.93835603112325,87.01835603112325
314.55,362.23408477059,-47.684084770590005
4.91,-137.60301020513043,142.51301020513043
5.78,-87.9931349932624,93.7731349932624
107.94,189.88612360915658,-81.94612360915659
19.65,-17.45397492242637,37.10397492242637
617.97,716.4224914499109,-98.4524914499109
59.7,35.024474215938426,24.675525784061577
387.99,1220.755885054407,-832.7658850544069
575.92,917.0471245899513,-341.12712458995134
30.4,61.25312338395952,-30.85312338395952
478.24,489.3307547252017,-11.090754725201691
190.848,198.41704934367976,-7.569049343679751
5.484,69.91625739266169,-64.4322573926617
40.92,104.00090945715601,-63.08090945715601
15.552,-16.211465053840357,31.763465053840356
17.24,-69.77151759359253,87.01151759359253
302.94,324.9487457160478,-22.008745716047827
34.75,80.4810639802306,-45.7310639802306
113.94,185.14168328669666,-71.20168328669666
55.98,1.4148766119085394,54.56512338809146
27.18,-0.09434129682995263,27.274341296829952
1805.88,1328.518227469032,477.3617725309682
70.95,46.41863220793471,24.531367792065296
20.0,20.41184839965763,-0.41184839965762876
7.98,-29.33739175564415,37.31739175564415
24.1,80.18765202692634,-56.08765202692634
8.75,-113.55568566540592,122.30568566540592
842.94,968.5011860068689,-125.56118600686887
2.182,-66.59315205563325,68.77515205563326
27.384,192.71800167115634,-165.33400167115633
26.406,81.34477637672217,-54.93877637672217
10.368,-60.35001876052593,70.71801876052592
23.68,52.18243428874416,-28.502434288744162
109.95,243.43506056645674,-133.48506056645675
965.85,775.4264562690926,190.42354373090745
29.2,92.13043583322246,-62.93043583322246
32.4,91.34522198403829,-58.94522198403829
78.35,125.92899881709786,-47.57899881709787
31.68,138.29057354215047,-106.61057354215046
29.12,36.2119276793203,-7.091927679320296
169.45,198.0927271516191,-28.642727151619113
12.56,-69.22969330066712,81.78969330066712
6.48,-127.21650663497599,133.69650663497598
186.69,193.90841401792386,-7.2184140179238625
25.4,73.83076121150953,-48.43076121150953
43.96,-23.798203977944922,67.75820397794493
1279.165,1003.2162871682106,275.9487128317894
27.92,37.41934631930849,-9.499346319308486
129.568,138.32307340429884,-8.755073404298827
6.368,-84.75466808175202,91.12266808175201
244.55,264.7018954056266,-20.15189540562659
1332.496,2059.7932892496206,-727.2972892496205
32.776,-32.346545511940576,65.12254551194059
147.184,153.39651835670134,-6.212518356701338
54.384,2.094905624820285,52.289094375179715
76.776,85.8905677882276,-9.114567788227603
14.352,-30.84984455043673,45.20184455043673
209.792,269.53252967449544,-59.740529674495434
3.304,-142.76781869014235,146.07181869014235
16.38,290.1891309235614,-273.8091309235614
167.96,226.92785673978506,-58.96785673978505
321.568,471.98570242379833,-150.41770242379835
12.96,-64.39972503165905,77.35972503165905
128.058,121.35313489118084,6.704865108819149
63.686,83.66854246347748,-19.98254246347748
239.976,253.41313127158082,-13.437131271580824
344.22,458.64234764119055,-114.42234764119053
15.552,-21.120516675876615,36.672516675876615
21.248,35.166694208511444,-13.918694208511443
8.448,-73.21148013883771,81.65948013883772
333.09,355.0842658600311,-21.994265860031135
248.98,351.1151085954484,-102.13510859544843
24.9,93.01442469912536,-68.11442469912535
15.26,174.01160212152263,-158.75160212152264
43.32,-16.339741909694112,59.65974190969411
43.584,443.4919192240304,-399.9079192240304
116.28,104.32888876849393,11.951111231506076
9.296,-82.18509567241904,91.48109567241903
19.44,-21.848729202924915,41.28872920292491
314.55,358.64663177912144,-44.096631779121424
16.27,145.11570798424077,-128.84570798424076
69.12,326.50662618715205,-257.38662618715205
4.47,51.5982417227458,-47.1282417227458
418.296,440.5710535974015,-22.275053597401495
659.988,1062.9920030708256,-403.00400307082555
8.128,-71.73024752299511,79.85824752299511
36.288,190.27558231162197,-153.98758231162196
909.72,627.1500869754196,282.5699130245804
917.9235,652.617363573557,265.306136426443
38.88,139.19558641764502,-100.31558641764502
631.176,424.79587314979744,206.3801268502026
12.96,-65.97338727741544,78.93338727741545
12.96,-80.20597785067525,93.16597785067526
23.2,75.06202722689272,-51.86202722689272
25.92,95.04600772491631,-69.1260077249163
21.312,113.09466743954181,-91.78266743954181
173.656,272.6432093631204,-98.98720936312037
361.96,557.0241348582857,-195.06413485828574
62.85,43.41689325256084,19.43310674743916
818.376,908.2716428202983,-89.89564282029835
20.34,-62.80873950682076,83.14873950682076
23.99,-52.5537002005799,76.54370020057989
171.288,165.88771587026918,5.400284129730835
37.3,-22.15941864196634,59.45941864196634
81.96,52.00131539889344,29.958684601106555
54.792,160.47680371518868,-105.68480371518868
10.784,-100.83518294683108,111.61918294683109
290.98,878.1312705300631,-587.1512705300631
36.44,55.54757884601713,-19.107578846017134
21.4,94.55905068768789,-73.15905068768788
48.664,209.87727218940313,-161.21327218940314
16.56,29.85252730941056,-13.292527309410563
1347.52,828.3457816067788,519.1742183932212
62.31,39.83340426977725,22.476595730222755
20.32,33.81311760629592,-13.493117606295918
9.432,-63.36578976653186,72.79778976653186
34.86,188.85123524363962,-153.9912352436396
89.34,183.5020605650668,-94.16206056506681
269.98,399.3434698435826,-129.3634698435826
99.9,153.31897115779043,-53.41897115779042
39.08,61.460847996431994,-22.380847996431996
116.832,125.46664162036564,-8.634641620365642
2.296,-0.3223447993341324,2.6183447993341322
408.006,625.55171226853,-217.54571226853
40.44,9.395276113373939,31.04472388662606
122.352,104.66866354607828,17.683336453921726
15.28,-78.74724039149646,94.02724039149646
11.96,-73.02953694319604,84.98953694319604
15.84,-8.862473760515513,24.702473760515513
86.376,74.20313750559694,12.172862494403063
18.24,-7.997022966529585,26.237022966529583
13.12,30.84903602950226,-17.72903602950226
105.98,107.18399250876769,-1.2039925087676835
493.92,423.47780938903406,70.44219061096595
5.936,236.6707893277553,-230.7347893277553
325.86,508.76558534105266,-182.90558534105264
383.607,424.36352636204424,-40.75652636204421
148.48,162.16919515748145,-13.689195157481464
537.544,449.96422412026004,87.57977587973994
1.928,-23.999902223278013,25.927902223278014
6.912,-27.556200739015594,34.46820073901559
7.76,-99.25197820257358,107.01197820257359
659.168,591.1241977050944,68.04380229490562
5.76,-93.02629700890088,98.78629700890089
351.216,369.86280891961223,-18.646808919612226
230.28,244.40200908604652,-14.122009086046518
12.84,-20.29870876873042,33.138708768730424
56.82,34.1991167387589,22.620883261241097
31.56,10.822682082731717,20.73731791726828
27.92,49.57460302882623,-21.65460302882623
8.559,-76.60033849783463,85.15933849783463
49.568,-21.189059795061212,70.75705979506121
127.869,117.48016526296965,10.38883473703035
271.44,302.4482221364781,-31.008222136478082
110.352,94.91857030686015,15.433429693139857
36.4,93.71588804040312,-57.31588804040312
419.136,362.260448578048,56.875551421952025
100.704,189.65245832938854,-88.94845832938854
45.216,26.85973087738671,18.35626912261329
28.782,172.39682772462493,-143.61482772462492
24.448,42.759580230256006,-18.311580230256006
10.476,199.0641902988457,-188.5881902988457
76.14,54.20996308344138,21.93003691655862
21.24,-15.238307069816528,36.47830706981652
127.96,135.80771828412367,-7.847718284123673
479.984,748.9461797125037,-268.96217971250377
657.93,555.7493407265908,102.1806592734091
33.48,50.06710517976421,-16.587105179764215
13.9,79.19918672882295,-65.29918672882295
26.86,-35.05970300017498,61.91970300017498
9.584,-112.58337869536399,122.167378695364
113.1,107.9269117169099,5.173088283090095
65.78,420.1627278150306,-354.38272781503065
239.7,291.6343056852718,-51.934305685271795
25.632,2.7662238065358906,22.86577619346411
23.616,234.74062619450365,-211.12462619450366
8.26,-84.40875392114549,92.6687539211455
76.58,204.97002073642534,-128.39002073642536
8.8,56.06627027395302,-47.266270273953026
590.352,515.5672543261222,74.78474567387775
5.58,-29.025168988859832,34.60516898885983
25.02,-16.263324960977116,41.28332496097711
452.55,397.13060405849706,55.419395941502955
17.76,-51.99715857028809,69.7571585702881
302.384,440.6870596119843,-138.30305961198428
146.352,141.0191331451408,5.332866854859191
7.9,-70.58605776001309,78.4860577600131
902.712,997.2982583188734,-94.58625831887343
53.97,33.077411607469685,20.892588392530314
33.92,238.9943974085645,-205.0743974085645
21.81,3.023559413564726,18.786440586435273
91.6,150.00416896782917,-58.40416896782918
150.98,382.546264908171,-231.566264908171
137.25,344.982475453666,-207.73247545366598
11.52,19.916326251763394,-8.396326251763394
18.272,-77.49326002119028,95.76526002119027
153.728,165.5064480087126,-11.778448008712587
12.224,-70.21237359424572,82.43637359424572
167.944,265.3187909720839,-97.3747909720839
45.99,24.145613392847054,21.84438660715295
535.41,624.2055322787746,-88.79553227877466
6.096,-75.08515681285485,81.18115681285485
45.36,204.94872089597447,-159.58872089597446
47.12,238.28405551544756,-191.16405551544756
31.36,35.819219344823296,-4.459219344823296
47.616,25.483493818530633,22.132506181469367
23.48,85.14171601272483,-61.661716012724824
62.79,94.37166100456852,-31.581661004568524
28.44,300.7612845349595,-272.3212845349595
134.376,124.1655134186476,10.210486581352399
589.9,960.6422833960955,-370.74228339609556
542.94,625.3816348460441,-82.44163484604405
2879.952,2084.8577809691524,795.0942190308479
90.48,59.43604353104797,31.043956468952032
77.55,123.1131962249915,-45.5631962249915
8.832,-11.87896776009893,20.71096776009893
177.536,189.6493071265818,-12.113307126581788
258.48,358.7570992832591,-100.27709928325908
14.136,-20.2712336991533,34.407233699153295
77.55,134.01829949693865,-56.468299496938656
24.88,-39.96478899335625,64.84478899335625
140.75,181.64322316794642,-40.89322316794642
36.63,14.709415730355659,21.920584269644344
17.14,-64.48119296042387,81.62119296042387
51.75,99.67828933549504,-47.92828933549504
123.96,108.05488995534893,15.905110044651067
586.398,476.80251406956813,109.59548593043189
80.98,138.72768472202415,-57.74768472202415
242.94,240.8922714236794,2.047728576320594
123.92,119.18859865798959,4.731401342010415
12.39,-41.08145607894312,53.47145607894312
47.3,-16.824720458282172,64.12472045828217
1599.92,1171.0903713481212,428.8296286518789
11.09,-99.17434681559735,110.26434681559735
3.168,56.08762232480126,-52.91962232480126
579.136,504.65126108303605,74.48473891696392
6.368,-70.99620849233861,77.3642084923386
558.4,883.5112009287218,-325.1112009287218
145.764,171.24597092515273,-25.481970925152723
13.62,-6.942745611711416,20.562745611711414
434.646,488.90399340043825,-54.25799340043824
440.19,519.53775589441,-79.34775589441
64.4,130.41414765137233,-66.01414765137233
244.55,259.81464363848386,-15.264643638483847
195.76,200.89013571917326,-5.130135719173268
11.76,-74.71158272645653,86.47158272645653
166.45,197.30386418775606,-30.853864187756074
2.88,-143.04940245745343,145.92940245745342
45.248,-9.22433374939942,54.47233374939942
59.904,23.848932576420566,36.05506742357944
23.696,-42.14814756076771,65.84414756076771
7.968,-73.32084570776306,81.28884570776306
18.2,192.95734346288168,-174.7573434628817
27.552,9.890053843202622,17.661946156797377
844.116,594.3564385762872,249.75956142371274
76.752,60.54663789258166,16.20536210741834
3.0,-136.04907723857104,139.04907723857104
7.506,320.2691438821839,-312.76314388218395
16.56,-61.07471250967228,77.63471250967228
79.92,100.14506136499676,-20.225061364996762
69.98,46.89532425606353,23.084675743936472
11.06,407.23321531447755,-396.17321531447755
623.4648,454.69064151556995,168.77415848443002
772.68,583.2121753376754,189.46782466232457
283.14,283.1774397497659,-0.0374397497658947
635.96,613.8004903668997,22.159509633100356
118.99,273.44269152015227,-154.45269152015226
272.94,291.1207196184039,-18.180719618403884
15.008,-50.50310571589739,65.51110571589739
33.088,54.34248557469937,-21.254485574699366
80.98,147.71759553191396,-66.73759553191395
82.8,479.09367605040666,-396.29367605040665
21.36,-42.86387803695811,64.22387803695811
62.048,29.73193780406632,32.31606219593368
29.61,287.8816274359899,-258.2716274359899
863.928,636.5455554973003,227.38244450269974
241.92,232.03395178007963,9.886048219920355
163.88,168.13430337881277,-4.254303378812779
3.486,-34.48120198524725,37.96720198524725
10.584,207.69270598069988,-197.10870598069988
440.91,489.99380013717325,-49.08380013717323
5.715,118.65331832422407,-112.93831832422407
51.968,-0.3374904545314621,52.305490454531466
71.976,37.02753549347358,34.94846450652642
242.352,231.93052998034932,10.421470019650684
221.92,236.91714531076263,-14.997145310762647
8.448,-79.56472889449651,88.01272889449652
29.52,25.694125300154155,3.825874699845844
302.94,320.59613927139435,-17.656139271394352
142.36,156.84961932666988,-14.489619326669867
546.66,523.583059434873,23.07694056512696
212.13,208.76723491404073,3.3627650859592677
5.248,-70.05917372800195,75.30717372800196
74.416,54.02482312717257,20.39117687282743
6.848,-73.94341003963314,80.79141003963313
7.996,-67.17272625290025,75.16872625290024
8.712,24.91284610857133,-16.20084610857133
65.17,199.1225742222714,-133.95257422227138
14.62,-79.70075163036404,94.32075163036404
173.24,166.40233028536818,6.837669714631829
895.92,764.0079497697346,131.91205023026532
130.71,109.77116872784791,20.9388312721521
11.68,-78.22697577670692,89.90697577670693
62.31,24.79649311558933,37.513506884410674
0.852,-97.457410949409,98.309410949409
36.288,204.7841212026192,-168.49612120261918
56.568,56.49043083032757,0.07756916967242944
344.704,508.49480779856935,-163.79080779856935
201.584,260.8902487789221,-59.30624877892211
521.96,833.203174948865,-311.243174948865
8.22,-24.87254749791009,33.09254749791009
45.36,186.85497977524778,-141.49497977524777
947.17,634.8961964386793,312.2738035613206
61.96,13.127733608543622,48.83226639145638
268.935,225.6948280734157,43.24017192658431
7.58,-118.82342781080774,126.40342781080774
14.73,-34.98172260501474,49.71172260501474
9.888,-45.15651115979813,55.04451115979813
671.544,739.1593492616024,-67.61534926160243
1117.92,992.3534136919313,125.56658630806874
275.952,283.1454177692224,-7.193417769222378
123.144,243.6100314245432,-120.46603142454319
15.576,-7.5266948687076365,23.102694868707637
212.64,265.9581233176375,-53.318123317637514
9.87,-34.369049434112185,44.23904943411218
53.25,20.220026562313024,33.02997343768698
19.92,-20.93575330007593,40.85575330007593
658.746,757.6897381308212,-98.9437381308212
8.26,-86.36929868672746,94.62929868672747
29.84,-42.73023044346655,72.57023044346656
67.98,33.825904728394335,34.15409527160567
61.06,13.309765610421891,47.75023438957811
35.544,-10.38786498600848,45.93186498600848
9.96,-67.8130881281495,77.77308812814951
9.21,-12.106584034064326,21.316584034064327
27.93,5.617494636261881,22.31250536373812
7.9,-85.21782784932043,93.11782784932043
221.16,216.34549335042038,4.814506649579613
127.96,130.06424248492408,-2.104242484924086
18.69,-32.64336374534014,51.33336374534014
25.35,-20.312437308386052,45.66243730838605
35.28,-6.615921443869638,41.89592144386964
33.4,90.00792671123145,-56.60792671123145
837.6,936.712498537286,-99.112498537286
40.68,34.40421802604351,6.275781973956491
209.568,281.235933419041,-71.66793341904096
22.368,43.270013892724364,-20.902013892724366
3.882,-57.49723905442693,61.379239054426925
115.296,100.97432156666264,14.321678433337368
1.908,-35.8903891848704,37.7983891848704
43.372,240.02465257238418,-196.65265257238417
783.96,758.4838382434614,25.47616175653866
48.896,-0.33651127742564313,49.232511277425644
7.856,-76.80042046957487,84.65642046957487
5.904,-71.41526597289703,77.31926597289703
13.712,-48.27332805857736,61.985328058577366
182.94,191.9507612363002,-9.010761236300198
27.76,32.79680923261185,-5.036809232611848
25.99,-47.74708249759442,73.73708249759441
113.52,149.5355870242006,-36.0155870242006
359.88,381.5960310354794,-21.716031035479432
25.344,35.101628325852744,-9.757628325852743
11.952,-28.51338353095184,40.46538353095184
6.24,-28.073398412098186,34.31339841209819
742.336,574.386848274319,167.94915172568096
6.464,-84.17393207340638,90.63793207340638
11.52,67.65460021150511,-56.134600211505116
222.384,295.02068682680215,-72.63668682680216
23.36,39.272320637025814,-15.912320637025815
8.67,-30.374155606880095,39.044155606880096
25.71,-3.593784718540519,29.30378471854052
100.94,225.76072835300647,-124.82072835300647
63.882,72.5024186577457,-8.620418657745695
683.144,613.7392817558372,69.40471824416284
1.476,41.18277452995767,-39.70677452995767
40.712,210.90543117541188,-170.1934311754119
279.9,298.43163962743324,-18.531639627433265
13.12,86.080126852891,-72.960126852891
69.576,117.31967784113044,-47.74367784113045
4.224,-26.45219518103454,30.67619518103454
58.08,77.6146719612234,-19.534671961223395
52.416,301.7426328149252,-249.32663281492518
54.92,109.75281651477098,-54.83281651477098
364.95,263.9027940523215,101.04720594767849
85.056,69.36522529708236,15.690774702917636
27.696,-3.8644503131597503,31.560450313159752
24.96,43.77534328571028,-18.815343285710277
43.13,7.7684359769596085,35.361564023040394
5.64,-40.09072600560853,45.73072600560853
57.582,45.85517336072712,11.726826639272879
31.104,135.8870678905589,-104.78306789055891
30.192,-1.078995752310675,31.270995752310675
43.6,100.13139083467718,-56.531390834677175
4.768,-74.35700002346357,79.12500002346357
10.38,-39.45785499574481,49.83785499574481
13.392,263.3382467567551,-249.9462467567551
39.594,10.88589868902045,28.70810131097955
91.008,326.79108430803353,-235.78308430803355
37.94,-29.872212138724763,67.81221213872476
42.8,343.35774274187656,-300.55774274187655
33.63,2.4914350134522465,31.138564986547756
62.808,54.15562673844738,8.652373261552619
195.64,213.01814501581248,-17.378145015812493
239.9,345.3894225745828,-105.48942257458279
380.058,400.6280593366164,-20.570059336616396
1199.976,1103.1409014099136,96.83509859008655
48.576,34.27972657968644,14.296273420313561
17.94,-31.509912803868247,49.449912803868244
18.264,-1.1233466336952915,19.38734663369529
34.656,-7.533360008173759,42.18936000817376
81.552,73.14435419757797,8.407645802422039
227.136,223.64124597667592,3.4947540233240773
10.36,-83.35505966543201,93.71505966543201
463.248,110.91036411439654,352.33763588560345
383.952,362.95870048540587,20.993299514594128
44.856,159.32839341630915,-114.47239341630916
30.345,228.75409717690695,-198.40909717690695
127.554,120.57118462071912,6.982815379280879
77.952,64.90273611335033,13.049263886649669
14.016,12.307841234666057,1.708158765333943
69.52,39.749825793162245,29.77017420683775
5.64,-27.05767354818954,32.69767354818954
13.776,-16.502681551952264,30.278681551952264
245.88,294.9695422055145,-49.089542205514476
36.63,21.087838294750327,15.542161705249676
22.58,-37.841273172353795,60.42127317235379
12.39,-21.992376787170542,34.38237678717054
39.92,93.33569803093292,-53.415698030932916
61.96,15.02802967315688,46.93197032684312
19.936,25.22813157416749,-5.292131574167492
3.798,-56.211939406967986,60.00993940696799
27.744,130.16076096017196,-102.41676096017196
158.376,146.17209437929841,12.20390562070159
27.58,-42.54015326363515,70.12015326363515
5.553,16.01070140364527,-10.45770140364527
243.92,245.77973824297442,-1.85973824297443
14.96,36.4335553025453,-21.4735553025453
7.184,-101.55258318583515,108.73658318583514
10.512,-23.416025039695796,33.9280250396958
263.96,269.2026466502532,-5.242646650253221
71.632,420.2293259499129,-348.5973259499129
9.328,-92.91167099515587,102.23967099515588
5.88,-71.53291370796228,77.41291370796228
975.92,786.0561322447599,189.8638677552401
303.84,396.5358636665444,-92.69586366654443
485.88,419.29817640938086,66.58182359061914
12.54,-26.582817907394656,39.122817907394655
8.94,-19.86418740063027,28.80418740063027
9.24,-36.59623641226085,45.83623641226085
70.008,41.5107620319784,28.497237968021594
77.6,84.45187749621186,-6.85187749621187
464.85,488.75418711311727,-23.904187113117246
10.192,186.75076208119253,-176.55876208119253
1793.98,3228.108318032366,-1434.1283180323658
758.352,643.9051731282451,114.44682687175487
20.368,-71.87618293370542,92.24418293370542
49.848,21.66853899619946,28.17946100380054
239.97,260.23343632890374,-20.263436328903737
2404.704,1543.7799629402607,860.9240370597395
563.024,630.3932248051226,-67.3692248051226
344.91,375.2950893227255,-30.38508932272549
8.64,-26.091729088838065,34.731729088838065
89.988,84.52483497680055,5.463165023199451
229.544,317.6014537338483,-88.05745373384829
1.824,-80.51304141087576,82.33704141087576
18.32,180.2538863794914,-161.9338863794914
48.816,37.37255883750845,11.443441162491553
1.188,-66.44823791722706,67.63623791722706
119.8,165.88178344046878,-46.08178344046878
61.568,31.31991884324748,30.24808115675252
6.192,-14.61354340079447,20.80554340079447
2.214,-3.3281427788538167,5.542142778853817
5.32,-91.1493096918141,96.46930969181409
975.92,933.1964764684709,42.723523531529054
2249.91,1302.2044604720993,947.7055395279006
59.92,67.99711604153777,-8.077116041537764
171.2,197.957923248827,-26.757923248827012
3.36,-84.75136348518777,88.11136348518777
114.2,161.97865517840273,-47.77865517840273
182.67,185.9219926956257,-3.2519926956257166
101.7,186.23757596099358,-84.53757596099358
1126.02,1253.4010251380487,-127.3810251380487
1263.3,945.6358715863686,317.6641284136314
8.82,-11.392915424456532,20.212915424456533
37.94,-11.78115178517487,49.72115178517487
4.2,-63.64746991333618,67.84746991333618
227.28,317.37002484296454,-90.09002484296454
47.9,36.35623508582739,11.543764914172606
61.96,0.7798712272251578,61.18012877277484
1117.92,1000.9229757026101,116.99702429739
183.372,236.45406584557395,-53.082065845573936
7.968,-73.91743099339214,81.88543099339215
26.352,275.451401720298,-249.099401720298
481.32,461.6666650758018,19.65333492419819
13.98,-94.3688752781045,108.3488752781045
25.92,136.5633182058234,-110.6433182058234
91.59,72.91916944279888,18.67083055720113
674.058,728.079828033552,-54.02182803355197
22.92,30.36681661914895,-7.446816619148947
269.9,263.83870730547574,6.061292694524241
11.808,271.451449259931,-259.643449259931
9.588,-43.32413409271658,52.91213409271658
18.336,-16.147236911151822,34.48323691115182
36.288,193.07501959472575,-156.78701959472573
111.984,112.2102657610053,-0.22626576100530826
5.97,112.48522798998647,-106.51522798998647
2.508,-46.512708071763655,49.02070807176366
35.96,-14.52498939899624,50.48498939899624
14.952,-13.720305948755367,28.672305948755366
67.144,216.76883375868942,-149.62483375868942
254.058,258.2101010628244,-4.152101062824386
173.94,169.75594849491995,4.184051505080049
231.98,322.10600338598306,-90.12600338598307
2.296,-12.53899390999436,14.83499390999436
96.08,78.15450505293461,17.92549494706539
3.62,-90.67041643226048,94.29041643226049
629.1,567.5870525942644,61.512947405735645
90.48,63.423773190759675,27.05622680924033
14.88,-68.89230385397491,83.7723038539749
91.275,179.89393592563852,-88.61893592563851
19.44,-26.367230426354354,45.80723042635435
897.15,1056.9992077137622,-159.8492077137622
57.75,109.07540970195373,-51.32540970195373
14.94,-59.09313831032455,74.03313831032455
23.1,-36.65149329300061,59.751493293000614
12.536,-101.12468904441675,113.66068904441676
1.08,-53.46963871712569,54.54963871712569
4.512,-59.02548499443901,63.53748499443901
16.776,1.999620708326347,14.776379291673653
33.74,177.69014944837772,-143.95014944837772
1325.85,1045.5652715690856,280.28472843091436
333.999,350.85905507414213,-16.86005507414211
19.9,79.32060699836188,-59.42060699836188
1268.82,852.4674696075816,416.3525303924183
283.92,286.43471554773623,-2.514715547736216
5.68,-77.50983565944762,83.18983565944762
375.34,1137.2399301025725,-761.8999301025726
96.08,71.78237783268014,24.297622167319858
11.68,-85.34425719768956,97.02425719768956
4.36,-97.96016529236658,102.32016529236658
29.24,50.594261685782385,-21.354261685782387
117.488,238.58067740380147,-121.09267740380147
18.84,-13.644987670352975,32.48498767035298
12.42,-19.269986485215213,31.689986485215215
12.96,-71.01699791309079,83.9769979130908
69.48,98.90558501950431,-29.42558501950431
85.9,69.43590170690482,16.46409829309519
18.06,186.86190179670007,-168.80190179670007
79.14,58.363001378140325,20.776998621859676
37.4,-18.186655621377895,55.58665562137789
2.512,-1.4330306386270877,3.9450306386270877
18.864,261.8305983344353,-242.9665983344353
61.192,73.59503332300937,-12.403033323009375
67.84,94.86594375823938,-27.02594375823938
48.712,33.44455648175153,15.26744351824847
17.94,-9.270754473697025,27.210754473697026
242.94,249.646257820777,-6.706257820777012
7.764,45.50382430484319,-37.73982430484319
467.04,440.78892645288147,26.25107354711855
128.85,119.50236964622195,9.347630353778044
8.4,-77.81585200459949,86.2158520045995
199.98,270.96034882597564,-70.98034882597565
110.98,246.21998134345858,-135.23998134345857
207.984,255.0564167280968,-47.07241672809678
36.112,-36.18647997183075,72.29847997183074
35.568,-33.38648879654329,68.95448879654329
88.768,54.33477558391519,34.43322441608481
12.9,-74.65062832951799,87.55062832951799
717.12,602.2754550811529,114.84454491884708
21.36,79.35146708613775,-57.991467086137746
6.688,-84.1220671368742,90.8100671368742
773.94,630.6098627308534,143.3301372691467
20.568,-10.504976203280876,31.072976203280877
4.356,24.125386650634027,-19.769386650634026
19.04,41.58519383319572,-22.545193833195718
5.22,-85.93620784234872,91.15620784234872
84.84,60.252722408279396,24.587277591720607
7.24,83.92676100306244,-76.68676100306244
14.4,72.1825849056736,-57.782584905673595
15.552,-27.354958481071435,42.906958481071435
1325.76,917.2184133365645,408.5415866634355
3.108,-52.6557443553977,55.7637443553977
6.672,-32.14709184428557,38.819091844285566
689.408,629.3282212162331,60.07977878376687
1889.99,350.6923289741392,1539.2976710258608
55.936,265.92505684376783,-209.98905684376783
18.432,252.25646849701525,-233.82446849701526
20.32,101.44739421153099,-81.127394211531
52.064,65.78506430951074,-13.721064309510744
48.784,39.87514054076814,8.908859459231856
13.092,67.66389590217796,-54.57189590217796
109.592,236.67138652115204,-127.07938652115205
56.7,74.45867580407366,-17.75867580407366
79.99,125.97771057799628,-45.98771057799628
69.5,123.67297228362486,-54.17297228362486
191.6,205.4674841953938,-13.867484195393814
10.56,-78.90054644926727,89.46054644926727
47.79,22.320881397913354,25.469118602086645
714.3,620.9194781105122,93.3805218894878
2321.9,4217.341196478408,-1895.441196478408
17.94,-7.750942424936056,25.690942424936058
9.522,-62.0159003474505,71.5379003474505
791.964,545.7752128344578,246.1887871655423
4.923,19.308577589114293,-14.385577589114293
209.979,210.0625772135852,-0.08357721358518688
33.93,31.6898031135554,2.2401968864446005
222.32,304.8944692261398,-82.5744692261398
210.564,247.62692218748703,-37.06292218748703
35.168,209.69342738704268,-174.52542738704267
1502.376,1219.6826897972776,282.6933102027224
10.11,-29.91878217973681,40.02878217973681
772.47,875.6160616262653,-103.14606162626524
20.46,-58.71882828685625,79.17882828685626
347.58,367.3832965104441,-19.803296510444113
72.64,39.70005245156631,32.93994754843369
772.47,885.5067114372687,-113.03671143726865
39.92,58.315413558733326,-18.395413558733324
33.48,-28.239495410016843,61.71949541001684
461.97,532.7154362438254,-70.74543624382534
137.62,162.4433567689723,-24.823356768972303
302.67,339.967580923636,-37.29758092363596
239.976,247.93086976551785,-7.954869765517856
8.34,-24.120785549059292,32.460785549059295
8.57,-112.50839471715767,121.07839471715766
119.616,285.7339083012455,-166.1179083012455
212.94,231.45609707576318,-18.516097075763184
26.49,-37.72782889051041,64.2178288905104
687.4,567.2761119490607,120.12388805093929
653.55,753.3286657182168,-99.77866571821687
33.9,-13.664280814461108,47.56428081446111
239.96,254.64868393285042,-14.68868393285041
199.836,177.7977948907128,22.03820510928722
716.0,1170.4994899451112,-454.49948994511124
221.06,297.39295300849653,-76.33295300849653
67.71,38.74160298419201,28.96839701580798
129.92,133.90708652728244,-3.9870865272824574
467.46,512.058608452008,-44.59860845200802
61.4,107.31262146014274,-45.91262146014274
720.76,681.5842088007687,39.1757911992313
5.184,-40.55589938546609,45.73989938546609
14.7,77.15219184082662,-62.452191840826615
8.134,247.99252970464818,-239.85852970464816
79.984,56.16155720761731,23.822442792382688
18.54,-52.61818378822886,71.15818378822885
24.4,-39.154944534449214,63.55494453444921
195.64,196.08485849163253,-0.44485849163254443
398.4,369.53226279412684,28.86773720587314
7.056,-21.44267062769859,28.49867062769859
1352.3976,651.6218077637266,700.7757922362734
26.4,76.57186084108298,-50.17186084108298
41.88,144.87731190109662,-102.99731190109662
99.846,329.38724368185194,-229.54124368185194
699.98,1153.5611278205743,-453.58112782057424
584.82,522.7914733770867,62.02852662291332
43.98,-18.211179232142513,62.19117923214251
377.97,423.4189986002914,-45.44899860029136
123.96,113.42639874922111,10.533601250778887
391.98,600.1348035062666,-208.1548035062666
383.976,433.52005714385564,-49.54405714385564
1781.682,828.2302069146677,953.4517930853323
21.4,77.35769086260598,-55.95769086260598
549.99,1797.2446945556612,-1247.2546945556612
167.535,169.62569560139013,-2.090695601390138
38.34,5.691358790217919,32.648641209782085
53.88,154.40075149097243,-100.52075149097243
299.98,446.66200062088274,-146.68200062088272
62.8,66.95189459533754,-4.151894595337538
13.904,-73.43594618770703,87.33994618770703
744.1,554.9226900821706,189.17730991782946
44.84,108.02485464980236,-63.18485464980236
401.59,567.8897705768256,-166.29977057682567
18.24,-13.0546367824154,31.2946367824154
359.499,374.035638670892,-14.536638670891989
10.48,-107.3900231671048,117.8700231671048
20.736,28.53452601227127,-7.798526012271271
35.168,55.12324641989699,-19.955246419896987
64.704,48.85338210638156,15.850617893618434
105.52,113.23394759694747,-7.713947596947477
5.792,-2.6567462781702034,8.448746278170203
466.158,387.88276681148636,78.27523318851365
10.312,-87.25150610581272,97.56350610581272
2.556,7.010908288929841,-4.454908288929841
7.968,-87.83086887221793,95.79886887221794
8.784,-124.70605362028618,133.49005362028618
3.024,-11.903131147196746,14.927131147196746
51.45,32.93466059911657,18.515339400883434
14.016,114.52424899484095,-100.50824899484094
214.95,192.0789559026689,22.871044097331094
35.04,59.97488421740081,-24.934884217400814
10.776,-0.07652238348691753,10.852522383486917
4.6,-8.722141531755824,13.322141531755824
35.168,-16.681596304744062,51.84959630474406
19.152,-18.396789756337967,37.54878975633797
4.448,-77.90334148504894,82.35134148504895
5.184,-127.29910931353288,132.48310931353288
15.552,-19.860427006653026,35.412427006653026
40.032,153.81075577656634,-113.77875577656634
16.776,-11.2414441028493,28.0174441028493
186.304,189.28322619836013,-2.9792261983601236
66.36,77.75130792347431,-11.391307923474315
42.048,297.3177762844746,-255.26977628447457
67.92,122.1889717943186,-54.2689717943186
52.512,160.31147276692855,-107.79947276692855
186.912,237.45897957645252,-50.546979576452514
10.048,31.60967670090963,-21.56167670090963
17.496,304.5048225133953,-287.00882251339533
15.552,-15.723444211338347,31.275444211338346
10.776,-31.915017986324756,42.69101798632475
3.304,-120.07741030810303,123.38141030810303
35.48,-1.5094993916939075,36.989499391693904
34.44,9.698614248123477,24.74138575187652
629.93,588.483144814192,41.446855185807976
79.056,323.0225708249584,-243.9665708249584
232.55,236.32276389774847,-3.7727638977484617
99.98,83.76809610834562,16.211903891654387
19.44,-20.818139361954536,40.258139361954534
12.96,-75.50696991102768,88.46696991102769
464.292,423.02171368168683,41.27028631831314
68.46,175.69858216912985,-107.23858216912986
2799.96,2858.193814436283,-58.233814436282955
601.3,988.3157994924409,-387.0157994924409
16.99,-84.3558735903514,101.34587359035139
287.97,311.44380496968006,-23.47380496968003
44.82,295.21403328405927,-250.39403328405928
101.12,280.77397440897244,-179.65397440897243
107.976,92.07550294893417,15.900497051065827
58.73,214.65001885449487,-155.92001885449488
93.344,106.9694051650531,-13.62540516505311
17.05,91.23654937765536,-74.18654937765537
8.096,-76.48901908406424,84.58501908406424
30.36,50.320896410633395,-19.960896410633396
23.34,-38.268782745369435,61.60878274536944
51.55,113.30014537228863,-61.75014537228863
119.9,126.82499551367141,-6.924995513671405
1317.492,965.7959706295272,351.69602937047273
63.84,250.955293954612,-187.11529395461199
3.592,-140.65220585228485,144.24420585228486
86.26,55.77151585208571,30.488484147914292
139.04,138.28178780785993,0.7582121921400642
46.8,50.25531094192843,-3.455310941928431
8.544,26.129889655649777,-17.585889655649776
842.376,953.5304751285364,-111.15447512853643
1214.85,1450.4132744879334,-235.56327448793354
67.78,22.949496492908565,44.830503507091436
39.9,98.03414275278692,-58.13414275278692
2.688,-120.31953005845025,123.00753005845026
6.6,-19.66248799145501,26.26248799145501
28.4,29.71072115656466,-1.3107211565646608
212.94,216.5769929201815,-3.6369929201815125
1001.584,1641.8338204353229,-640.2498204353229
569.058,559.0450619870361,10.0129380129639
14.224,-31.69526628037238,45.91926628037238
105.584,96.41706189791671,9.166938102083293
68.72,37.632696988722955,31.087303011277044
1367.84,920.4193745146472,447.42062548535273
301.96,442.0776476246788,-140.1176476246788
170.352,164.16564852188094,6.1863514781190645
3.9,-78.17982663517842,82.07982663517842
12.84,-20.319965932597597,33.1599659325976
15.84,-19.582833648894166,35.42283364889417
563.94,643.1731262605696,-79.23312626056952
62.94,47.0760770465331,15.863922953466897
535.41,620.6956467583609,-85.28564675836094
3504.9,2678.767784739671,826.1322152603293
144.12,138.92365448017586,5.196345519824149
314.55,356.43769981651667,-41.88769981651666
3.408,-140.75765542365139,144.16565542365137
2.072,-0.23007917540280687,2.302079175402807
328.3992,335.2646975361522,-6.865497536152191
53.248,-9.425457262382452,62.67345726238245
4.992,-25.46652405883333,30.45852405883333
37.68,-29.741066925120094,67.4210669251201
258.576,358.1010336455829,-99.52503364558288
75.84,45.63606238837792,30.20393761162208
45.36,197.00130195788051,-151.6413019578805
45.78,10.909947438576182,34.87005256142382
40.29,6.613880513168397,33.6761194868316
38.71,181.65465253714,-142.94465253714
1801.632,1025.419589031107,776.212410968893
748.752,515.092007128218,233.65999287178192
199.96,191.18005851157523,8.779941488424782
1516.2,1043.0250041255713,473.17499587442876
167.952,229.38019646514977,-61.42819646514977
45.04,0.3917575413868235,44.648242458613176
23.16,-57.647301841353965,80.80730184135396
397.6,366.84867695903336,30.751323040966668
85.96,229.0490631860896,-143.08906318608962
13.12,29.29490585344297,-16.174905853442972
45.66,17.951001941833283,27.708998058166713
158.13,171.38388398199595,-13.253883981995955
43.6,112.80354805804654,-69.20354805804655
3930.072,4112.089532176193,-182.01753217619262
2.304,-129.1655216159811,131.4695216159811
431.976,470.4933282049583,-38.51732820495829
41.72,207.79394470148668,-166.07394470148668
104.23,232.52601128674382,-128.2960112867438
70.26,49.63716994337619,20.622830056623812
9.26,-71.53092566711234,80.79092566711235
105.98,104.01895153371106,1.9610484662889434
1.24,-140.16220030799286,141.40220030799287
20.7,-54.06261957252309,74.76261957252309
28.9,89.66714909271514,-60.76714909271514
27.18,-50.07556968998847,77.25556968998848
465.18,525.7588292622131,-60.578829262213105
36.63,12.125114655268817,24.504885344731186
51.45,18.317235050345744,33.13276494965426
7.83,-38.850260518442155,46.680260518442154
35.4,86.89794723112459,-51.49794723112459
29.9,79.63047280548426,-49.73047280548426
17.48,-64.52826387062237,82.00826387062237
79.14,46.1756812447552,32.964318755244804
8.4,66.85824768398675,-58.45824768398675
498.26,450.67216625645005,47.587833743549936
212.94,229.82688083429207,-16.88688083429207
706.86,582.9698839011813,123.89011609881868
114.95,150.28295993077722,-35.33295993077722
43.19,190.5829523039065,-147.3929523039065
166.44,164.0457520295588,2.3942479704411994
36.56,97.91437728024289,-61.354377280242886
186.144,249.11271670433075,-62.968716704330745
353.568,512.5852616380403,-159.01726163804028
81.98,54.83517606528267,27.144823934717337
14.624,-76.91050920793236,91.53450920793236
697.16,538.2013082629488,158.95869173705114
30.93,-45.17743090727572,76.10743090727573
27.496,172.7780242184499,-145.2820242184499
605.34,516.4438797622798,88.8961202377202
210.008,570.9804747990004,-360.97247479900034
54.96,23.86827910387933,31.09172089612067
164.22,169.5468551578124,-5.326855157812389
362.94,391.05071785896644,-28.11071785896644
59.98,9.064863822860843,50.91513617713915
332.94,350.98205663112776,-18.042056631127764
39.872,-24.068123913717727,63.94012391371773
13.68,-50.403763381851604,64.08376338185161
3.318,44.289576772030614,-40.971576772030616
10.44,-113.30534990491674,123.74534990491674
136.464,148.8586615412114,-12.394661541211406
333.576,348.1748337418005,-14.59883374180049
12.544,-79.54480715014597,92.08880715014597
20.768,323.307050443196,-302.53905044319595
43.5,23.098506910640708,20.401493089359292
12.576,3.334102077766829,9.241897922233171
249.95,250.62166181821317,-0.671661818213181
49.12,62.1065845478729,-12.986584547872901
182.91,196.64666712878147,-13.736667128781477
107.648,106.75514604573755,0.8928539542624492
99.372,82.20965876702621,17.162341232973787
33.568,-17.896254121594666,51.464254121594664
10.56,-67.37143310196097,77.93143310196098
38.88,136.50629481153942,-97.62629481153942
35.2,80.00160843042158,-44.80160843042158
45.528,23.034184543175797,22.4938154568242
196.776,197.03624709507199,-0.26024709507197485
2.92,-15.320714133680895,18.240714133680896
200.795,542.242116134032,-341.44711613403206
46.688,64.86322449036152,-18.175224490361515
21.864,-8.488058939266466,30.352058939266467
11.76,-71.53563842195013,83.29563842195013
167.94,180.95446612394085,-13.01446612394085
3.89,-121.02782512152203,124.91782512152203
52.44,70.07233158234794,-17.632331582347945
32.36,35.76116083399711,-3.4011608339971104
406.6,371.08267443935506,35.51732556064496
27.92,31.111505935720515,-3.1915059357205138
399.672,359.1107581209221,40.5612418790779
3.744,45.047639731113804,-41.303639731113805
715.2,832.0342560914294,-116.83425609142932
159.8,161.80388061983103,-2.0038806198310226
44.75,95.14774029903447,-50.39774029903447
340.116,327.6431118587293,12.472888141270687
105.52,126.25406141766098,-20.734061417660982
13.48,-81.87330371636449,95.3533037163645
85.52,59.693720535768534,25.82627946423146
6.16,-87.2490231435836,93.4090231435836
36.84,-0.9733188935817907,37.813318893581794
15.84,9.418634371282451,6.421365628717549
44.4,29.578290510963143,14.821709489036856
21.24,272.3585893713307,-251.1185893713307
9.552,252.18626361481552,-242.63426361481552
89.991,74.1334000651866,15.857599934813393
163.96,172.1145668738393,-8.154566873839286
17.904,-46.504883311484946,64.40888331148494
966.7,732.0367746250553,234.66322537494477
182.112,253.3440169858368,-71.2320169858368
4.464,-123.90048863936886,128.36448863936886
51.588,50.48599176225957,1.1020082377404279
50.4,252.05988803027458,-201.65988803027457
89.568,72.69127302581546,16.876726974184535
14.89,-80.77556383884917,95.66556383884917
543.92,512.6741048332575,31.245895166742457
4.08,-97.67443980835992,101.75443980835992
18.9,-23.354921467867825,42.254921467867824
2275.5,1255.6244319191658,1019.8755680808342
1979.7,1472.5672676961944,507.1327323038056
62.1,170.69227803731815,-108.59227803731815
37.296,-12.591937169913535,49.887937169913535
8.544,-30.0544900672337,38.5984900672337
68.95,123.88861135430398,-54.93861135430397
296.37,329.97290248010154,-33.602902480101534
39.98,-7.693525449810522,47.67352544981052
191.058,176.41210805615538,14.645891943844617
13.04,80.26535797836277,-67.22535797836278
1525.188,213.72470045874184,1311.4632995412583
9.216,27.919967760076815,-18.703967760076814
28.048,-29.665995016093348,57.71399501609335
64.96,28.044673250709366,36.91532674929063
30.56,37.35873768124179,-6.798737681241793
187.056,365.3690031098554,-178.31300310985537
11.808,-69.54866508273767,81.35666508273766
9.656,-106.57755725201605,116.23355725201606
20.736,27.669726412594628,-6.933726412594627
27.36,18.523353457360827,8.836646542639173
2314.116,949.2177187554927,1364.8982812445074
34.236,70.85985857178503,-36.62385857178503
19.76,-56.450447501737926,76.21044750173793
15.96,-68.22905275571702,84.18905275571703
16.9,81.37248573543934,-64.47248573543934
25.08,134.3331381812052,-109.25313818120519
6.68,-79.8900432492917,86.5700432492917
19.44,-28.648117842413967,48.088117842413965
31.92,-22.634136752449194,54.554136752449196
33.568,-32.049332994298766,65.61733299429876
63.94,83.92704666179566,-19.98704666179566
60.6,117.05135024999163,-56.45135024999163
22.72,41.626800300314244,-18.906800300314245
10.68,25.21328098316303,-14.533280983163031
17.34,-20.638216272731825,37.97821627273183
3.38,-132.5804303342486,135.9604303342486
26.976,50.12906036171762,-23.15306036171762
307.776,358.5501642276315,-50.7741642276315
244.55,248.00412163427814,-3.454121634278124
12.24,123.61807137794563,-111.37807137794563
13.98,-64.35713412475639,78.33713412475639
899.95,706.7534012529005,193.19659874709953
1.632,-128.72551880681158,130.35751880681158
267.96,275.91252643752955,-7.952526437529571
31.95,-22.27077052905338,54.22077052905338
725.84,688.9702230375887,36.86977696241138
10.896,-36.40034385253989,47.29634385253989
8.544,-86.86423151190456,95.40823151190456
32.34,-8.805014747607402,41.145014747607405
39.9,92.17093001145417,-52.270930011454176
143.856,346.1247039680313,-202.26870396803133
41.92,61.34719781180388,-19.42719781180388
329.584,492.82199344622586,-163.23799344622586
87.28,259.08197919785493,-171.80197919785493
279.456,295.38829034969035,-15.932290349690334
8.0,-79.06892180757518,87.06892180757518
27.24,85.1214272265945,-57.88142722659451
16.36,-82.52324181635095,98.88324181635095
15.78,-50.47845895233877,66.25845895233877
45.98,-5.782492545349214,51.76249254534921
198.272,321.23987392931963,-122.96787392931964
720.76,573.2015871412713,147.55841285872873
70.56,174.65947527230173,-104.09947527230173
81.96,62.425495899515454,19.53450410048454
64.864,85.24844388254587,-20.384443882545867
151.192,386.4395406758606,-235.2475406758606
88.776,77.68548022635127,11.090519773648722
11.56,29.667674644795397,-18.107674644795395
15.58,-76.68166205277953,92.26166205277953
85.056,59.787940930485775,25.268059069514223
273.96,398.1615749780019,-124.20157497800193
306.9,336.2782731655436,-29.378273165543646
15.552,-10.838588373994298,26.390588373994298
347.361,344.1077669430181,3.2532330569819123
10.368,-65.49066149456621,75.8586614945662
98.16,191.7658489167252,-93.6058489167252
31.44,3.7438794640008837,27.696120535999118
348.488,379.95167275982476,-31.46367275982476
172.736,168.17275281916682,4.563247180833173
15.54,-24.246922729607377,39.786922729607376
105.552,190.05064905066934,-84.49864905066933
25.92,86.44543638706182,-60.525436387061816
15.808,202.62278302923187,-186.81478302923188
10.368,-70.95199526978877,81.31999526978876
358.2,396.2628221925727,-38.062822192572696
545.916,713.2393710001896,-167.32337100018958
40.41,275.65269593351195,-235.24269593351195
167.976,154.34939853583342,13.626601464166583
109.53,87.7044161265328,21.825583873467195
9.82,-86.64117125474218,96.46117125474217
26.352,-2.3872210044221447,28.739221004422145
22.5,135.86817250991385,-113.36817250991385
9.96,-75.10780779576135,85.06780779576135
213.08,307.87922127729325,-94.79922127729324
1025.88,791.7599815719789,234.12001842802124
21.98,192.90114717932101,-170.92114717932103
63.2,108.41528313444815,-45.21528313444814
39.0,451.99826644426093,-412.99826644426093
2.907,9.069635362863437,-6.162635362863437
556.665,453.1922832571879,103.47271674281205
71.98,42.63699679644833,29.343003203551675
79.98,60.10830574395118,19.871694256048826
24.672,41.49359040823242,-16.82159040823242
3.744,-126.21293993178983,129.95693993178983
445.96,393.79129985065015,52.16870014934983
36.24,-22.555063446779286,58.79506344677929
10.65,-31.289466581111128,41.93946658111113
87.92,101.15160949129108,-13.231609491291081
22.424,-68.47412603450357,90.89812603450358
90.48,69.31244201266531,21.16755798733469
42.76,6.631382688796975,36.12861731120302
10.08,175.287083725407,-165.207083725407
101.34,94.16814670457393,7.171853295426075
224.75,233.87496741207292,-9.12496741207292
73.176,205.7036250989313,-132.5276250989313
20.736,27.26997905529788,-6.5339790552978805
39.984,-9.045997697330222,49.029997697330224
15.36,-67.94423020278509,83.30423020278509
36.288,194.1224518118088,-157.83445181180878
150.384,175.38275568514564,-24.998755685145653
280.782,280.52450933113505,0.2574906688649321
31.984,-21.982638255506345,53.966638255506346
11.232,-25.480432762093187,36.71243276209319
26.4,82.10742395380498,-55.707423953804984
3.52,-83.69765248418435,87.21765248418434
1649.95,1401.6825818785512,248.26741812144883
111.9,186.86203025173813,-74.96203025173813
599.165,481.8042090772966,117.36079092270336
46.53,8.465848446769996,38.064151553230005
31.984,-31.84827418410009,63.83227418410009
161.568,201.96568374992353,-40.397683749923516
4.064,-124.74621375182392,128.8102137518239
6.216,65.04823215957731,-58.83223215957731
8.896,29.3750557859737,-20.4790557859737
1640.7,1341.6059266839936,299.0940733160064
270.0,297.46940134445254,-27.469401344452535
19.52,-61.468953409626465,80.98895340962646
9.81,103.20835128055455,-93.39835128055455
213.216,210.46340865790125,2.7525913420987536
588.784,967.5203860504056,-378.7363860504056
2.064,-129.2482347224618,131.3122347224618
6.368,-84.99083966487729,91.35883966487728
99.6,210.03558660831663,-110.43558660831664
62.296,517.7841287324198,-455.48812873241985
10.71,-13.337025064927957,24.047025064927958
20.936,-60.25324004462914,81.18924004462914
33.0,150.25458252556336,-117.25458252556336
249.95,269.07503362560715,-19.12503362560716
357.93,380.7480475726495,-22.818047572649505
57.4,120.27162363759385,-62.87162363759385
331.96,518.7906173049632,-186.83061730496325
40.56,-10.35399153785579,50.91399153785579
86.2,146.56283481348714,-60.36283481348714
38.016,145.05085057219117,-107.03485057219117
8.384,-101.94339298962791,110.32739298962791
6.848,-64.31469949534335,71.16269949534335
19.6,93.6386355094919,-74.03863550949191
68.46,49.18720002212126,19.272799977878734
13.344,117.14723571442573,-103.80323571442574
1478.272,884.0519325854681,594.2200674145319
16.272,-65.67194464414888,81.94394464414887
9.24,-32.57971910565038,41.819719105650385
32.34,357.15829833929206,-324.818298339292
56.064,58.82897068426519,-2.7649706842651867
108.72,141.68164669467706,-32.96164669467706
181.47,145.82391273839949,35.64608726160051
16.176,-11.740598368574638,27.916598368574636
122.352,110.14623949967608,12.205760500323919
585.552,643.3310569288072,-57.77905692880722
19.44,-26.960823908824295,46.40082390882429
123.92,170.61421259578992,-46.69421259578992
13.36,79.73874820155424,-66.37874820155425
78.256,54.73710861260247,23.51889138739753
102.018,239.95752180929867,-137.93952180929867
750.68,1192.363236588597,-441.68323658859697
44.4,3.7279082721679515,40.67209172783205
84.55,125.1715298323877,-40.62152983238771
17.94,-29.74156595257432,47.68156595257432
128.4,119.97237570659445,8.427624293405557
1.869,-97.45986574756876,99.32886574756876
103.192,209.7804155009278,-106.58841550092781
36.0,-26.318422011539496,62.3184220115395
239.96,247.2564852738742,-7.296485273874197
40.68,-14.866308664299822,55.54630866429982
419.136,366.3976075795731,52.73839242042692
23.472,-38.55167427887045,62.02367427887045
3.592,96.75469715898248,-93.16269715898248
23.976,-5.231164936689538,29.207164936689537
6.264,-42.409997527967334,48.67399752796734
20.808,-22.43775520290069,43.24575520290069
218.352,199.39401369489678,18.95798630510322
18.16,-54.02233275231606,72.18233275231606
7.36,-78.63395591257563,85.99395591257563
41.4,47.784751136166506,-6.384751136166507
411.332,372.1653026369702,39.16669736302981
7.656,65.59195439257314,-57.935954392573144
63.92,24.654977489013845,39.26502251098616
6.56,-75.66922192400875,82.22922192400875
7.83,-32.2468767644873,40.076876764487295
41.9,-12.514202261578475,54.414202261578474
664.146,532.9466242671546,131.1993757328454
8.96,-79.42692983702432,88.38692983702433
3.312,-120.09636028686873,123.40836028686873
20.136,-0.10355100904212122,20.23955100904212
8.856,-21.600874936124228,30.45687493612423
859.2,691.1221790292454,168.0778209707546
61.96,5.814658168671031,56.14534183132897
17.92,27.087216198462556,-9.167216198462555
145.9,184.3381071935214,-38.438107193521404
56.704,8.567268107205791,48.13673189279421
11.12,-73.90744021781052,85.02744021781052
32.896,57.28133651397843,-24.38533651397843
22.776,3.8167828850653223,18.959217114934678
239.97,246.89566621217887,-6.925666212178868
160.32,198.52795170852346,-38.20795170852347
128.85,117.39883508758703,11.451164912412963
1319.96,1307.474794338438,12.485205661562077
239.96,429.2583144092596,-189.29831440925958
54.768,22.421804330595705,32.346195669404295
13.392,-12.20398928986151,25.59598928986151
23.92,94.66840925816814,-70.74840925816814
255.968,243.86517896764485,12.102821032355138
21.552,107.74248611800272,-86.19048611800272
58.24,55.26653051675794,2.973469483242063
80.28,451.10257427384977,-370.8225742738498
9.78,-78.43952228990543,88.21952228990543
1.81,-138.82764990759097,140.63764990759097
37.94,-29.031103967089848,66.97110396708985
79.96,129.25127782508503,-49.29127782508503
115.296,109.38967054997943,5.9063294500205785
2479.96,2370.887278532874,109.07272146712603
179.94,224.54903505741095,-44.60903505741095
26.85,-23.06196853278857,49.91196853278857
323.37,351.4494826033392,-28.079482603339216
59.94,14.787182284586606,45.15281771541339
64.14,23.919625334322973,40.22037466567703
11.67,-44.00656321784891,55.67656321784891
12.96,-87.49498117350163,100.45498117350164
17.43,-18.344834331521497,35.7748343315215
181.986,217.058376689218,-35.072376689218004
1.592,-16.929902929736727,18.521902929736726
22.344,-7.968727535195285,30.312727535195286
455.97,332.34263030970305,123.62736969029697
10.44,163.11134398542526,-152.67134398542527
5.214,-40.62167005836841,45.83567005836841
67.4,121.02716844984025,-53.62716844984024
25.16,-50.17090736033265,75.33090736033265
126.56,132.32449330950976,-5.76449330950976
43.68,13.511053727188028,30.168946272811972
139.93,252.74758123848414,-112.81758123848414
2.672,-118.94405615867777,121.61605615867776
16.656,157.89944043571268,-141.24344043571267
79.512,66.17594457405858,13.336055425941424
36.288,199.7100991396594,-163.4220991396594
67.9932,109.91420127900938,-41.921001279009374
10.16,-78.14659703168513,88.30659703168513
6.16,-76.39894117298923,82.55894117298922
56.3,12.58681241237764,43.71318758762236
6.48,-117.13205220969985,123.61205220969985
1325.85,1052.2033471974376,273.64665280256236
14.94,-18.911257637747667,33.851257637747665
34.54,-33.88575965898099,68.42575965898098
2999.95,2589.4131266183044,410.5368733816954
64.12,64.51249589796089,-0.3924958979608846
19.456,28.149414288016715,-8.693414288016715
209.986,264.36617797790836,-54.380177977908374
29.76,82.20752162262079,-52.44752162262078
89.768,161.15717462857106,-71.38917462857106
959.984,1626.718624868541,-666.7346248685409
15.552,-36.524019497287554,52.076019497287554
34.36,-25.664034853661406,60.024034853661405
98.376,83.32055686902413,15.055443130975874
29.94,78.75151988321409,-48.81151988321409
17.472,-11.286448949956366,28.758448949956367
36.738,4.7062057524883585,32.03179424751164
179.94,221.64758720914915,-41.70758720914915
383.64,379.3059137268324,4.3340862731676
56.52,31.25850698689851,25.261493013101493
6.56,-85.15602917326078,91.71602917326078
243.92,234.5490270663513,9.370972933648687
47.52,291.0202269094482,-243.50022690944817
19.98,-78.72603139336366,98.70603139336366
8.0,74.48402481050516,-66.48402481050516
6.16,-77.85143012922754,84.01143012922753
83.56,108.18531406566126,-24.625314065661257
546.06,645.3488908580789,-99.28889085807896
269.49,282.73920461793,-13.24920461792999
10.9,61.00962213008984,-50.10962213008984
6.096,-77.37352818699924,83.46952818699924
34.05,0.39424975877477664,33.65575024122522
352.38,530.154505457087,-177.774505457087
245.98,340.8168348347185,-94.83683483471853
18.94,-79.65384521970827,98.59384521970827
59.913,232.2012848418908,-172.2882848418908
391.98,601.0025913456558,-209.02259134565577
437.85,492.9497212524958,-55.09972125249578
68.62,32.8159014255516,35.8040985744484
25.02,-6.846842508776717,31.866842508776717
10.71,-23.567775408756006,34.27777540875601
55.984,12.400518677771743,43.58348132222826
14.48,74.50275859086446,-60.022758590864456
142.488,130.42335922534653,12.06464077465347
14.16,-77.71006406925108,91.87006406925107
79.92,134.4330025633924,-54.51300256339239
590.352,530.6472341454534,59.70476585454662
17.088,-44.09324658306332,61.18124658306332
98.392,203.35099581897657,-104.95899581897658
11.05,78.86633501990536,-67.81633501990537
7.78,-75.16794520570716,82.94794520570716
659.9,1097.9215631768811,-438.02156317688116
53.04,26.12777240860646,26.91222759139354
843.9,1467.1462080597319,-623.2462080597319
1496.16,934.9040443950607,561.2559556049393
117.96,123.75281728432174,-5.7928172843217425
21.3,86.71982810756208,-65.41982810756208
1040.8,877.1140518817485,163.68594811825142
29.34,148.83848618445995,-119.49848618445995
19.52,-42.36280356367729,61.882803563677285
443.92,399.1638753836571,44.7561246163429
499.95,475.21798409227927,24.732015907720722
3.04,-122.75760849261451,125.79760849261451
201.96,280.698766084236,-78.738766084236
68.64,426.78225210660185,-358.14225210660186
100.0,107.06971680394486,-7.069716803944857
359.98,530.3812569822627,-170.40125698226268
6.16,-77.70445853817546,83.86445853817546
2348.82,1314.6679172590088,1034.1520827409913
13.872,128.07314319779857,-114.20114319779857
273.552,279.1370786327275,-5.585078632727459
815.292,490.81362680772736,324.47837319227267
234.45,264.02826353297587,-29.578263532975882
1256.22,871.4218455602295,384.79815443977054
17.46,-62.53491602145391,79.99491602145392
10.528,182.90413629774002,-172.37613629774003
152.8,176.28905469098663,-23.48905469098662
82.56,124.12868734358244,-41.56868734358244
284.97,306.17687129818523,-21.206871298185206
60.84,42.53913036043832,18.300869639561682
1325.76,926.1437463251385,399.61625367486147
572.16,631.9556766788047,-59.79567667880474
28.8,301.84014244776836,-273.04014244776835
11.12,13.23299663371813,-2.112996633718131
7.04,9.960213456108931,-2.9202134561089315
17.94,-20.798685656415046,38.73868565641504
34.76,91.93011036391772,-57.17011036391772
74.45,127.93125760536418,-53.48125760536418
192.22,609.9492919935566,-417.72929199355656
19.44,-10.92871118840867,30.36871118840867
32.4,79.55479535111772,-47.15479535111772
57.9,99.30116326091115,-41.401163260911154
10.56,-68.97356306428287,79.53356306428287
1194.165,943.471107560772,250.69389243922797
40.99,-3.83157970580487,44.82157970580487
2.94,-130.29824850105342,133.23824850105342
45.24,78.14789810664843,-32.907898106648425
18.688,37.24074582589515,-18.552745825895148
11.648,-65.70082239358067,77.34882239358066
112.776,103.80892710842704,8.967072891572954
377.45,268.9518079407478,108.49819205925218
15.936,33.623847839139216,-17.687847839139216
28.68,16.8652054323004,11.8147945676996
21.44,-50.894136456968226,72.33413645696822
511.056,451.7669466837567,59.28905331624327
18.656,-48.50147433720986,67.15747433720986
11.088,210.5201396343914,-199.4321396343914
66.688,92.9588583796824,-26.270858379682394
99.488,85.18418632534667,14.303813674653327
14.62,-62.79526775813747,77.41526775813747
53.984,560.2947788178178,-506.31077881781783
389.97,453.9077466310398,-63.93774663103977
355.36,348.46751366688636,6.892486333113652
140.376,130.55095977613837,9.825040223861635
15.84,-52.353908977807805,68.19390897780781
8.448,-65.22820095317184,73.67620095317184
12.96,-59.61535312234719,72.5753531223472
57.408,174.09628678998456,-116.68828678998456
27.6,63.777977643142776,-36.177977643142775
38.976,55.72687151515356,-16.750871515153563
20.44,153.23409004219047,-132.79409004219048
109.92,114.0132349559533,-4.093234955953292
6.38,-122.35648344054971,128.7364834405497
6.48,-117.26746192516043,123.74746192516044
15.84,-23.655155041242097,39.4951550412421
1049.93,780.5383803408984,269.3916196591017
154.9,183.98194922313564,-29.081949223135638
98.352,83.3276606662323,15.0243393337677
14.32,66.43922893594231,-52.11922893594231
129.888,197.827760024182,-67.939760024182
48.944,187.94998246935984,-139.00598246935982
275.058,279.6681334570537,-4.610133457053735
27.36,289.69047700950273,-262.3304770095027
44.75,100.68535497796393,-55.935354977963925
134.99,326.1286544917632,-191.1386544917632
26.4,83.91331787264153,-57.51331787264153
542.94,622.979278287535,-80.0392782875349
71.088,34.468445039743756,36.61955496025624
27.396,338.0447152918382,-310.6487152918382
13.456,-30.94191151230598,44.39791151230598
11.84,-104.50658560248235,116.34658560248235
35.88,138.4485520160813,-102.5685520160813
40.752,10.268968551781882,30.48303144821812
139.96,170.61717448313607,-30.65717448313606
2.624,-117.33066510222261,119.9546651022226
136.53,339.3108117902457,-202.78081179024568
263.96,773.0721368601097,-509.11213686010973
11.64,-25.366785420613496,37.0067854206135
40.176,13.359253511318911,26.81674648868109
79.44,65.17891477666694,14.261085223333055
357.93,382.2501852073958,-24.32018520739581
127.764,138.84364425022568,-11.079644250225684
2799.944,1888.6069712943502,911.3370287056498
19.44,-11.589963042949876,31.029963042949877
36.792,-18.799003200784455,55.591003200784456
5.94,-25.717362090615097,31.6573620906151
177.55,218.00039148283872,-40.45039148283871
619.95,521.438736916276,98.51126308372409
29.16,-5.507849621224295,34.66784962122429
57.96,165.30625310216487,-107.34625310216487
29.403,-5.630664028879892,35.03366402887989
81.4,128.96762687183104,-47.56762687183104
8.72,76.29497064880775,-67.57497064880775
91.176,76.53412089583526,14.641879104164744
159.968,162.7025606039142,-2.7345606039142183
12.96,-69.8120572930311,82.77205729303111
331.536,325.4049982548272,6.131001745172796
899.91,749.4715455333709,150.43845446662908
946.344,680.6746456098945,265.6693543901056
178.11,187.92690494459384,-9.81690494459383
1089.75,1307.3424486060535,-217.5924486060535
61.06,22.590339105675184,38.46966089432482
459.92,435.42792125801225,24.49207874198777
27.52,44.56110768536905,-17.041107685369052
638.82,575.7852320030617,63.0347679969384
30.69,-8.288042697099627,38.978042697099625
25.16,-53.99454865491521,79.1545486549152
13.92,-16.44583054618306,30.365830546183062
19.36,-60.84203466617464,80.20203466617464
19.3,-53.195816141190335,72.49581614119033
38.376,11.468030019724665,26.907969980275332
12.96,-83.43155672185185,96.39155672185186
26.48,-64.12886451562326,90.60886451562327
532.72,822.8074278072093,-290.0874278072092
26.72,24.854678746317177,1.865321253682822
20.04,-29.521019923033236,49.561019923033236
795.48,555.1020425594728,240.3779574405272
21.56,173.81497398239117,-152.25497398239116
249.584,349.064122356893,-99.48012235689299
68.112,46.404526895543995,21.707473104456
16.56,2.1809206577822806,14.379079342217718
74.95,127.92709319365531,-52.97709319365531
355.455,329.1439409497532,26.311059050246797
44.4,14.942691911602878,29.45730808839712
20.65,76.2491141396631,-55.59911413966311
866.4,829.97164855878,36.42835144122
5.56,-70.42281322628605,75.98281322628605
3.16,142.90100316244275,-139.74100316244275
1999.96,1645.478692551766,354.481307448234
46.152,29.33811804526954,16.813881954730462
32.985,5.277796483851489,27.70720351614851
481.32,459.8840325459828,21.435967454017202
6.384,-126.32651894121955,132.71051894121956
542.94,614.0773492462613,-71.13734924626124
54.92,52.68184323076002,2.2381567692399784
1448.82,897.9149673412525,550.9050326587475
353.88,344.6080121283428,9.271987871657188
333.576,353.3368244074645,-19.760824407464497
60.144,170.81214487645502,-110.66814487645502
85.2,178.9849922583462,-93.78499225834621
3.15,-137.31639949152827,140.46639949152828
22.72,33.48467172369442,-10.76467172369442
14.91,-20.776291832672086,35.68629183267208
1158.12,1111.2406077818682,46.87939221813167
599.99,1963.3936003890733,-1363.4036003890733
23.968,-25.186184343723426,49.15418434372343
638.288,478.7779511280735,159.51004887192653
13.208,-103.22103437719943,116.42903437719943
15.528,-24.676442375110582,40.20444237511058
104.85,218.24246612691536,-113.39246612691537
30.48,2.677690735693659,27.80230926430634
112.648,247.75928185267253,-135.11128185267253
71.976,51.73266487213982,20.243335127860178
2.21,-141.63027497419193,143.84027497419194
15.52,18.681393526117063,-3.161393526117063
36.44,40.59529888461361,-4.1552988846136145
217.764,194.3101795095863,23.453820490413705
39.072,161.70696418490525,-122.63496418490524
22.638,221.64803416913924,-199.01003416913923
95.144,240.1252411360656,-144.9812411360656
12.32,77.35259543697339,-65.0325954369734
4.419,-4.244601742625264,8.663601742625264
35.0,175.09124793853198,-140.09124793853198
72.784,105.96293338368787,-33.17893338368786
97.84,74.59528961389219,23.244710386107812
51.75,26.138108881563994,25.611891118436006
46.672,-20.69122391599649,67.36322391599649
1395.54,938.8330566380536,456.7069433619464
117.36,138.50735147212822,-21.14735147212822
18.9,-7.574808366326806,26.474808366326805
77.52,54.53738207556671,22.982617924433285
421.372,629.1091459599244,-207.73714595992436
575.968,522.1475866906417,53.82041330935829
10.368,-71.28895203638581,81.6569520363858
15.984,-64.51984443846845,80.50384443846845
10.272,-11.055331942696057,21.327331942696055
61.792,84.14465266124739,-22.35265266124739
205.9992,209.77124920723736,-3.772049207237359
12.192,-21.576685807770446,33.768685807770446
87.168,66.76454785883448,20.40345214116553
31.744,-30.570636341394902,62.3146363413949
132.224,138.76982801875943,-6.545828018759437
105.52,82.60629617034351,22.913703829656484
91.96,74.68433819182019,17.275661808179805
1487.976,1703.9058442733233,-215.92984427332317
19.44,-24.599460541880717,44.039460541880715
11.672,-96.28139331489365,107.95339331489365
279.96,282.7764749114292,-2.816474911429225
12.912,-20.99891131174354,33.91091131174354
17.088,31.9322216452706,-14.8442216452706
93.15,324.83865056119157,-231.68865056119157
11.52,18.32677949752224,-6.806779497522239
238.62,322.6239658356983,-84.0039658356983
7.77,-112.82761371297329,120.59761371297328
285.48,268.28167515357313,17.198324846426885
19.168,32.538905077151185,-13.370905077151185
26.136,-4.939293582084247,31.075293582084246
419.4,432.3663163562271,-12.96631635622714
90.801,174.5860721411782,-83.78507214117819
181.764,225.58826746440968,-43.82426746440967
5.56,-88.48755819018174,94.04755819018175
581.96,930.5489570857109,-348.58895708571083
29.98,-38.326454411451095,68.3064544114511
519.96,512.9968752175188,6.963124782481259
6.264,-25.14939438575334,31.41339438575334
363.92,331.2029311605397,32.717068839460296
64.2,134.28300636615995,-70.08300636615995
38.52,34.10683317387611,4.413166826123891
72.6,131.90126120187938,-59.301261201879385
57.568,75.14774183679629,-17.579741836796288
83.7,151.4393175646278,-67.7393175646278
32.4,94.04044985104906,-61.64044985104906
47.98,8.865479536725616,39.11452046327438
415.968,394.6143850790263,21.353614920973712
304.9,289.15439240707315,15.74560759292683
80.96,95.4619108961108,-14.5019108961108
777.21,579.4169788354508,197.79302116454926
32.4,90.05791918062255,-57.65791918062255
225.568,305.0088941476379,-79.44089414763786
36.6,7.8581455713379,28.7418544286621
715.64,1182.9281099694376,-467.28810996943764
795.51,910.1273837735971,-114.61738377359711
549.99,1799.5341705333724,-1249.5441705333724
74.76,49.82004802619667,24.939951973803332
29.22,-9.401947375559075,38.621947375559074
9.64,-69.56478296690875,79.20478296690875
33.488,205.78172482674927,-172.29372482674927
23.04,14.299832770041803,8.740167229958196
1.362,-62.594689644452046,63.95668964445205
14.76,117.81491851979945,-103.05491851979944
239.666,317.91828645422675,-78.25228645422675
301.96,439.2714774060951,-137.3114774060951
7.968,-70.94084578687125,78.90884578687125
109.92,98.50573665782395,11.414263342176056
19.44,-27.030726641740557,46.470726641740555
11.16,-83.05342659616622,94.21342659616622
79.47,54.68965145954871,24.780348540451286
4.56,-90.39439293775035,94.95439293775036
1133.35,931.5921159107758,201.75788408922415
4.672,-120.87395914315562,125.54595914315561
104.58,190.08715464279612,-85.50715464279612
1603.136,1417.8495813150337,185.2864186849663
1293.488,823.1848203478902,470.30317965210986
127.95,117.27227369205207,10.677726307947935
59.76,63.58018005325857,-3.820180053258575
108.08,215.70660353803805,-107.62660353803805
9.54,-46.992563090975636,56.532563090975636
11.736,-17.537537068385745,29.273537068385746
447.86,462.2927516546008,-14.432751654600793
17.94,-15.580930870400607,33.520930870400605
245.88,287.07026585675203,-41.190265856752035
192.16,209.37951493421042,-17.219514934210423
801.568,1284.2548591810178,-482.6868591810178
368.91,470.7891467429324,-101.87914674293239
885.528,583.2109973123282,302.3170026876718
28.28,-43.568207904321525,71.84820790432153
4912.59,5543.9265635953725,-631.3365635953724
14.352,-24.94987575923483,39.30187575923483
179.97,182.4516025764351,-2.481602576435108
42.76,3.2134469795071254,39.54655302049287
45.68,-8.98898340525625,54.66898340525625
25.06,-58.883739786976776,83.94373978697678
38.432,-9.922724622940223,48.354724622940225
21.568,-47.488499399047214,69.05649939904721
81.576,64.7311192150778,16.844880784922196
2.78,-143.1605300014353,145.9405300014353
99.87,76.67029943562375,23.199700564376258
44.4,14.130044750424531,30.269955249575467
21.4,48.21850678013516,-26.81850678013516
71.12,82.5824286500515,-11.462428650051493
259.96,269.52229105800825,-9.56229105800827
9.78,-153.1768675420974,162.9568675420974
24.192,291.5890386191886,-267.3970386191886
31.56,12.686633394601131,18.873366605398868
59.94,19.040918557901023,40.899081442098975
45.36,11.452905629987299,33.9070943700127
26.4,71.59507249544527,-45.19507249544527
41.4,40.50029988686401,0.8997001131359852
16.95,-88.46119931857925,105.41119931857925
24.704,-55.25244172412272,79.95644172412273
59.7,32.28622395017328,27.413776049826723
14.52,-21.70522327240974,36.225223272409735
104.184,83.30503976032651,20.87896023967349
46.53,33.10276572854241,13.427234271457593
25.5,-2.888410078048082,28.388410078048082
14.9,95.06310086230974,-80.16310086230973
87.71,229.08997333460798,-141.379973334608
199.764,268.0789208649469,-68.31492086494688
94.6,113.0097258617318,-18.4097258617318
4228.704,2568.0973624860594,1660.6066375139403
2003.92,1427.9055284854182,576.0144715145818
209.97,226.69322059406204,-16.72322059406204
659.9,1100.9646116379408,-441.06461163794086
110.96,113.59263148340574,-2.6326314834057456
67.8,91.79759392094456,-23.997593920944567
313.176,425.2186971999281,-112.04269719992811
22.96,196.94229802183577,-173.98229802183576
1099.5,835.2820295567398,264.21797044326024
1215.92,848.438901173241,367.4810988267591
7.31,-127.3759943042694,134.6859943042694
8.92,17.562475911078536,-8.642475911078536
87.21,74.57941571330866,12.630584286691331
15.552,-25.554526724356037,41.10652672435604
683.988,1033.8144632157139,-349.82646321571383
13.392,-15.317133809355255,28.709133809355254
16.776,-20.71626436073734,37.49226436073734
527.92,826.0679564228079,-298.14795642280797
25.4,85.1448759617947,-59.7448759617947
177.48,176.72463839265674,0.7553616073432465
71.976,50.877244311167715,21.098755688832284
95.992,201.2104736366498,-105.21847363664979
13.216,38.856577880703526,-25.640577880703525
435.84,593.3600537120963,-157.52005371209628
5.88,-86.11992198574285,91.99992198574284
211.168,204.57437129994582,6.5936287000541824
6.28,-120.49417462758015,126.77417462758015
95.1,142.2957952765753,-47.195795276575296
25.92,35.981002218956064,-10.061002218956062
48.84,64.1038162987204,-15.2638162987204
25.9,75.55759557403485,-49.65759557403485
42.68,43.60396533324865,-0.9239653332486526
299.97,327.2583695876524,-27.28836958765237
262.24,371.32399783909773,-109.08399783909772
234.36,276.64427019754953,-42.28427019754952
20.736,40.118726613680565,-19.382726613680564
10.5,78.7966801516809,-68.2966801516809
23.968,-35.723634914658305,59.69163491465831
521.96,402.5670595097713,119.39294049022874
676.55,528.3610369076035,148.18896309239642
154.9,180.14698209056837,-25.246982090568366
30.56,28.792063745298265,1.767936254701734
770.352,855.1850947334007,-84.83309473340069
21.12,27.275075983721536,-6.1550759837215345
575.928,512.7524403029812,63.1755596970188
7.78,-82.44622316936534,90.22622316936534
123.92,128.64108463413504,-4.721084634135039
17.22,-13.79978712621255,31.01978712621255
226.56,271.6701462618653,-45.11014626186528
107.88,93.24718153734352,14.632818462656473
81.98,46.90456087812754,35.07543912187246
104.85,215.2798451673384,-110.42984516733841
8.704,-84.364818541359,93.06881854135901
19.92,23.21962062188163,-3.2996206218816297
43.02,11.37538603746566,31.644613962534343
240.784,687.7017138145651,-446.9177138145651
414.96,664.1893145268837,-249.22931452688368
387.72,329.5770087760634,58.14299122393663
360.38,547.3486329551898,-186.96863295518983
13.56,-74.87554458242425,88.43554458242426
552.0,523.8165813197611,28.1834186802389
429.9,398.4292838394042,31.47071616059577
32.06,-31.830277156843295,63.8902771568433
161.96,207.12286056035805,-45.16286056035804
19.86,-44.88976802132538,64.74976802132538
12.96,-61.39646793861698,74.35646793861699
20.544,137.0375254155424,-116.49352541554241
185.58,253.6228095973945,-68.0428095973945
77.56,50.1783819624784,27.381618037521605
87.92,104.03653922060357,-16.11653922060357
245.94,294.54590080936487,-48.60590080936487
8.6,-114.81683310710673,123.41683310710673
504.9,462.4129090002573,42.48709099974269
2357.488,1622.7925725197358,734.695427480264
369.544,368.34724741574746,1.196752584252522
184.752,177.40968538790366,7.342314612096345
64.96,115.08295499394399,-50.12295499394399
13.52,-65.55174597860832,79.07174597860832
458.43,343.87236057990003,114.55763942009997
387.136,354.84961330879355,32.286386691206474
328.59,302.04892201571033,26.541077984289643
338.352,354.151595587379,-15.79959558737903
25.92,31.13009044745081,-5.21009044745081
91.36,99.19644914802939,-7.836449148029388
87.96,76.07850516398298,11.881494836017012
5.214,-43.719592830947704,48.9335928309477
12.294,-65.09773595819115,77.39173595819115
19.76,26.453843065126193,-6.693843065126192
109.764,114.45609531663604,-4.692095316636042
128.85,121.62867653139256,7.221323468607437
127.95,112.00131060656463,15.948689393435373
68.52,47.719881859618,20.800118140381997
74.94,59.61764101484914,15.322358985150856
2548.56,1662.6662470352132,885.8937529647867
271.44,307.6776179303788,-36.2376179303788
287.88,306.4428090999404,-18.56280909994041
14.9,61.19413339256039,-46.29413339256039
4158.912,2096.92890603979,2061.98309396021
91.96,73.83420685952433,18.125793140475665
33.11,186.86937520871766,-153.75937520871764
19.44,-19.872522870314697,39.312522870314695
55.48,46.29337755653114,9.186622443468856
91.92,143.78796251856852,-51.86796251856852
17.34,-71.07022555584172,88.41022555584172
71.98,28.9847914917259,42.995208508274104
7.08,-23.775294468253378,30.855294468253376
69.98,39.67135813362347,30.308641866376533
646.272,530.5958633094865,115.67613669051354
10.368,-72.19777144052546,82.56577144052545
8.4,99.01556431926906,-90.61556431926905
71.96,133.3035695991848,-61.34356959918482
18.48,-58.5693962582302,77.0493962582302
9.84,-37.69987381767419,47.53987381767419
239.24,669.7685722217476,-430.5285722217476
21.12,44.91816540826812,-23.798165408268122
54.9,106.11294202846011,-51.21294202846011
15.24,-20.198526473163383,35.438526473163385
19.568,46.8859789601413,-27.3179789601413
310.392,172.31717920131132,138.07482079868868
42.6,11.05141585169963,31.54858414830037
113.94,191.98301617462198,-78.04301617462198
129.92,133.0185353719903,-3.098535371990323
5.28,-42.09235877626156,47.372358776261564
859.2,955.7085604432068,-96.50856044320676
506.28,593.9802708185285,-87.70027081852857
14.368,-69.38037624174012,83.74837624174012
314.352,324.7136404697603,-10.361640469760346
27.888,190.64924101769452,-162.76124101769452
238.152,256.674314025847,-18.522314025847038
692.94,810.2132010459595,-117.27320104595947
16.146,319.0004766670006,-302.8544766670006
1345.485,634.5575985636659,710.927401436334
173.488,276.3328513607562,-102.8448513607562
57.75,123.0492978963382,-65.2992978963382
272.4,286.7545208167978,-14.354520816797844
11.952,-19.176694496346727,31.128694496346725
28.0,48.33533912937219,-20.335339129372187
12.201,219.7190054772027,-207.5180054772027
2.068,-62.522451609308746,64.59045160930874
83.84,268.1382087485638,-184.29820874856378
11.36,-104.56967701339727,115.92967701339727
36.4,96.28785356671574,-59.88785356671574
27.968,-25.23539080700175,53.20339080700175
142.04,156.116081106539,-14.076081106539021
14.67,-16.794773531862575,31.464773531862576
1199.96,960.9617930631167,238.99820693688332
12.6,-24.290997997303748,36.89099799730375
17.94,-19.1555746402762,37.0955746402762
23.904,127.87936986204318,-103.97536986204318
88.96,279.5823000403593,-190.62230004035933
518.272,422.3679524063384,95.90404759366163
6.98,-128.0476564510825,135.0276564510825
343.2,1030.2187407208721,-687.0187407208721
17.544,-12.929216688923361,30.47321668892336
152.688,185.48800988393577,-32.800009883935786
3.488,-69.06891213819586,72.55691213819586
5.888,-58.1774469116549,64.0654469116549
153.552,148.72711701772073,4.824882982279263
270.62,377.9284663663741,-107.30846636637409
468.9,454.3035202248784,14.596479775121566
72.48,39.99872690041366,32.481273099586346
10.95,-24.10707589281583,35.05707589281583
191.82,202.20866498468354,-10.388664984683544
151.056,342.30960663722703,-191.25360663722702
25.16,112.9324232728809,-87.7724232728809
6.216,200.24444648072085,-194.02844648072085
23.616,305.02813212845444,-281.41213212845446
24.032,-25.0236415580041,49.0556415580041
2.088,-125.28010260959059,127.36810260959058
4.488,199.13041512254085,-194.64241512254085
29.22,-13.553103249694004,42.773103249694
6.48,-128.9151136859566,135.3951136859566
1.188,-46.90334902148288,48.091349021482884
272.646,292.8378579035086,-20.191857903508605
212.8,304.2808876799388,-91.4808876799388
38.52,299.38214269908303,-260.86214269908305
72.64,42.309592374791464,30.330407625208537
45.4,62.91485872407384,-17.51485872407384
13.76,-66.70444994174454,80.46444994174455
80.991,146.60570894831199,-65.61470894831199
11.784,-24.231472984203265,36.015472984203264
4.36,-81.30907381309544,85.66907381309544
2888.127,1494.8685239036727,1393.2584760963273
1299.66,2228.0665633871527,-928.4065633871526
2254.41,1729.9295654863108,524.480434513689
104.85,95.99284213339433,8.857157866605661
59.97,40.082404309972844,19.887595690027155
314.532,430.8947388627496,-116.36273886274961
13.632,27.57257006427085,-13.94057006427085
19.432,44.14678691941526,-24.714786919415264
65.44,127.24572701874968,-61.80572701874968
6.0,-84.76563820220781,90.76563820220781
1.908,37.62472708091104,-35.71672708091104
1474.802,891.7090798534163,583.0929201465837
110.096,109.90019562116322,0.19580437883678314
16.752,134.66053293233858,-117.90853293233859
1537.074,866.3642483928918,670.7097516071083
449.372,680.9064944626786,-231.53449446267854
41.904,140.53476545591207,-98.63076545591207
2279.96,2157.9201673988646,122.03983260113546
14.94,-21.011196732106782,35.95119673210678
191.976,203.17726209191665,-11.201262091916647
23.832,3.6001323289638094,20.23186767103619
409.216,436.97758278258175,-27.76158278258174
72.588,79.7763796050665,-7.188379605066501
61.568,21.504408253289967,40.06359174671003
20.96,44.01975465535361,-23.059754655353608
44.75,90.24401252936968,-45.494012529369684
11.96,-81.10035153216882,93.06035153216882
3.912,-137.9457947792407,141.85779477924072
327.996,336.651079527466,-8.655079527466
49.408,51.646723836023284,-2.238723836023283
53.25,37.94066047048318,15.30933952951682
3.76,-101.70839609019959,105.46839609019959
767.214,795.935313904008,-28.721313904007957
163.96,201.74159939235642,-37.78159939235641
161.28,190.3350061694273,-29.055006169427287
192.8,186.16742501484487,6.632574985155145
27.696,10.611428568811789,17.084571431188213
73.164,214.0995486329757,-140.93554863297572
32.064,136.37534835182237,-104.31134835182237
205.666,265.8512696610519,-60.185269661051905
115.44,95.47800906072871,19.96199093927129
274.8,290.1592353322487,-15.359235332248716
195.64,185.81106124101325,9.828938758986737
257.98,363.7723576766232,-105.79235767662317
119.04,195.067436810627,-76.02743681062698
20.07,-16.14851356337249,36.21851356337249
11.76,33.02900020452739,-21.269000204527394
11.76,28.843711220495152,-17.083711220495154
40.736,-18.57687378332639,59.31287378332639
201.584,261.12110422770365,-59.53710422770365
340.704,310.08230207190354,30.621697928096467
354.9,331.63440405661004,23.26559594338994
1198.33,765.8553938770651,432.4746061229348
87.92,94.47697367207684,-6.556973672076836
51.968,3.498418828675767,48.469581171324236
51.336,27.821590284683452,23.514409715316546
332.704,995.502488972421,-662.798488972421
42.408,15.572866415197723,26.83513358480228
81.54,62.569479481167036,18.97052051883297
167.28,499.52804624951887,-332.2480462495189
772.68,708.1333306743812,64.54666932561872
323.976,334.37902093783873,-10.403020937838733
11.808,14.600335215521909,-2.792335215521909
26.16,-7.871376871973098,34.031376871973094
33.57,114.61235964862112,-81.04235964862113
4.992,-44.31395726198548,49.305957261985476
20.016,-16.63399927831074,36.64999927831074
170.24,208.26652358241608,-38.026523582416075
117.456,115.69020640857525,1.7657935914247531
22.96,-58.646188136518504,81.60618813651851
13.36,-63.608900585369156,76.96890058536916
34.248,10.19034279510447,24.057657204895527
3.52,-75.73515561602721,79.25515561602721
26.7,86.5962237887743,-59.89622378877429
21.2,-52.23075076375858,73.43075076375858
838.38,1408.2137685391558,-569.8337685391558
1690.04,1602.8879960024733,87.15200399752666
85.96,233.02819418869012,-147.06819418869014
121.96,139.7140853591859,-17.754085359185908
23.92,43.80951063075236,-19.889510630752355
63.96,33.120770696507634,30.839229303492367
629.95,565.7616638487108,64.18833615128926
113.73,110.8465617812783,2.8834382187217074
14.6,-63.854592851876305,78.4545928518763
887.84,626.1746116705476,261.6653883294524
403.92,357.473479694175,46.446520305825004
106.8,387.261047144199,-280.461047144199
70.95,49.22470759023031,21.725292409769693
34.944,142.68392847743075,-107.73992847743075
119.04,196.97684688375057,-77.93684688375056
383.84,353.57633824223376,30.263661757766215
799.56,663.7493120818282,135.81068791817177
31.44,3.318646513686872,28.12135348631313
25.92,94.62731991933856,-68.70731991933856
6.33,147.89658746645546,-141.56658746645545
75.88,134.5550788628043,-58.6750788628043
329.988,466.1372895867569,-136.14928958675688
71.376,68.53826097372803,2.8377390262719757
63.77,207.08808939474898,-143.31808939474897
50.97,23.811751218649306,27.158248781350693
96.08,80.15221591127624,15.927784088723755
1439.968,1398.0707222379895,41.89727776201062
43.56,24.06289312798185,19.49710687201815
563.92,460.94339314777585,102.97660685222411
235.152,333.64245224461524,-98.49045224461526
7.712,-76.4591326286502,84.1711326286502
51.016,210.6060165930735,-159.5900165930735
25.248,14.486370062110836,10.761629937889165
56.686,72.93989284485974,-16.25389284485974
51.168,15.249158816592399,35.9188411834076
2793.528,1674.6532554951073,1118.8747445048925
1000.02,771.8118391470247,228.2081608529753
65.94,59.947008518949815,5.992991481050183
18.24,-45.913586142059785,64.15358614205978
76.12,50.83985817555731,25.280141824442694
7.64,-124.34137498066048,131.98137498066046
68.16,55.900983096705204,12.259016903294793
62.24,232.21417496616596,-169.97417496616595
29.97,10.270201583085054,19.699798416914945
125.7,209.37314233678194,-83.67314233678194
191.98,254.51130967487848,-62.531309674878486
20.86,198.12694620633397,-177.26694620633396
56.7,299.7537110001765,-243.05371100017652
72.704,95.47800433539328,-22.774004335393286
12.264,198.39393705793486,-186.12993705793485
218.352,217.87471018179963,0.47728981820037575
66.294,128.6342623494943,-62.340262349494296
291.168,275.91493609151803,15.253063908481977
88.776,75.4829494865819,13.293050513418095
110.376,122.04041391922851,-11.664413919228508
55.176,34.75646288697976,20.41953711302024
30.32,31.691230700696906,-1.3712307006969056
177.568,226.6285618809618,-49.060561880961785
19.44,-18.533839381532744,37.97383938153274
71.28,413.09315628287777,-341.8131562828778
1471.96,1224.0708422101093,247.88915778989076
79.96,140.46258768744224,-60.502587687442244
57.576,41.0567956802995,16.5192043197005
26.336,46.54614973456046,-20.21014973456046
166.5,167.25097611041565,-0.7509761104156496
360.38,549.5736320287288,-189.19363202872876
11.744,-109.58211967015018,121.32611967015018
247.44,363.3452812815208,-115.90528128152079
18.24,-14.485730162992695,32.72573016299269
25.35,4.335818467024637,21.014181532975364
119.04,215.53738745117744,-96.49738745117743
22.14,2.694144052772117,19.445855947227884
13.98,-53.521503583277536,67.50150358327754
43.41,0.48848890858766936,42.92151109141233
6.24,-38.719147706215836,44.95914770621584
465.16,740.5251881974191,-275.36518819741906
7.98,-122.10539119845293,130.08539119845292
2.394,-35.21245565161439,37.60645565161439
58.32,288.24237495719467,-229.92237495719468
200.97,197.75075801348112,3.219241986518881
21.36,231.17569353197018,-209.81569353197017
9.856,29.97480535039358,-20.11880535039358
3.444,-97.01097055475248,100.45497055475248
384.592,547.6749934055184,-163.08299340551844
22.92,-14.206355923379078,37.12635592337908
11.36,16.190404219256607,-4.830404219256607
14.592,-9.265297534787578,23.857297534787577
41.4,53.943388417537335,-12.543388417537336
442.372,190.11321293344554,252.25878706655448
34.5,-5.28914114582517,39.78914114582517
28.85,80.64992434545502,-51.79992434545502
3.488,-73.4546680266867,76.9426680266867
143.856,355.5290190641547,-211.6730190641547
311.98,460.3308517855844,-148.35085178558438
22.45,63.494198719043425,-41.04419871904342
39.992,3.2739087253194157,36.71809127468058
1159.056,733.6282511653632,425.4277488346369
179.9,201.45183363101933,-21.55183363101932
116.312,231.56899497074323,-115.25699497074324
12.42,-12.99765635180529,25.41765635180529
428.4,490.2463444179865,-61.84634441798653
24.75,96.10867509783202,-71.35867509783202
87.71,232.14137385826962,-144.43137385826964
69.52,44.15700731828315,25.362992681716847
20.784,-27.037710212031925,47.821710212031924
12.816,-11.76012389795801,24.576123897958013
5.904,-79.31634418038539,85.22034418038538
63.824,42.86152775075584,20.962472249244158
141.552,143.74371930690427,-2.1917193069042753
304.9,314.7972607191359,-9.897260719135943
563.24,469.401195263496,93.83880473650402
661.176,973.4952130187318,-312.3192130187317
239.976,261.25900973042053,-21.28300973042053
502.488,515.9349665943428,-13.446966594342769
196.704,247.22714482175957,-50.52314482175956
915.136,823.4680911503895,91.66790884961051
327.76,391.9407663966888,-64.1807663966888
701.96,1155.4928683719208,-453.5328683719208
88.776,68.10955305058997,20.66644694941003
64.14,43.63972849867628,20.500271501323724
33.552,-26.71941641390049,60.27141641390049
1737.18,1280.677590992669,456.50240900733115
704.25,582.8277461157109,121.42225388428915
141.76,155.28115879392135,-13.521158793921359
36.36,9.705896609227239,26.65410339077276
25.83,-7.773862509211085,33.60386250921108
24.588,47.05201224650682,-22.46401224650682
13.984,-69.75291870630622,83.73691870630621
195.96,220.56507673697206,-24.60507673697205
74.352,54.271889303953,20.080110696047
6.68,-131.17434897018234,137.85434897018234
17.584,205.51026662894924,-187.92626662894924
104.784,223.38160083234447,-118.59760083234447
47.952,23.000348315885276,24.951651684114722
650.352,679.2136164776817,-28.861616477681764
629.184,569.6567951487037,59.52720485129623
15.176,-91.08318772859457,106.25918772859457
127.95,121.80893424687133,6.141065753128672
579.51,641.1633760625443,-61.65337606254434
14.99,-103.34611670029881,118.3361167002988
151.92,162.06097284356247,-10.14097284356248
196.62,272.6029094842927,-75.98290948429269
144.12,148.75320200255896,-4.63320200255896
15.96,-62.889807121722015,78.84980712172202
39.96,99.25923129090665,-59.299231290906654
34.08,133.59002465411027,-99.51002465411027
10.368,-76.36244983710162,86.73044983710162
7.752,-24.814453513313765,32.56645351331377
15.28,-73.69255287837314,88.97255287837314
65.97,45.010046238271116,20.959953761728883
33.4,87.33704359607941,-53.93704359607941
210.84,226.415063892209,-15.575063892208988
13.98,-88.20203999027694,102.18203999027695
272.94,292.9542962937112,-20.014296293711197
19.05,77.81137341516933,-58.76137341516933
247.716,254.95114550237895,-7.235145502378941
66.58,31.561306341342288,35.01869365865771
43.92,22.540362004881445,21.379637995118557
14.73,-15.835630670925411,30.56563067092541
29.7,81.1184043999881,-51.41840439998809
49.12,60.07029878139929,-10.95029878139929
18.28,85.97311922515269,-67.69311922515269
47.04,65.79129602936405,-18.75129602936405
339.96,321.46975761725093,18.490242382749045
87.8,97.39755181071087,-9.597551810710868
221.382,292.6546731124097,-71.27267311240968
5199.96,4882.3683936702055,317.59160632979456
156.512,154.4696111264227,2.042388873577295
119.85,92.91573455532671,26.934265444673287
30.44,-57.261557700515596,87.7015577005156
69.28,17.419398544830983,51.86060145516902
587.97,670.817420869231,-82.84742086923097
24.55,79.5391327043153,-54.98913270431531
12.176,-108.46892122366671,120.64492122366671
37.32,4.715655273472976,32.604344726527025
35.06,-31.531654828406772,66.59165482840677
108.4,158.45660792358785,-50.05660792358785
361.376,534.4967006333401,-173.1207006333401
2.412,-84.12384234503111,86.53584234503111
8.39,-105.06890516079875,113.45890516079875
337.98,521.8995434802076,-183.9195434802076
83.92,149.18953282802318,-65.26953282802317
19.68,86.70163675722961,-67.0216367572296
25.92,42.93180200040706,-17.01180200040706
6.48,-116.98215469876345,123.46215469876346
86.352,187.56397200371566,-101.21197200371566
56.3,9.103586155396442,47.196413844603555
51.016,218.7716742592845,-167.75567425928452
150.8,192.2566512208598,-41.45665122085978
1039.992,3413.6004766765745,-2373.6084766765744
51.84,259.9131504761767,-208.07315047617672
41.22,-6.1190721918073905,47.33907219180739
240.37,671.4177451510973,-431.0477451510973
119.02,114.68861523602618,4.331384763973816
133.12,166.9552795027871,-33.8352795027871
38.08,131.35950156008244,-93.27950156008244
113.568,114.41405701805411,-0.8460570180541112
83.92,95.01483623540912,-11.094836235409119
6.63,-34.36470371084192,40.994703710841925
371.97,403.891500243848,-31.92150024384796
561.584,897.4901656162489,-335.9061656162489
99.92,158.1837699438763,-58.26376994387631
4.928,-83.5066302092032,88.43463020920319
14.76,-63.551334853022354,78.31133485302236
99.99,197.8543940045281,-97.86439400452811
286.15,284.9628437857025,1.187156214297488
49.792,260.8292956859975,-211.03729568599752
299.975,251.33207904435722,48.64292095564281
158.376,166.75585693924245,-8.379856939242444
32.784,87.18409774940346,-54.400097749403464
47.984,-17.895121467798162,65.87912146779817
62.592,253.20716772267315,-190.61516772267316
4.276,-66.38324987600595,70.65924987600594
10.56,-72.13260091569691,82.69260091569691
229.94,312.0731922916534,-82.13319229165342
311.15,326.95455633231313,-15.804556332313155
12.96,-67.76453907422069,80.7245390742207
14.62,-61.00347909282959,75.6234790928296
5.76,-82.257611442177,88.017611442177
21.48,134.15716061421858,-112.67716061421858
396.92,418.7907171583888,-21.8707171583888
17.15,-77.98640302695685,95.13640302695686
23.12,-42.38464575193734,65.50464575193735
5.248,-64.89856563934609,70.1465656393461
824.95,713.2517744061194,111.6982255938807
24.64,234.2412176191135,-209.60121761911353
227.88,270.28792962671696,-42.407929626716964
241.96,333.79903668029965,-91.83903668029964
3.89,-140.54289816079495,144.43289816079493
8.01,-36.57865734248617,44.588657342486165
177.48,189.94610170419605,-12.466101704196063
569.568,892.9286264844968,-323.36062648449683
149.73,270.0658304922649,-120.33583049226493
899.43,674.8431361154385,224.58686388456147
46.2,102.00159742045139,-55.80159742045139
47.952,16.716448327100352,31.235551672899646
7.992,-113.48715520338237,121.47915520338238
76.864,42.37686436328204,34.487135636717966
102.93,86.10330435689912,16.82669564310089
98.16,181.82386870592654,-83.66386870592655
11.52,106.62791133987866,-95.10791133987867
83.88,137.72891252385125,-53.848912523851254
108.576,119.51139177589471,-10.935391775894715
5.984,-52.31361189534118,58.297611895341184
21.96,-39.16977421858928,61.12977421858928
368.97,422.66423211919255,-53.69423211919252
12.39,-9.294054665503381,21.684054665503382
332.94,361.7862252183868,-28.84622521838679
111.93,249.09078269470479,-137.16078269470478
454.272,405.2764769785799,48.99552302142007
19.44,-16.710334221463427,36.150334221463424
8399.976,7497.62772472726,902.3482752727405
6.294,-74.91286524001725,81.20686524001725
10.368,-64.17123286812853,74.53923286812852
122.382,119.94326402129423,2.438735978705779
25.984,-30.41962502381557,56.40362502381557
945.036,573.2266649489154,371.80933505108453
14.301,217.04165024596705,-202.74065024596706
410.352,427.6038728030826,-17.25187280308262
23.52,81.42673912230862,-57.90673912230862
180.96,199.33424914542752,-18.374249145427513
35.0,38.5932724959564,-3.5932724959563984
477.15,399.40694110785216,77.74305889214781
302.376,312.14596456108166,-9.769964561081679
974.988,823.8218182277252,151.16618177227485
589.41,469.0382492432168,120.37175075678317
34.7,100.42101124033843,-65.72101124033843
99.87,90.19591488850801,9.67408511149199
37.94,-19.910091118157652,57.85009111815765
24.9,91.17010617641836,-66.27010617641835
82.26,71.2339004224641,11.026099577535902
7.104,118.00128490456973,-110.89728490456973
103.5,146.06482197427067,-42.56482197427067
2.464,-135.52665402081584,137.99065402081584
8.72,-107.43928129526853,116.15928129526853
10.76,-75.1471265530804,85.9071265530804
45.68,-9.887761928673854,55.56776192867385
6.7,-115.9158607098434,122.6158607098434
158.376,149.0415304500848,9.334469549915212
3.44,-70.78255074327353,74.22255074327353
56.56,5.78798926352988,50.77201073647012
36.96,190.8476399433905,-153.8876399433905
135.99,336.1164399534889,-200.1264399534889
15.96,186.37389138199478,-170.41389138199477
3.76,-93.89471618364382,97.65471618364383
14.7,62.67616426503196,-47.976164265031954
37.2,86.66758696512011,-49.467586965120105
89.97,60.747807566655865,29.222192433344134
261.96,356.5033507713588,-94.5433507713588
74.0,111.68177350900874,-37.681773509008735
13.28,-67.3759761685053,80.6559761685053
84.96,191.87348086390784,-106.91348086390785
68.46,205.89509336996275,-137.43509336996277
2079.4,1687.34325358233,392.0567464176702
629.95,561.8773507646946,68.07264923530545
72.42,177.92024839210853,-105.50024839210853
131.98,145.7113831849731,-13.731383184973112
114.52,235.87758613359506,-121.35758613359506
100.24,380.80799826949874,-280.56799826949873
871.8,984.025051692638,-112.22505169263809
61.96,95.94034757486952,-33.98034757486952
4.554,3.905869324931473,0.6481306750685274
5.2,-74.93827063304616,80.13827063304616
205.992,556.259372936665,-350.2673729366651
15.552,-21.374547121976548,36.92654712197655
503.96,427.6710296143765,76.28897038562349
24.472,192.20535623416822,-167.7333562341682
241.568,329.9027183976493,-88.33471839764931
110.4,104.31062206358342,6.089377936416582
384.768,542.6355251591481,-157.8675251591481
78.66,174.85755959103994,-96.19755959103995
45.36,53.93556260894502,-8.57556260894502
962.08,890.9524030171636,71.1275969828364
12.843,21.220639592770112,-8.377639592770112
295.456,649.9499747539256,-354.4939747539256
32.4,96.75046851779302,-64.35046851779302
103.936,125.50520729499203,-21.569207294992026
289.568,413.2616569890588,-123.69365698905881
39.72,106.1488146192944,-66.4288146192944
244.768,239.06134717583996,5.706652824160045
24.0,-31.663734903734166,55.663734903734166
15.552,-15.54606536474057,31.09806536474057
26.176,-30.833309043687677,57.00930904368768
20.94,-5.326279050568019,26.26627905056802
135.09,345.61468915112096,-210.52468915112095
279.86,636.4568536326332,-356.59685363263316
90.06,180.80556565541724,-90.74556565541724
539.964,408.82592576661614,131.13807423338392
50.232,214.27389524994578,-164.04189524994578
19.242,21.521465253018732,-2.2794652530187314
1247.64,1493.8807540659686,-246.24075406596853
5.304,-25.17439329824265,30.47839329824265
19.136,36.353699880410886,-17.217699880410887
332.832,306.10853302084183,26.72346697915816
279.9,307.26609983751973,-27.366099837519755
50.352,26.50963470614238,23.84236529385762
34.02,7.904380495664327,26.115619504335676
23.88,130.35347147542848,-106.47347147542848
11.52,14.290603117020964,-2.770603117020965
286.93,344.5535177803215,-57.62351778032149
206.384,264.28006497755086,-57.89606497755088
218.352,219.9128134676737,-1.5608134676736825
529.9,465.5645524180975,64.33544758190249
99.3,371.7034227616589,-272.4034227616589
108.96,101.07704724617452,7.882952753825478
2.688,-133.73288074212041,136.4208807421204
5443.96,5485.811334185141,-41.85133418514124
302.67,327.2978741061647,-24.62787410616471
56.07,200.61048367293074,-144.54048367293075
10.08,-65.91000457015389,75.99000457015389
59.994,82.97194151903068,-22.97794151903068
5.715,118.52303601567496,-112.80803601567496
9.42,119.8996107238329,-110.47961072383289
1999.96,2025.6849881528074,-25.724988152807327
216.4,232.54811302127587,-16.14811302127586
6.936,-22.083649212349428,29.019649212349428
4.428,41.31342957892252,-36.885429578922526
8.8,75.315033326302,-66.515033326302
142.8,355.71924619161973,-212.91924619161972
399.95,388.00143868191026,11.94856131808973
2152.776,2637.629186579607,-484.85318657960715
4007.84,1678.4974787431506,2329.3425212568495
328.59,312.07429506612243,16.515704933877544
98.352,91.43471919683134,6.917280803168666
158.99,411.07688903315193,-252.08688903315192
291.1,295.73380121536366,-4.633801215363633
73.68,171.8418926033014,-98.1618926033014
139.92,163.55865798778768,-23.638657987787695
107.88,97.32434344602507,10.555656553974927
33.29,-23.858016102920374,57.14801610292037
58.17,132.73247622057715,-74.56247622057715
5.04,-79.01704132428176,84.05704132428177
24.784,-53.849214682426464,78.63321468242646
634.116,429.45397300254626,204.66202699745372
17.472,-21.570207934212704,39.042207934212705
155.88,220.03089208563802,-64.15089208563802
327.564,308.10084076612816,19.463159233871863
13.36,-80.97746309066724,94.33746309066724
158.9,184.0187224408421,-25.118722440842106
319.968,306.16027437704065,13.807725622959367
505.32,546.7623870294875,-41.44238702948752
3.808,-131.89133997892077,135.69933997892076
8.682,-49.3128831379895,57.994883137989504
24.424,-67.01501605012845,91.43901605012846
1522.638,914.9300130120546,607.7079869879453
419.9,414.8569007653964,5.043099234603574
3.15,-140.2633195025569,143.4133195025569
33.62,173.96859448930627,-140.34859448930627
16.14,-24.12888167542951,40.26888167542951
194.25,246.42723378288315,-52.17723378288315
8.64,-23.439783488665626,32.079783488665626
872.32,839.9723459108499,32.34765408915018
243.992,141.35447063686024,102.63752936313975
7.12,69.86131004766571,-62.74131004766571
2.688,-83.32996834279243,86.01796834279243
317.058,329.5372309495406,-12.479230949540579
149.352,151.4163436348524,-2.0643436348524062
227.976,240.36716329050387,-12.391163290503869
11.96,-61.98230693675896,73.94230693675897
563.4,529.901857205386,33.498142794613955
319.92,412.4841485996101,-92.56414859961006
1049.44,817.1439441564262,232.29605584357387
170.352,160.1289792591176,10.22302074088239
173.94,242.5288444977043,-68.58884449770432
1007.944,707.0349210510366,300.9090789489634
6.68,-117.90379699507935,124.58379699507935
8.34,-23.627842165862376,31.967842165862375
101.94,99.2621302482446,2.677869751755395
179.97,194.82166347498423,-14.851663474984235
101.94,201.90664529996707,-99.96664529996707
271.96,281.29887966159185,-9.338879661591875
8.8,83.37394792511623,-74.57394792511623
19.68,143.27833213001236,-123.59833213001235
302.94,343.89790882129955,-40.957908821299554
14.94,-15.333363740228833,30.27336374022883
231.72,324.6265438035882,-92.90654380358822
9.912,-36.2965975813413,46.2085975813413
34.65,6.676200290081852,27.973799709918147
19.8,90.24399168725404,-70.44399168725404
33.568,-35.488171577805815,69.05617157780581
125.93,247.4451131656822,-121.51511316568218
11.76,104.94122557810852,-93.18122557810851
5.344,-132.81034356906343,138.15434356906343
1.365,-103.92159024626426,105.28659024626425
62.016,18.495674320866783,43.520325679133215
60.72,38.8782118240897,21.841788175910295
146.82,147.12203622262246,-0.302036222622462
239.84,352.496421708468,-112.656421708468
15.66,127.95989421474678,-112.29989421474679
146.352,125.02546127605501,21.326538723944992
5.94,-17.401208459030386,23.341208459030387
45.36,197.12320645268164,-151.76320645268163
211.168,207.96368487165114,3.204315128348867
484.704,379.62532667793585,105.07867332206416
371.976,422.43239810227965,-50.45639810227965
89.82,169.54858409172948,-79.72858409172949
19.296,-27.84629154337449,47.14229154337449
191.96,259.9887454491575,-68.02874544915747
21.3,-12.515341395715495,33.81534139571549
469.95,433.8304886271442,36.11951137285581
209.88,221.61993041601886,-11.739930416018865
239.666,318.34222121114567,-78.67622121114567
22.5,121.65544698916483,-99.15544698916483
219.84,222.74937441895713,-2.9093744189571282
32.4,87.21926893595673,-54.819268935956735
209.94,259.1404832861331,-49.20048328613308
4164.05,2909.0276923435295,1255.0223076564707
212.94,224.30163489531787,-11.361634895317877
41.88,141.66414394877825,-99.78414394877825
58.48,245.87442592111233,-187.39442592111234
102.438,227.25230172722036,-124.81430172722035
199.304,203.42898129954938,-4.1249812995493755
6999.96,6721.700025397846,278.2599746021542
12.96,-61.690851123119955,74.65085112311996
279.86,651.8671703786986,-372.00717037869856
7.38,114.70860493945884,-107.32860493945884
698.352,789.8001640419582,-91.4481640419582
1747.25,1485.3204635121099,261.9295364878901
54.48,41.298453821787234,13.181546178212763
199.99,549.4623225404056,-349.47232254040557
68.541,414.5215744187742,-345.9805744187742
627.168,564.1231196967726,63.04488030322739
122.12,151.5817804817068,-29.461780481706796
6.99,-24.655064608832163,31.645064608832165
107.424,196.17932002221096,-88.75532002221095
1421.664,598.9507759036655,822.7132240963344
125.88,196.18125502073144,-70.30125502073145
79.78,45.19935711219773,34.58064288780227
133.2,339.75986430802254,-206.55986430802255
438.368,411.46964841432896,26.898351585671037
139.944,256.87274710638917,-116.92874710638918
133.472,148.3803576138314,-14.908357613831384
564.195,526.1018084318256,38.09319156817446
87.168,75.41366241329888,11.754337586701126
42.616,235.4859552364028,-192.8699552364028
319.984,480.19269153897994,-160.20869153897996
45.92,96.62738496209931,-50.70738496209931
21.184,-29.77939766058762,50.96339766058762
20.736,30.281166319807426,-9.545166319807425
213.43,211.65429750794829,1.775702492051721
333.576,348.0429127727175,-14.466912772717478
31.992,-30.32455365406986,62.316553654069864
51.168,2.5470574817547913,48.62094251824521
10.64,71.48491299074885,-60.84491299074885
68.704,30.683038731753868,38.020961268246126
386.91,374.220396559856,12.689603440144026
39.66,-19.553790860077697,59.213790860077694
113.92,111.73229426352304,2.187705736476957
447.86,449.19083547180867,-1.3308354718086548
356.85,349.8661439830064,6.983856016993627
251.58,346.4044476895806,-94.82444768958058
219.84,247.33167902043533,-27.491679020435328
42.85,102.25166369699537,-59.401663696995364
6.16,-84.55835869585121,90.71835869585121
17.0,-57.115308314431104,74.1153083144311
87.4,135.4528378206453,-48.052837820645294
29.84,-47.951567169412556,77.79156716941256
49.568,-4.093688835928106,53.6616888359281
265.86,326.1758138244668,-60.31581382446677
67.96,92.7552246427324,-24.795224642732407
10.92,118.82901754027262,-107.90901754027261
83.9,59.821317142140515,24.07868285785949
19.75,82.61085769051397,-62.86085769051397
393.54,457.7313378469498,-64.1913378469498
46.872,202.15682645797142,-155.2848264579714
10.9,-111.46627155621218,122.36627155621218
79.92,78.02860011580765,1.891399884192353
146.82,140.99250455589254,5.827495444107456
3.6,-102.98034319280032,106.58034319280031
20.04,129.89569170868435,-109.85569170868436
180.016,467.6584681590882,-287.64246815908825
41.552,3.809134514611742,37.74286548538826
13.12,81.17700895152302,-68.05700895152302
1117.92,986.0202998038407,131.89970019615942
111.96,114.13348031353735,-2.173480313537354
12.16,87.12602003679012,-74.96602003679013
17.52,35.1056840751678,-17.5856840751678
155.88,240.65624237687985,-84.77624237687985
477.51,592.0105665931518,-114.5005665931518
164.88,166.82972687509937,-1.9497268750993726
47.97,30.84664069756809,17.123359302431908
415.176,478.368781740483,-63.192781740482985
35.232,6.250910777102035,28.981089222897964
54.96,50.58535104855491,4.374648951445089
16.34,-62.79168718387177,79.13168718387178
225.296,303.9983986156842,-78.70239861568422
50.352,16.705788002963118,33.64621199703688
163.136,178.21477475701636,-15.078774757016362
6.408,67.34281836464265,-60.93481836464265
217.584,290.6667009901039,-73.08270099010389
5.43,-33.47288422712404,38.90288422712404
143.976,135.2134178684462,8.762582131553813
519.68,442.3388134460108,77.34118655398913
7.83,-34.25139501818967,42.08139501818967
883.84,806.206458835931,77.63354116406902
230.352,246.61820155043688,-16.266201550436875
273.92,364.05652183261304,-90.13652183261303
9.912,-16.972742825856585,26.884742825856584
266.352,212.98039138986815,53.37160861013183
56.328,40.36716458833371,15.960835411666295
39.264,8.45174448969442,30.812255510305583
95.232,175.7072261765527,-80.4752261765527
30.0,128.40145569094534,-98.40145569094534
25.92,28.954262536902206,-3.0342625369022045
159.92,162.72086804638639,-2.800868046386398
34.944,10.43900436680201,24.504995633197993
149.95,182.03680394842718,-32.08680394842719
23.32,-46.17349279043469,69.49349279043469
16.74,-15.022986845404148,31.762986845404146
14.82,91.91126764585488,-77.09126764585488
10.47,-19.85237009030675,30.322370090306748
11.07,-18.618401763264274,29.688401763264274
20.704,37.783591033327184,-17.079591033327183
177.2,205.98937923472386,-28.789379234723867
50.496,157.39031546786873,-106.89431546786872
6.129,6.074018949281935,0.05498105071806414
643.136,584.6255288907199,58.51047110928005
20.736,34.583055089493655,-13.847055089493654
177.536,174.80104996400883,2.734950035991176
32.432,-37.84066313364201,70.27266313364201
11.696,-68.8826041060995,80.5786041060995
113.76,102.56597811560391,11.194021884396093
579.51,645.8619406668521,-66.3519406668521
150.66,343.91336584208466,-193.25336584208466
48.032,56.052839063559304,-8.020839063559308
102.624,88.53798649903433,14.086013500965663
359.772,527.1523528228936,-167.3803528228936
13.392,-19.029447864857275,32.42144786485727
122.136,107.90908004522362,14.226919954776378
35.88,141.90603948974604,-106.02603948974604
479.952,427.5599435748775,52.39205642512252
23.92,93.18227241945556,-69.26227241945556
629.95,552.1659632955681,77.78403670443197
14.952,-87.86983841741562,102.82183841741562
17.94,-15.613753566838568,33.553753566838566
116.98,126.05539849142588,-9.075398491425872
121.96,131.89887941268876,-9.938879412688763
8.74,-67.40369029632848,76.14369029632847
61.96,22.342364373249893,39.61763562675011
7.96,-79.5652663851763,87.5252663851763
275.24,285.3810374869488,-10.14103748694879
47.4,106.69505773364449,-59.29505773364449
512.96,507.9890633325489,4.970936667451156
395.94,385.9056188539598,10.034381146040175
81.96,65.72916403568411,16.230835964315887
32.776,-16.425433684484915,49.20143368448492
272.94,285.6026423432379,-12.662642343237906
253.764,358.16172577192765,-104.39772577192764
29.24,84.12518585010253,-54.88518585010253
35.168,-18.25055137049435,53.41855137049435
1362.9,1493.6453896122316,-130.74538961223152
317.058,319.10807965851177,-2.050079658511777
15.76,-63.39126106920753,79.15126106920754
14.56,99.61729113984688,-85.05729113984688
196.21,297.8718732013083,-101.66187320130828
35.4,89.99483018111937,-54.59483018111937
419.4,397.6144106549268,21.785589345073163
13.005,12.490141843475158,0.5148581565248431
7.712,-84.6931939929932,92.4051939929932
4.176,-130.73474013650844,134.91074013650842
38.88,140.5577199118145,-101.6777199118145
17.64,34.65303961144582,-17.01303961144582
93.456,90.05541329499556,3.400586705004443
449.91,500.9706455977978,-51.06064559779776
344.94,364.12732049634747,-19.187320496347468
14.76,-72.0629798437651,86.82297984376511
12.76,-77.25818220203473,90.01818220203474
58.48,244.9665676235204,-186.48656762352041
20.096,44.71014563702579,-24.61414563702579
37.752,21.738060494194315,16.013939505805688
138.588,341.8497643011233,-203.2617643011233
259.92,252.85724407592033,7.062755924079681
20.736,36.975594225929854,-16.239594225929853
129.93,123.55886504237765,6.37113495762236
69.93,214.56006931762136,-144.63006931762135
140.736,145.7900538429999,-5.054053842999906
8.32,65.0008108311606,-56.680810831160606
9.98,-107.7146657911178,117.6946657911178
62.94,23.74898766076035,39.19101233923965
21.488,-46.39670520223035,67.88470520223035
239.976,247.51982611359153,-7.543826113591535
34.504,-6.869182510421524,41.37318251042152
20.104,-14.157117309943942,34.26111730994394
3.798,-56.78535419598347,60.583354195983475
7.88,108.75175842111867,-100.87175842111867
35.445,10.764183428052775,24.680816571947226
269.97,298.34998046622127,-28.37998046622124
45.12,30.732006219926916,14.387993780073081
100.8,92.53241496913597,8.267585030864026
47.968,5.282605143625688,42.685394856374316
99.98,74.40737306492133,25.572626935078674
9.96,-82.48664403172938,92.44664403172939
3.856,-121.37284460848355,125.22884460848354
98.376,93.85867649415536,4.517323505844644
22.38,23.683799969050142,-1.303799969050143
3.882,-55.83255122047058,59.714551220470575
12.585,-40.048033030153874,52.633033030153875
113.372,109.81094069361643,3.5610593063835694
18.312,55.99656792007954,-37.684567920079544
127.936,289.97289697404267,-162.03689697404266
241.17,292.9463418549194,-51.77634185491942
6.24,-25.068394020883943,31.308394020883945
17.9,88.39223569386309,-70.49223569386308
3266.376,4020.664673336187,-754.288673336187
1.68,145.87249524870867,-144.19249524870867
7.968,-1.9490748927407822,9.917074892740782
113.372,115.41589556511417,-2.0438955651141697
2.96,-52.64537681770548,55.60537681770548
168.1,195.52716752346691,-27.42716752346692
98.46,322.4514115496704,-223.99141154967043
358.58,535.2024252819767,-176.62242528197675
32.48,-32.00157128280057,64.48157128280056
17499.95,14867.750131699442,2632.1998683005586
735.98,1258.3712856481097,-522.3912856481097
34.37,181.90440641738724,-147.53440641738723
33.96,-30.121637073695638,64.08163707369565
197.97,207.02818811664883,-9.058188116648836
17.48,42.3476472516636,-24.867647251663602
8.016,-21.90478575044881,29.920785750448808
146.04,350.5211830285841,-204.48118302858413
27.88,-34.12822416842846,62.008224168428455
152.65,185.47175877180348,-32.821758771803474
22.72,-65.70166844992423,88.42166844992423
11.12,30.234811346885635,-19.114811346885638
1640.7,1334.9682472789048,305.7317527210953
371.2,329.1925505614108,42.00744943858916
14.832,8.4903784954613,6.3416215045387005
20.7,5.7002245074993425,14.999775492500657
11.34,-49.20516682917946,60.545166829179465
67.9,135.31030801741372,-67.41030801741371
1059.12,1031.331979015274,27.78802098472579
478.48,738.2360460247086,-259.75604602470855
32.04,41.90395092055951,-9.86395092055951
55.992,55.62921368077696,0.3627863192230407
76.864,39.386903261889984,37.47709673811002
59.92,73.11838020466098,-13.198380204660978
1565.88,1151.379353867533,414.5006461324672
106.05,239.50474974938652,-133.4547497493865
62.04,70.32068536098245,-8.280685360982453
494.97,568.8783937051116,-73.90839370511162
367.96,334.4724304308777,33.487569569122286
44.96,-13.428698776403962,58.38869877640396
182.94,190.2463241058656,-7.306324105865599
28.14,-11.037048491057703,39.177048491057704
7.38,-84.93945411428717,92.31945411428717
10.9,69.71530823160288,-58.81530823160288
274.89,485.6587961539011,-210.76879615390112
23.04,225.12051477461205,-202.08051477461206
218.352,207.46392023117505,10.888079768824952
10.368,-62.437317024686536,72.80531702468653
12.672,-68.2167001384123,80.8887001384123
91.96,140.64584293234225,-48.685842932342254
254.97,278.2651769101567,-23.295176910156698
31.984,-15.27729156768487,47.26129156768487
2887.056,1434.1785212551354,1452.8774787448647
12.96,-72.77936879310391,85.73936879310392
47.52,300.0393527770623,-252.51935277706227
11.952,-30.148269381722002,42.100269381722
4.98,-119.82565595439291,124.80565595439292
10.78,144.69634878831494,-133.91634878831493
119.976,112.49144149912308,7.484558500876915
25.06,-42.01057316594574,67.07057316594575
1652.94,1942.57233188472,-289.63233188471986
131.376,202.87291071623372,-71.49691071623371
5.344,-123.35131084039267,128.69531084039266
2003.92,1479.0845555111057,524.8354444888944
32.4,99.05936731909037,-66.65936731909036
1913.4,1154.299798033787,759.100201966213
146.73,146.86188457759863,-0.13188457759864036
114.2,166.68564639810074,-52.48564639810074
2567.84,1589.9492462380201,977.89075376198
37.056,60.11932923622771,-23.063329236227716
259.896,356.2170665679821,-96.32106656798209
19.05,-18.170226371914623,37.22022637191462
73.344,50.37240494754474,22.971595052455257
95.68,267.9795670093333,-172.29956700933332
50.96,198.4504971613053,-147.49049716130529
113.94,96.35672941172447,17.583270588275525
25.92,29.423555229083377,-3.503555229083375
20.32,32.48959227920932,-12.169592279209319
411.98,643.6680212401412,-231.6880212401412
34.48,-29.402334463753732,63.88233446375373
244.55,264.36112326858915,-19.811123268589142
10.782,16.896488253456482,-6.114488253456482
602.651,417.935201838347,184.71579816165297
7.656,191.490478061595,-183.834478061595
559.93,504.3338260540312,55.59617394596876
2399.96,1971.0709736240672,428.8890263759329
16.0,20.795560459934677,-4.795560459934677
5.588,28.336050445706405,-22.748050445706404
235.92,226.52430312343085,9.395696876569133
10.68,-114.75031068751446,125.43031068751446
41.28,-27.526754711157537,68.80675471115754
1001.584,1663.5120738432215,-661.9280738432216
14.76,-57.44912070568353,72.20912070568353
2.502,9.293003878368381,-6.7910038783683815
115.96,130.21005095800683,-14.250050958006838
186.54,183.63260864722042,2.9073913527795696
159.56,156.40452467653472,3.155475323465282
55.984,16.596005552928546,39.387994447071456
132.16,319.10132205543323,-186.94132205543323
17.904,201.19061708655863,-183.28661708655864
124.032,136.49598210651448,-12.463982106514479
1403.92,1052.3969436070688,351.52305639293127
28.8,13.374830446002761,15.42516955399724
24.588,-9.306514069924788,33.89451406992479
356.79,378.77133556172043,-21.981335561720414
16.98,-86.46084451717456,103.44084451717457
491.55,467.4351990254286,24.114800974571438
7.38,-90.4945413077387,97.8745413077387
23.66,193.05444910635947,-169.39444910635947
681.408,663.4656828715152,17.942317128484774
18.9,-15.265633647509503,34.1656336475095
93.68,100.33226334311144,-6.652263343111429
21.93,-18.984971767096567,40.91497176709657
862.344,619.8924202924306,242.4515797075694
19.98,-84.83136460990545,104.81136460990545
13.494,-68.92274143693612,82.41674143693612
23.988,-10.906777894638026,34.894777894638025
31.984,-13.357745967503433,45.341745967503435
41.584,-3.9209274959966933,45.5049274959967
95.976,86.36857717418957,9.607422825810431
84.272,60.81407763383709,23.45792236616292
36.544,-23.928735337228773,60.47273533722877
479.72,457.9653983290466,21.754601670953434
102.368,97.07257962095173,5.295420379048267
28.4,97.13812311411357,-68.73812311411356
713.88,693.0264477196432,20.85355228035678
68.52,49.987156686727076,18.53284331327292
623.96,510.422230367913,113.53776963208702
11.12,22.86307431188493,-11.74307431188493
523.92,435.7684135590214,88.15158644097858
2.48,-91.1555801591594,93.6355801591594
221.024,275.23408599023605,-54.21008599023605
128.058,111.41067947852525,16.64732052147474
58.408,199.20445943307163,-140.79645943307162
79.974,64.07246573318184,15.90153426681816
479.988,756.6962628642044,-276.7082628642044
11.808,-39.134883817947184,50.942883817947184
53.568,53.2582209054608,0.30977909453919494
503.96,422.39729746620014,81.56270253379984
21.34,-55.00935964177165,76.34935964177166
36.4,92.41562556883218,-56.015625568832185
51.75,35.60951248525362,16.140487514746383
15.51,-90.93581678658165,106.44581678658166
146.82,143.14452205907241,3.6754779409275784
12.96,-78.71126555088654,91.67126555088655
7.8,-32.72161321018234,40.52161321018234
10.2,66.23324210370538,-56.033242103705376
22.32,-8.476395334645986,30.796395334645986
24.1,75.79771258379469,-51.69771258379469
75.98,46.43538758512091,29.544612414879097
6.46,-87.01880883408103,93.47880883408102
60.12,306.8160161590638,-246.6960161590638
824.97,967.5168446654836,-142.5468446654836
24.85,89.18716078022248,-64.33716078022249
12.624,-49.56323827860365,62.18723827860365
89.584,68.76959157860506,20.814408421394944
471.92,723.3268867738814,-251.40688677388135
18.18,67.21627779280789,-49.03627779280789
31.744,-25.667964372175675,57.411964372175674
5.904,-83.43477790256611,89.33877790256611
621.76,563.3299239686993,58.4300760313007
59.98,5.664192423665327,54.31580757633467
48.87,291.73561805256213,-242.86561805256213
154.9,186.99260598393175,-32.09260598393175
5.92,10.234080371034679,-4.314080371034679
30.18,-7.106233642524558,37.28623364252456
24.1,70.96634516931567,-46.86634516931567
8.78,-113.3281367650809,122.1081367650809
376.74,357.61170519318716,19.128294806812846
29.52,29.513881662464655,0.006118337535344409
11.96,-70.81572822271391,82.77572822271392
26.4,74.63233627193586,-48.23233627193586
1158.12,895.1421866558218,262.9778133441781
1.392,28.813955958185943,-27.421955958185944
44.43,24.142695645060485,20.287304354939515
226.2,246.4074915491151,-20.207491549115105
186.54,198.2760490941314,-11.736049094131403
265.86,334.04870371156267,-68.18870371156265
27.9,98.18701561944226,-70.28701561944226
31.08,57.48100369293866,-26.40100369293866
13.84,88.5000499290627,-74.6600499290627
175.872,181.6155898656457,-5.743589865645674
12.96,-74.02022578597803,86.98022578597804
208.44,217.59477274809456,-9.154772748094558
25.76,-40.5969302144581,66.3569302144581
366.744,307.8907631541765,58.85323684582352
289.24,325.10261489443224,-35.86261489443223
69.456,26.62726002453701,42.828739975462994
5.184,-110.15157562205354,115.33557562205354
205.164,274.714958988387,-69.55095898838704
8.544,-30.817248421868726,39.36124842186872
12.828,-26.239501265562012,39.067501265562015
598.458,641.1559298277717,-42.69792982777176
25.984,-28.383138053101675,54.36713805310168
17.96,74.97881594810474,-57.01881594810474
5.04,-61.319062948571855,66.35906294857186
208.16,585.3015602779548,-377.1415602779548
148.257,138.08978980713914,10.167210192860864
146.76,139.16095185733775,7.599048142662241
32.96,-35.705090961304904,68.66509096130491
587.97,677.6249390355542,-89.65493903555421
14.94,-24.993907030481296,39.93390703048129
25.83,186.84385239725543,-161.01385239725545
15.552,-19.885573550273875,35.437573550273875
6.8,-112.46400548226575,119.26400548226574
4.224,-33.31901851654516,37.54301851654516
143.64,340.28164176494465,-196.64164176494467
31.104,134.72836043595476,-103.62436043595476
223.056,379.9373057542027,-156.8813057542027
227.46,273.7345973866845,-46.27459738668452
46.24,61.9627319463184,-15.722731946318397
5.22,-79.68596926208534,84.90596926208534
33.9,89.43695667248835,-55.53695667248835
28.14,0.7525944351307317,27.38740556486927
36.0,-17.560319265388898,53.5603192653889
92.94,82.0808460633059,10.8591539366941
245.646,252.70869432289464,-7.062694322894657
55.008,34.097971609889555,20.910028390110448
35.232,7.02392802634381,28.20807197365619
523.392,573.8630927393076,-50.47109273930755
479.984,746.481913362656,-266.497913362656
12.96,-67.19887051936212,80.15887051936213
17.94,-9.25658503312411,27.196585033124112
166.72,216.2288208703162,-49.508820870316214
24.816,-2.1158178422726905,26.93181784227269
124.36,140.2812246016381,-15.921224601638087
599.97,508.1410773374279,91.82892266257215
198.744,192.22652360807297,6.517476391927033
9.184,-58.80009176956446,67.98409176956446
9.248,-71.08141684624479,80.3294168462448
99.592,199.66190307240686,-100.06990307240686
399.96,393.83584965159184,6.124150348408136
15.552,-17.917135870734,33.469135870734
14.576,-59.30251968053858,73.87851968053857
209.6,214.7981222342721,-5.19812223427212
23.32,-60.130186170245,83.45018617024499
30.98,-53.826486142555495,84.8064861425555
119.96,113.36321002939098,6.596789970609009
363.92,296.62480497944784,67.29519502055217
35.808,-11.796592192760272,47.60459219276027
122.688,319.20506962031595,-196.51706962031597
892.136,635.9732263772265,256.16277362277344
50.22,14.54141002581082,35.67858997418918
83.42,45.45996558742945,37.96003441257055
5.872,-95.85583518976364,101.72783518976364
12.144,-23.533188259292956,35.677188259292954
27.792,1.791554510768492,26.00044548923151
6.208,-59.6563299720674,65.8643299720674
32.67,2.2766891937094442,30.393310806290557
1261.33,886.1125270311973,375.21747296880267
38.88,143.16740848966606,-104.28740848966606
1.964,-9.432498590177829,11.39649859017783
82.656,325.64214324271643,-242.98614324271642
5.98,-130.91516996175528,136.89516996175527
9.248,-83.7508430872931,92.99884308729311
4.448,-64.64313801448839,69.0911380144884
5.184,-119.0223869983738,124.2063869983738
175.92,205.36463535925031,-29.444635359250327
4.752,93.78191804805556,-89.02991804805556
13.344,-50.887585591032575,64.23158559103257
54.9,120.36487538652955,-65.46487538652954
22.911,217.64788521757828,-194.73688521757828
309.456,416.14458609308804,-106.68858609308802
19.456,38.57394546654109,-19.11794546654109
472.518,465.3954783595343,7.1225216404656635
1012.68,1206.809504243686,-194.12950424368603
17.22,114.5901208557334,-97.3701208557334
3.52,-97.12522756051703,100.64522756051703
1626.192,931.4739918462537,694.7180081537463
8.595,109.55026074490274,-100.95526074490274
190.896,233.59269863006057,-42.69669863006058
99.87,74.31249042611194,25.55750957388807
79.36,94.35123680665924,-14.991236806659245
119.96,266.3919842571652,-146.4319842571652
106.32,60.335225844117076,45.98477415588292
163.44,158.3307243656002,5.109275634399808
42.76,-11.645127498288502,54.4051274982885
51.55,103.31782398287237,-51.76782398287237
479.952,417.7848150818745,62.167184918125486
146.688,213.03391760605564,-66.34591760605565
276.784,401.06555458920116,-124.28155458920116
25.32,78.54246924814265,-53.22246924814265
318.96,448.25778343936827,-129.2977834393683
212.64,275.90531404123067,-63.26531404123068
23.472,-38.958757802638274,62.430757802638276
19.648,-85.25733551400458,104.90533551400458
6.57,10.951327587867581,-4.381327587867581
421.1,657.9994642214191,-236.89946422141907
760.116,543.20795638428,216.90804361571998
38.784,16.80489398904433,21.979106010955668
122.328,335.4677222323746,-213.13972223237462
25.98,-28.04279641737753,54.022796417377535
3.28,-82.90324900735413,86.18324900735414
459.88,422.0733690974098,37.8066309025902
7.76,-68.66750912416273,76.42750912416274
71.96,45.66693444808584,26.293065551914154
54.9,116.10997604501063,-61.20997604501063
9.28,-72.27066322995165,81.55066322995165
1685.88,1180.8788641234698,505.00113587653027
5.728,-91.56703149181476,97.29503149181475
61.96,32.49751324500812,29.46248675499188
1.344,-124.91851083696088,126.26251083696087
17.94,-19.636164933602913,37.57616493360291
13.904,-55.76100513667302,69.66500513667302
67.194,118.77041152200923,-51.576411522009224
41.86,207.18771801668936,-165.32771801668935
141.96,179.5420416927052,-37.58204169270519
10.02,-21.531747345156646,31.551747345156645
144.12,150.28508850233356,-6.16508850233356
17.94,-24.44196124032601,42.38196124032601
13.89,-26.50075532060191,40.39075532060191
16.45,75.5465634993177,-59.096563499317696
19.92,34.69524384651322,-14.77524384651322
35.168,56.7843338771263,-21.6163338771263
123.088,255.11665332125676,-132.02865332125677
257.94,272.34839144943044,-14.40839144943044
1879.96,1795.0094592906014,84.95054070939864
27.46,-41.47131264343625,68.93131264343626
89.98,71.0231686565428,18.95683134345721
828.6,977.3174571293006,-148.71745712930056
7.23,112.21075183162975,-104.98075183162975
17.44,-46.75052510161845,64.19052510161845
62.88,95.57363741921995,-32.69363741921995
290.352,295.0490812438793,-4.697081243879325
113.52,111.76004229917748,1.7599577008225111
135.3,168.67780983257535,-33.37780983257534
111.15,174.27157888438956,-63.12157888438955
776.85,549.6799506008906,227.17004939910942
12.294,-62.43791067155689,74.73191067155689
154.764,139.31603147390365,15.44796852609636
43.28,20.54738475572799,22.73261524427201
92.94,80.22149008000633,12.718509919993664
52.56,31.94516264236495,20.614837357635054
971.88,1108.7644490970074,-136.8844490970074
141.96,159.3772066412032,-17.417206641203194
182.55,207.25620085860191,-24.706200858601903
88.768,72.41097556266209,16.357024437337913
53.088,252.48575735898157,-199.39775735898158
275.88,295.4226051739254,-19.54260517392538
157.9,190.6713923596103,-32.7713923596103
4.91,-123.6270907899891,128.5370907899891
87.92,94.6719970677832,-6.7519970677831935
5.98,-130.26855369126042,136.2485536912604
222.384,289.63927243791113,-67.25527243791115
16.0,18.84481974140317,-2.844819741403171
21.84,-3.065320763961381,24.90532076396138
15.6,77.66196713649879,-62.06196713649879
247.84,337.6524320659928,-89.8124320659928
9.912,-28.049888122690845,37.961888122690844
69.52,35.92850387152225,33.59149612847774
11.52,24.333487288133938,-12.813487288133938
717.72,800.2880676490831,-82.5680676490831
236.5,432.33748279976885,-195.83748279976885
170.352,168.88025141807248,1.4717485819275282
145.764,173.94610965061452,-28.182109650614507
107.97,87.53690951883414,20.433090481165863
143.96,178.4624830369312,-34.50248303693118
2399.96,1896.2213878059047,503.73861219409537
74.352,59.48180958915009,14.870190410849915
87.168,296.2237373807818,-209.0557373807818
32.232,13.62169152762226,18.61030847237774
2.202,-42.608266916737875,44.81026691673787
9.396,16.881413636576326,-7.485413636576325
89.97,75.22372013765539,14.746279862344608
12.78,-40.09886273658276,52.87886273658276
40.0,-5.443898616618981,45.44389861661898
23.24,78.13803559355188,-54.89803559355188
908.82,690.4450507305125,218.3749492694875
5.552,-51.50141234886769,57.05341234886769
8.016,-14.219656281949938,22.235656281949936
74.592,100.93496472443144,-26.34296472443144
16.784,3.970090532011227,12.813909467988772
38.864,131.82898882949758,-92.96498882949757
203.976,197.20734620757935,6.7686537924206505
674.352,723.0672200323527,-48.715220032352704
5.388,45.305345365896756,-39.91734536589676
30.976,229.3952590004044,-198.4192590004044
1350.12,930.3386699230188,419.78133007698113
15.92,9.075768337310592,6.844231662689408
19.54,-42.873897808522315,62.413897808522314
21.4,82.61254637422849,-61.21254637422849
12.6,-72.3245434884434,84.92454348844339
11.96,-60.79753009881256,72.75753009881257
138.0,159.3887879712904,-21.388787971290412
116.76,263.25468627719874,-146.49468627719875
331.023,309.86726688102294,21.155733118977082
756.8,616.6724469023693,140.12755309763065
8.736,13.029586052402692,-4.293586052402691
6.08,-71.54433764987948,77.62433764987948
17.46,-60.81763345274635,78.27763345274636
369.16,514.4270717633286,-145.2670717633286
2.912,-96.76928567911932,99.68128567911933
20.736,25.328895991735862,-4.592895991735862
9.568,-85.63254493407021,95.20054493407021
30.18,1.5640468409960704,28.61595315900393
51.648,457.30517520531066,-405.65717520531064
11.232,-22.167918442292375,33.399918442292375
14.73,-28.426092409036755,43.15609240903676
16.4,81.21982805369134,-64.81982805369134
25.92,31.68826778956145,-5.768267789561449
8.82,-39.40235269025061,48.22235269025061
62.496,9.399265165603765,53.09673483439624
339.96,327.63929080997536,12.320709190024616
49.568,-15.541116430614466,65.10911643061446
274.491,230.68295458365196,43.80804541634802
137.94,137.80394046186348,0.1360595381365215
40.68,14.604319831430757,26.075680168569242
110.376,94.19264425614028,16.18335574385972
151.62,261.6301312721373,-110.0101312721373
30.8,44.89935288080869,-14.099352880808691
123.92,167.6038485480792,-43.68384854807921
1319.8,1039.544166502878,280.255833497122
89.712,170.66273994753442,-80.95073994753442
22.83,-21.969399814033295,44.79939981403329
30.88,-59.49814271720811,90.3781427172081
465.16,725.3790598661103,-260.2190598661103
27.12,19.11893520513786,8.001064794862142
113.6,288.67041574807786,-175.07041574807786
12.96,-72.29391660097895,85.25391660097895
69.456,31.8456931924145,37.6103068075855
8.64,-33.73658487543503,42.37658487543503
341.991,278.2754023824036,63.71559761759636
43.96,202.11718784056734,-158.15718784056733
39.76,162.905393782396,-123.14539378239601
66.36,202.73989215920096,-136.37989215920095
92.88,172.71684066359103,-79.83684066359103
24.14,-53.14843660753036,77.28843660753036
4416.174,1723.3215296257026,2692.8524703742974
49.56,188.84973113905926,-139.28973113905926
354.9,315.68208997118904,39.217910028810934
15.12,-14.277981811663267,29.397981811663264
302.45,241.05639122320395,61.39360877679604
44.672,263.07611284210293,-218.40411284210293
119.98,121.13897110437506,-1.1589711043750555
989.97,1207.0990822632057,-217.12908226320565
9.216,26.61995968430506,-17.403959684305057
68.52,48.6721184271928,19.847881572807196
364.74,423.0638590808069,-58.32385908080687
47.4,114.3248907671973,-66.9248907671973
49.76,74.25413514669981,-24.49413514669981
5.56,-69.45093699412041,75.01093699412041
629.1,585.0971072962594,44.0028927037406
14.7,92.03870939363765,-77.33870939363764
45.36,206.17451761347206,-160.81451761347205
125.99,305.0832939502777,-179.0932939502777
14.7,178.39601192174814,-163.69601192174815
32.7,113.0354522787211,-80.33545227872109
31.68,54.303374672892005,-22.623374672892005
181.86,290.5524901759734,-108.69249017597338
155.372,185.9690284557953,-30.597028455795282
13.428,14.416464024159268,-0.988464024159267
67.136,83.11626861640889,-15.980268616408893
89.568,73.9436728216615,15.624327178338504
315.776,384.22784126080956,-68.45184126080954
273.666,383.08180618847155,-109.41580618847155
17.48,33.59864718913195,-16.118647189131952
20.608,-31.523248929704096,52.1312489297041
4.095,7.588155670520337,-3.493155670520337
339.96,320.82296368546713,19.13703631453285
63.98,215.7348721886135,-151.75487218861352
799.92,680.7048864100224,119.21511358997759
35.984,-27.31805497549658,63.30205497549658
389.97,437.4169882957842,-47.446988295784195
185.528,266.7380366099919,-81.21003660999193
2541.98,4633.27791244705,-2091.29791244705
599.985,342.15394855249633,257.8310514475037
3.036,37.14909271791703,-34.11309271791703
25.92,92.97179233246811,-67.05179233246811
66.112,34.80443418116397,31.307565818836025
46.36,56.844780571647334,-10.484780571647335
6.9,-102.50319142830654,109.40319142830654
57.69,39.09871918804765,18.591280811952345
559.71,576.8040975233789,-17.094097523378878
305.01,409.1006669179942,-104.09066691799421
50.784,-11.291336337689245,62.075336337689244
26.01,274.39490672958823,-248.38490672958824
649.0,941.8682873382994,-292.8682873382994
59.99,207.7906444707187,-147.80064447071868
20.24,-62.02606511397494,82.26606511397493
37.84,-20.402685471373843,58.242685471373846
5.472,120.48598842047909,-115.0139884204791
77.24,132.60531853541124,-55.36531853541125
292.1,228.64717904314853,63.4528209568515
8.544,-38.29294631056064,46.836946310560634
424.116,357.68827969836093,66.42772030163906
2.892,29.84651021319837,-26.954510213198372
381.72,310.8081131522906,70.91188684770941
97.184,78.68723444671491,18.496765553285087
10.368,-78.1835748551407,88.5515748551407
890.841,936.9026954307503,-46.06169543075032
72.0,76.76758340004699,-4.767583400046988
113.888,106.65307142845973,7.23492857154028
158.13,154.93516573156398,3.1948342684360114
14.13,-10.620105296257861,24.750105296257864
64.75,116.74497760769373,-51.99497760769373
1.872,-53.324586755384644,55.196586755384644
11.214,-32.943571256858604,44.1575712568586
37.376,247.90271520645456,-210.52671520645455
286.4,834.7772704653166,-548.3772704653167
43.92,17.726399529805803,26.1936004701942
142.182,349.0122653919632,-206.8302653919632
19.608,-4.662112909177949,24.27011290917795
4.158,222.0978727877648,-217.9398727877648
979.95,828.630353193398,151.319646806602
135.3,179.6340234380184,-44.33402343801839
8.904,-34.62260458058654,43.526604580586536
100.8,81.16997481496946,19.630025185030533
41.96,-15.253247892881518,57.21324789288152
9.45,-36.32002749573053,45.77002749573053
400.8,393.5547896305816,7.24521036941843
28.792,-32.62567405771688,61.41767405771688
111.0,109.8086148954576,1.1913851045424053
1279.968,1240.5257018418265,39.44229815817357
1856.19,1184.5544428095286,671.6355571904714
22.752,143.68281596595125,-120.93081596595125
61.542,88.82943071669115,-27.287430716691148
81.438,237.86666589836727,-156.42866589836729
67.36,36.04986013984103,31.31013986015897
54.528,31.869233001857765,22.658766998142234
843.9,1467.407555139427,-623.5075551394269
449.568,706.1571453365417,-256.5891453365417
15.51,-95.03014036907643,110.54014036907644
192.186,200.07351346119367,-7.887513461193663
5.76,-79.6964391701108,85.45643917011081
67.88,36.301696585015634,31.57830341498436
162.89,550.3271853647476,-387.4371853647476
25.71,-3.263825120112415,28.973825120112416
191.88,250.26693298158034,-58.386932981580344
721.875,412.551247859499,309.323752140501
73.568,89.0222873012433,-15.454287301243298
13.584,-88.07228970709411,101.65628970709412
64.784,92.31070401035231,-27.526704010352304
176.772,114.1358858277938,62.63611417220619
38.82,145.50688153637475,-106.68688153637476
21.9,86.73383097798455,-64.83383097798455
111.79,237.380684373265,-125.590684373265
445.44,394.85622362062486,50.58377637937514
16.52,88.76064012100028,-72.24064012100028
29.9,84.5385614756151,-54.6385614756151
116.4,288.97416342636916,-172.57416342636915
1.408,-132.2560900893718,133.6640900893718
169.568,206.07841110189634,-36.510411101896324
251.964,274.17270653202286,-22.20870653202286
523.764,520.4323594942784,3.331640505721566
19.44,-30.180755892146635,49.62075589214663
194.352,175.78137875916968,18.57062124083032
36.624,-10.759005322733856,47.38300532273386
340.182,347.7842337289874,-7.602233728987358
12.672,249.04170217332376,-236.36970217332376
6.888,-28.91286041636522,35.80086041636522
32.544,-6.6917853853453835,39.23578538534538
347.802,351.95541560955166,-4.153415609551644
15.57,6.1397186624728874,9.430281337527113
4.608,-80.39154868900255,84.99954868900255
257.98,372.0236461332988,-114.04364613329881
153.78,434.43784923840394,-280.65784923840397
61.02,28.3239489492546,32.6960510507454
110.11,227.38116792890014,-117.27116792890014
7.89,-163.72351287674383,171.6135128767438
36.024,3.6509378432501762,32.373062156749825
54.336,55.14432537243397,-0.8083253724339698
92.52,195.11765695821964,-102.59765695821964
10.272,-17.869474931407694,28.141474931407693
40.74,23.992184432050408,16.747815567949594
14.4,76.97205135416607,-62.57205135416607
149.95,190.11740969642779,-40.1674096964278
16.9,-55.606708167692204,72.50670816769221
17.61,-17.861515732701037,35.471515732701036
378.0,597.9738573755822,-219.97385737558216
17.64,-20.48608283744352,38.12608283744352
373.08,368.4643726995214,4.615627300478593
1336.44,1007.5954437234473,328.8445562765528
29.97,10.42828410887364,19.54171589112636
390.368,598.0559191701055,-207.68791917010554
101.52,160.36501501711427,-58.84501501711428
74.352,55.894056165241636,18.457943834758368
15.7,70.14340888014044,-54.44340888014044
59.52,30.433570950017838,29.086429049982165
34.4,83.15947456283084,-48.75947456283084
313.176,429.6130983717849,-116.43709837178488
866.646,1010.6521257292593,-144.00612572925934
795.408,600.966308516238,194.44169148376204
35.856,285.31866843328567,-249.46266843328567
23.84,37.90392188429473,-14.063921884294732
43.13,20.029579563282823,23.10042043671718
30.87,196.85474992590275,-165.98474992590275
70.12,82.35030935152213,-12.230309351522124
509.9575,429.0309343178892,80.92656568211078
122.91,110.3971685711881,12.512831428811893
97.568,81.29292191738205,16.275078082617952
722.352,804.8965582342518,-82.54455823425178
11.52,55.237602362579764,-43.71760236257977
167.84,313.13417262737676,-145.29417262737675
172.11,447.3443167588314,-275.23431675883137
99.98,87.14350744872945,12.836492551270553
156.792,409.4513157863712,-252.6593157863712
35.36,-10.968853007883581,46.32885300788358
13.592,-70.9254212463436,84.5174212463436
386.68,566.9194229904479,-180.23942299044785
379.96,345.81159125521344,34.148408744786536
539.91,546.1481633598142,-6.23816335981428
41.24,99.35356673277352,-58.11356673277351
51.897,57.9808385994686,-6.083838599468599
552.56,407.88064678609203,144.67935321390792
23.16,110.64509759842576,-87.48509759842577
126.08,135.049133344133,-8.969133344132999
449.1,303.7156411448025,145.38435885519755
195.104,198.76042801741028,-3.6564280174102635
36.672,16.485390894475813,20.186609105524184
85.246,67.2856026099887,17.960397390011295
32.712,5.978270182255983,26.73372981774402
11.43,-28.704922163570018,40.13492216357002
30.44,-40.117685830151004,70.557685830151
12.96,-69.46644032007953,82.42644032007954
16.0,30.2809014558934,-14.2809014558934
32.67,5.269889668458745,27.400110331541256
4.464,-13.892063597913875,18.356063597913874
9.345,104.63351001570209,-95.28851001570209
9.144,-30.005936884540688,39.149936884540686
23.136,130.9599020147823,-107.8239020147823
99.2,145.86954979620054,-46.66954979620054
21.36,89.9614941472862,-68.6014941472862
46.9,113.69128844085299,-66.79128844085298
18.72,72.38238875084903,-53.66238875084903
236.528,314.5400140850761,-78.01201408507612
18.9,-24.155513322540628,43.05551332254063
10.688,-74.07899820516536,84.76699820516536
237.096,244.53943316757227,-7.443433167572266
5.184,-139.2663565011435,144.4503565011435
65.584,11.909890570224889,53.674109429775115
22.2,-27.01395909564667,49.21395909564667
419.4,389.91512449688935,29.48487550311063
88.92,138.38420620216334,-49.46420620216334
9.912,-23.62156411541241,33.53356411541241
318.43,273.88307947128624,44.54692052871377
5.8,151.6921860583384,-145.89218605833838
1415.76,957.7090041950119,458.05099580498813
148.48,166.6661495502549,-18.186149550254896
9.248,24.499780288582315,-15.251780288582315
1036.624,1682.5187591975127,-645.8947591975127
569.64,926.9071601082527,-357.2671601082527
9.14,-116.77978279162085,125.91978279162085
1196.86,803.0677094058611,393.79229059413876
523.26,526.2391713051853,-2.979171305185332
639.968,621.7311271823705,18.236872817629433
52.76,-36.503401959395205,89.2634019593952
538.92,524.4450166360655,14.474983363934484
14.88,-61.06947008510883,75.94947008510883
34.24,239.24951536715753,-205.00951536715752
261.74,378.1713067541541,-116.4313067541541
87.84,262.04455573664836,-174.20455573664836
34.92,43.37189765037442,-8.45189765037442
14.94,-46.96737154505263,61.90737154505263
14.56,-58.86692487179789,73.4269248717979
3.576,67.73812849271712,-64.16212849271713
147.184,172.89846626513986,-25.714466265139862
1499.95,1235.2480326029674,264.7019673970326
13.568,24.811294397991105,-11.243294397991106
2573.82,1506.2232348669459,1067.5967651330543
609.98,1021.1470455111237,-411.16704551112366
5.48,-83.01731042614847,88.49731042614847
391.98,603.9464963300753,-211.9664963300753
755.96,720.3411288889716,35.6188711110284
31.12,51.042958010810025,-19.922958010810024
6.54,-126.52820333351428,133.06820333351428
12.78,-115.08462944941493,127.86462944941493
18.464,39.314198623096445,-20.850198623096446
445.802,371.44214713558904,74.35985286441098
2.48,-138.64612327163104,141.12612327163103
25.9,85.89862418878124,-59.99862418878124
29.9,89.76189635322635,-59.86189635322635
2249.91,1311.9289039280318,937.9810960719681
1053.164,879.7757999241077,173.3882000758923
12.96,-77.97712320586129,90.9371232058613
106.68,192.05380335322138,-85.37380335322138
119.94,198.72074073117733,-78.78074073117733
10.272,-16.748185212018825,27.020185212018824
512.19,414.6789225762784,97.51107742372164
1.556,35.57240929408181,-34.01640929408181
4.448,-86.42386020377353,90.87186020377354
276.69,295.52341962710966,-18.833419627109663
4.96,13.08313982904815,-8.12313982904815
71.92,82.33180108377701,-10.411801083777007
18.84,-17.37488386171117,36.21488386171117
140.97,133.38092995032275,7.589070049677247
470.376,511.70723990045065,-41.33123990045067
6.08,-91.26166317076581,97.34166317076581
164.792,416.26349820230826,-251.47149820230825
23.36,-85.23457106650062,108.59457106650062
12.176,86.58091288677224,-74.40491288677224
46.384,-4.228841514479427,50.61284151447943
362.92,553.3315370682056,-190.41153706820563
9.248,-72.65220830719818,81.90020830719818
1889.946,865.9225108262168,1024.0234891737832
62.04,119.84001885350517,-57.80001885350517
396.92,385.4527585575754,11.467241442424609
239.456,302.06857084307467,-62.61257084307468
13.12,79.18384646587742,-66.06384646587742
29.36,-50.6098985008864,79.9698985008864
214.9,232.45610291526327,-17.556102915263267
15.92,16.485825688439036,-0.5658256884390358
146.45,176.36510677684646,-29.91510677684647
15.14,-85.39051536683792,100.53051536683792
5.76,-89.39629517502635,95.15629517502636
1399.98,2480.952605871361,-1080.9726058713609
8.952,-30.419402760856656,39.371402760856654
8.856,164.87629109761383,-156.02029109761384
85.246,70.46612664683084,14.779873353169151
21.728,193.16478194894898,-171.43678194894898
1487.04,1137.5643479621976,349.4756520378023
71.88,126.35972102722803,-54.47972102722804
9.24,-33.2875715284049,42.5275715284049
35.88,132.28681440428272,-96.40681440428273
17.04,-25.837476363448786,42.877476363448785
931.176,1110.8457540823265,-179.66975408232645
266.352,261.3143091704558,5.0376908295442036
483.136,439.28677227485673,43.849227725143294
196.784,248.4429361036332,-51.65893610363321
231.92,239.19810334614067,-7.278103346140682
29.7,1.3741360122826336,28.325863987717366
13.592,-10.736848755370147,24.328848755370146
70.88,29.021775309889563,41.85822469011043
114.288,246.8254491513428,-132.5374491513428
36.624,258.6761573734682,-222.0521573734682
242.352,263.20929920510116,-20.857299205101157
49.616,-1.5904998685264218,51.20649986852642
508.704,411.1966861641406,97.5073138358594
57.36,162.92729788559677,-105.56729788559677
906.68,704.192123352073,202.4878766479269
719.952,567.3272489304283,152.62475106957174
755.944,576.2158111650967,179.72818883490322
11.98,151.38369021544963,-139.40369021544964
0.898,-61.25800239720479,62.156002397204794
21.204,13.928084952557356,7.275915047442645
34.74,8.750154754059395,25.989845245940607
833.94,673.3680675644489,160.57193243555116
12.96,-16.161528348721276,29.121528348721277
25.92,43.72817935656076,-17.808179356560757
349.965,303.67244992378323,46.29255007621674
22.32,91.51093086471383,-69.19093086471383
158.28,227.72760401151163,-69.44760401151163
497.94,594.9656722983093,-97.0256722983093
533.94,622.0454528907604,-88.10545289076038
167.94,177.65369393058222,-9.713693930582224
31.68,145.71104375090886,-114.03104375090885
170.786,443.6367704207091,-272.8507704207091
198.744,192.4101015777278,6.333898422272199
63.824,9.560322578612158,54.26367742138784
435.168,387.69519305414565,47.47280694585436
48.58,38.14041061504031,10.439589384959689
47.976,20.845346402827317,27.13065359717268
20.736,31.518588664112258,-10.782588664112257
26.46,283.9472808395051,-257.4872808395051
49.12,57.94373218375085,-8.823732183750856
15.0,-28.916081384149493,43.91608138414949
194.7,225.0816396892601,-30.381639689260112
591.32,572.0386619500363,19.28133804996378
2.84,-116.69611674192879,119.5361167419288
221.96,296.39288909334095,-74.43288909334095
236.0,232.78546883780314,3.214531162196863
41.94,-5.505282967594667,47.445282967594665
52.792,53.559507601963105,-0.7675076019631035
563.94,635.9994839396919,-72.05948393969186
2625.12,1603.4302545461464,1021.6897454538534
17.94,-7.5360567397112845,25.476056739711286
422.856,453.10259669251514,-30.24659669251514
127.764,143.97944711415448,-16.215447114154486
3499.93,2198.9504923647637,1300.9795076352361
14.4,86.63018921424941,-72.2301892142494
122.97,124.88806361335128,-1.9180636133512792
9.32,36.74643150210659,-27.42643150210659
122.94,121.65819041326358,1.281809586736415
17.31,-12.574447001672524,29.884447001672523
128.744,249.05118384262482,-120.30718384262482
58.248,314.9574816789027,-256.7094816789027
71.246,53.142073192178486,18.10392680782151
7.872,-11.244473397857746,19.116473397857746
887.271,956.636667077755,-69.365667077755
146.86,255.8381464932702,-108.97814649327017
36.56,40.58167228621164,-4.02167228621164
225.576,226.0534037353168,-0.47740373531681257
5.248,-58.839124991177414,64.08712499117742
38.256,28.525235287714395,9.730764712285605
40.24,110.33233082059269,-70.09233082059268
29.925,134.70933943511454,-104.78433943511455
148.704,230.8516768323093,-82.14767683230929
55.92,364.7014363454173,-308.78143634541726
12.96,-65.82451758697175,78.78451758697176
25.176,43.12345980747955,-17.94745980747955
5.584,-56.322910204850814,61.90691020485082
1297.368,802.4659192430288,494.90208075697115
264.32,371.24697786069896,-106.92697786069897
25.92,27.950401434942705,-2.0304014349427035
22.96,182.27183901444755,-159.31183901444754
19.44,-31.16343586274138,50.60343586274138
9.54,-90.76781690054577,100.30781690054576
5.81,-134.21643022200942,140.02643022200942
5.76,-91.32757347926804,97.08757347926804
14.91,-15.689107241642887,30.599107241642887
6.642,319.35663737231266,-312.71463737231267
18.54,-55.23740214207487,73.77740214207486
679.96,609.866400453314,70.09359954668605
189.576,500.76374070086877,-311.18774070086874
71.96,117.84931325731327,-45.889313257313276
539.92,458.2253985013699,81.69460149863005
725.344,655.3801249610605,69.96387503893959
7.44,-37.593425281418604,45.0334252814186
39.48,-0.23175336933536528,39.71175336933536
850.5,727.603595138879,122.89640486112103
75.33,310.9764622468065,-235.6464622468065
325.632,319.20834608872633,6.423653911273675
23.344,-41.3642166136849,64.7082166136849
16.52,78.58206885104482,-62.06206885104483
335.72,332.61960399133363,3.1003960086663938
251.944,321.91260500434055,-69.96860500434056
127.302,245.60198976557604,-118.29998976557603
1207.84,847.4269324164919,360.413067583508
12.53,-102.89147535773736,115.42147535773736
34.58,-17.755569539181124,52.33556953918112
300.98,903.9512793603399,-602.9712793603398
258.75,282.80689741216906,-24.056897412169064
59.52,30.327035717116814,29.19296428288319
57.96,165.32490342894425,-107.36490342894425
441.96,691.3107192666398,-249.35071926663983
68.04,126.05457346937828,-58.01457346937828
703.71,229.60485401912524,474.1051459808748
17.904,53.30519028361823,-35.401190283618234
11.976,50.104382623204174,-38.128382623204175
67.96,111.60850338902378,-43.64850338902379
892.224,1000.0179095028558,-107.79390950285574
1299.99,1926.625739897039,-626.635739897039
4.544,-95.26751904953858,99.81151904953857
1352.032,1183.875562652001,168.15643734799892
1548.99,724.1103922786078,824.8796077213922
19.872,-37.07193347017255,56.94393347017255
119.448,100.39553185537693,19.052468144623063
118.16,113.8680472057872,4.29195279421279
19.56,35.65572734517923,-16.09572734517923
80.96,99.10622477538027,-18.146224775380276
25.92,38.5818502051402,-12.661850205140198
106.96,92.58843746560706,14.371562534392936
187.76,187.7642321146086,-0.004232114608612392
76.776,97.64000873478562,-20.864008734785628
53.9,96.70731706850552,-42.80731706850552
76.728,75.79743720248553,0.9305627975144688
10.43,257.59271477619086,-247.16271477619085
99.2,138.79704118033874,-39.597041180338735
15.92,89.85578424622736,-73.93578424622736
129.92,142.56459015797464,-12.644590157974648
30.4,-41.06548925240986,71.46548925240987
5399.91,3229.136262624791,2170.773737375209
119.1,118.9004426365052,0.19955736349479025
40.08,140.08913281091554,-100.00913281091555
59.94,29.566784525690082,30.373215474309916
259.98,374.4479719981732,-114.4679719981732
170.98,449.8007239478304,-278.8207239478304
38.97,16.395619260477133,22.574380739522866
154.9,191.14451084120537,-36.24451084120537
446.068,402.3724442370499,43.69555576295011
152.94,141.86422102284337,11.07577897715663
23.472,-7.678966230824926,31.150966230824928
195.64,222.8074759690635,-27.167475969063503
14.94,-8.870489934732632,23.81048993473263
1687.8,1711.1988079187918,-23.398807918791817
341.96,534.6636942720767,-192.7036942720767
605.88,531.6695734380378,74.21042656196221
186.732,500.57011997893653,-313.83811997893656
3812.97,4909.936349633527,-1096.9663496335274
26.424,295.46013391556744,-269.03613391556746
625.99,2037.211257402255,-1411.2212574022549
1568.61,985.624800656594,582.985199343406
17.3,-86.7142127357049,104.0142127357049
160.0,316.1397765632655,-156.1397765632655
179.94,185.9113498765737,-5.971349876573697
872.94,1005.7482077226839,-132.80820772268385
12.96,-71.83159836547225,84.79159836547225
88.8,178.2623585549186,-89.4623585549186
319.968,307.3927056954524,12.57529430454764
167.888,272.1289899689016,-104.24098996890157
163.96,191.81251062407773,-27.852510624077723
5.232,85.16504318434136,-79.93304318434136
1199.98,2093.0204588605484,-893.0404588605484
73.85,117.67694708571935,-43.826947085719354
25.71,-6.154411954520583,31.864411954520584
17.28,125.77918000906152,-108.49918000906152
526.582,788.6408548021154,-262.05885480211543
11.56,-67.6937943534781,79.2537943534781
209.97,224.69387725763613,-14.723877257636133
447.84,439.637701939919,8.202298060080977
479.97,563.5826087126659,-83.61260871266586
8.64,-19.01241274501558,27.65241274501558
11.68,-60.66833498729511,72.34833498729512
40.776,31.165324460742795,9.610675539257208
13.698,22.393260883622816,-8.695260883622815
87.8,128.816092931512,-41.016092931512006
77.952,61.51476392420727,16.437236075792725
147.184,165.49509419623382,-18.311094196233825
47.952,24.6500123806411,23.301987619358897
250.26,280.2219675432507,-29.961967543250694
40.776,27.252006137001445,13.523993862998559
29.6,84.36137835837258,-54.761378358372575
1.938,-55.92863783902749,57.86663783902749
159.96,163.04278673589533,-3.0827867358953256
59.52,39.51585551335893,20.004144486641074
17.48,-63.431523058590756,80.91152305859076
13.168,-64.34681910613472,77.51481910613472
40.74,10.689962358217144,30.050037641782858
179.886,481.14335544273536,-301.2573554427354
286.256,841.9450647613444,-555.6890647613444
24.224,-25.109277389012732,49.333277389012736
331.536,328.9135520722914,2.622447927708606
17.52,-14.910858154184098,32.430858154184094
17.856,43.71766847128674,-25.86166847128674
431.976,441.846290670743,-9.870290670742975
291.136,273.3829606111515,17.75303938884855
114.848,125.66505480444403,-10.817054804444027
10.688,-66.40069577274767,77.08869577274767
15.232,34.24593667070553,-19.013936670705533
12.42,-14.201166908021833,26.621166908021834
19.44,-6.622045850963332,26.062045850963333
70.368,89.44975714679299,-19.081757146792995
12.672,287.6426158253198,-274.9706158253198
89.95,137.71706595722208,-47.76706595722207
6.58,-79.25573174860506,85.83573174860506
94.99,191.10764899099422,-96.11764899099423
35.12,-31.768380140572617,66.88838014057262
25.92,34.864292758986494,-8.944292758986492
7.96,-83.25107411852969,91.21107411852968
566.97,652.9414563413562,-85.9714563413562
9.84,-27.114962804647348,36.95496280464735
25.488,-40.451577744909855,65.93957774490985
7.56,138.73472322890893,-131.17472322890893
60.84,48.32467948139242,12.51532051860758
450.04,699.0503015174543,-249.01030151745425
34.6,-25.757754830475278,60.35775483047528
467.97,543.0795809474288,-75.10958094742875
33.02,-27.904629888941827,60.92462988894183
17.088,-47.03738088213299,64.12538088213299
3.008,-74.98347959478247,77.99147959478246
268.24,340.4807654862184,-72.24076548621838
431.16,400.69526132522446,30.46473867477556
43.6,52.77393927036428,-9.17393927036428
154.95,153.51374945325574,1.4362505467442475
15.552,-10.747905741927752,26.299905741927752
42.208,-6.957740005390633,49.16574000539063
10.368,-69.21067724830209,79.57867724830209
2.224,-133.5283169689244,135.7523169689244
74.52,272.82874445402854,-198.30874445402856
17.52,-31.01148633059711,48.531486330597104
1779.9,1393.9375734650705,385.9624265349296
219.9,226.011485166596,-6.1114851665959975
7.152,-18.231704483625208,25.38370448362521
26.72,89.59471901106372,-62.87471901106372
1039.728,1686.5665942240582,-646.8385942240582
45.96,-20.320716522673592,66.2807165226736
456.588,615.4065666690577,-158.8185666690577
4499.985,791.0174717679956,3708.967528232004
59.976,53.27709709746455,6.698902902535451
6.12,-49.9563197414584,56.0763197414584
10.98,-106.34824582035822,117.32824582035822
7.86,-62.40606383428303,70.26606383428303
51.45,25.90701300337969,25.542986996620314
37.056,3.6567515535430175,33.39924844645698
203.92,215.29835896865734,-11.378358968657352
29.56,52.901673091063685,-23.341673091063686
8.568,38.297312355445,-29.729312355445003
45.248,-5.783449897447326,51.031449897447324
876.3,546.5960148190686,329.70398518093134
185.376,227.31422874230975,-41.93822874230975
25.06,-38.4152512184055,63.4752512184055
2.89,-66.77984650447524,69.66984650447525
7.896,-38.13103252507949,46.02703252507949
22.608,0.18432688463826707,22.423673115361733
30.528,230.5086220654548,-199.9806220654548
4.842,6.981451586956609,-2.1394515869566098
1.8,138.1928177253301,-136.39281772533008
39.984,-12.082437850700671,52.06643785070067
32.4,88.17576513161907,-55.775765131619075
97.88,83.65632406128316,14.223675938716838
307.168,296.9444834715673,10.223516528432697
26.9,77.19603123366528,-50.29603123366528
47.01,13.89543490093547,33.11456509906453
469.99,1485.628631103787,-1015.638631103787
207.846,204.38129377978998,3.4647062202100187
324.744,324.78700331853224,-0.04300331853221451
40.48,-18.85110715372889,59.33110715372889
12.0,35.360489129695,-23.360489129694997
720.064,616.8522298340837,103.21177016591628
25.424,-29.2000676776006,54.6240676776006
2.816,-70.1297648343143,72.9457648343143
3.204,-32.302482868028164,35.506482868028165
30.828,222.86237299732602,-192.03437299732602
47.616,28.70889443619808,18.90710556380192
108.784,110.52564967786043,-1.7416496778604227
4.77,-142.98739681542907,147.75739681542908
7.98,-36.15084257996955,44.13084257996955
550.431,567.971828475529,-17.540828475528997
10.56,112.30466844938269,-101.74466844938269
1497.666,2476.8846929182346,-979.2186929182346
17.52,-54.021272662684396,71.54127266268439
113.22,109.34457837935815,3.875421620641845
35.88,147.24526858709055,-111.36526858709055
4535.976,5647.315966343777,-1111.3399663437776
11.84,221.32846655969706,-209.48846655969706
592.74,512.7382705046393,80.00172949536068
111.672,339.8139886426677,-228.1419886426677
8.64,-22.091321383501736,30.731321383501736
149.97,145.46599279036946,4.504007209630544
232.88,243.0806664798215,-10.200666479821507
90.882,176.24990229081186,-85.36790229081186
508.768,467.2093091215536,41.558690878446384
9.912,-23.120674979172236,33.032674979172235
63.936,47.43641801759122,16.499581982408777
59.52,34.70353535296431,24.816464647035694
311.976,335.7267647800463,-23.750764780046325
50.352,16.836121101125173,33.515878898874824
19.136,-47.62582407868467,66.76182407868467
13.12,79.2581595108893,-66.1381595108893
241.568,321.8742072264822,-80.3062072264822
479.92,736.7165258685084,-256.79652586850835
307.136,297.38113486935936,9.754865130640667
12.6,-58.672456693582035,71.27245669358203
159.98,208.246760156969,-48.26676015696901
6.12,-37.914340363151496,44.03434036315149
1184.72,1062.8166024350721,121.9033975649279
45.96,-2.727256422215305,48.687256422215306
58.05,35.00172078109267,23.048279218907325
71.28,417.0772540872099,-345.7972540872099
124.404,138.93786270802684,-14.533862708026845
154.9,200.14548574969126,-45.245485749691255
1871.88,1170.292179706019,701.5878202939812
16.192,-28.457444196593542,44.64944419659354
18.936,4.867424858069398,14.068575141930602
12.672,0.8184695772235955,11.853530422776405
5.04,-77.83810453915203,82.87810453915203
8.448,-76.26720760009357,84.71520760009358
20.388,39.78913559639909,-19.40113559639909
9.96,-78.44206796695585,88.40206796695585
320.64,320.21295777068417,0.42704222931581626
52.0,59.4518963034202,-7.451896303420199
25.584,-46.65027265505569,72.23427265505569
464.0,424.95639105726536,39.043608942734636
235.95,255.40207924582955,-19.452079245829566
39.96,52.91672945696109,-12.956729456961092
18.528,57.109538279340086,-38.58153827934009
17.9,-46.107241353349764,64.00724135334977
81.96,75.52148270235693,6.43851729764306
272.736,261.1836810298628,11.552318970137208
18.496,29.18081139668857,-10.68481139668857
441.92,672.8458137025635,-230.92581370256352
127.764,193.34178696932463,-65.57778696932463
166.44,185.11837439400733,-18.678374394007335
13.38,-70.19166646239842,83.57166646239841
24.0,-31.55924484675984,55.55924484675984
24.448,41.38032961800354,-16.932329618003543
6.16,-88.57846435669353,94.73846435669353
915.136,825.2547112450192,89.8812887549808
8.56,-84.72586991678372,93.28586991678372
97.82,79.81923850843532,18.000761491564674
31.104,145.2926323116974,-114.18863231169739
11.176,-89.22787038858337,100.40387038858337
5.04,-78.94263055831561,83.98263055831562
242.176,172.05537765358076,70.12062234641922
337.176,473.45293583431476,-136.27693583431477
13.344,129.3857716775351,-116.04177167753511
76.752,163.99638631305356,-87.24438631305357
102.336,270.1474374884874,-167.8114374884874
10.32,-80.87314500194384,91.19314500194383
47.32,196.2204072577008,-148.9004072577008
23.376,-22.580427009035475,45.95642700903548
16.72,76.17895245023374,-59.45895245023374
16.192,-91.78416080500074,107.97616080500075
32.4,85.10809524569481,-52.708095245694814
19.89,288.434038251783,-268.54403825178304
399.98,636.987989447671,-237.00798944767098
343.85,345.5265336022278,-1.676533602227778
106.32,91.43406162240103,14.885938377598961
13.92,-13.254627851641317,27.17462785164132
82.4,136.63345879735675,-54.23345879735675
6.24,-81.45231747234175,87.69231747234174
447.84,494.6933885460046,-46.85338854600462
272.048,327.94258513509885,-55.89458513509885
1614.582,621.7469630983051,992.835036901695
24.32,60.36422593782709,-36.044225937827086
1.584,-80.10111152646414,81.68511152646414
31.984,-14.507963953171384,46.491963953171386
14.76,86.2677961607476,-71.50779616074759
423.648,657.7951301849621,-234.14713018496207
76.64,56.06294087199876,20.57705912800124
4.464,-153.76826896842795,158.23226896842795
3.96,415.3587287572882,-411.3987287572882
715.64,1173.9256706702163,-458.2856706702163
268.704,276.2428430353152,-7.53884303531521
21.92,232.3566702213268,-210.43667022132678
48.72,17.955311568765865,30.764688431234134
205.666,259.8848105548834,-54.21881055488342
30.344,1.309203786732951,29.03479621326705
25.696,-38.349834047331115,64.04583404733111
3404.5,2959.332582875698,445.1674171243021
101.34,92.82101185001693,8.518988149983073
344.372,299.3848802724224,44.987119727577635
30.384,-33.7723817467961,64.1563817467961
22.848,-56.93725595270439,79.78525595270439
38.62,-22.113096522245996,60.733096522245994
59.98,20.219269786782434,39.76073021321756
174.3,175.25318698194042,-0.9531869819404051
383.96,342.1826790138673,41.77732098613268
15.57,11.616589126773079,3.9534108732269218
22.32,33.42390096895906,-11.10390096895906
103.6,234.41355323369953,-130.81355323369954
2.97,-35.870712442358126,38.840712442358125
569.99,1840.8291988581552,-1270.8391988581552
50.97,34.445629543365385,16.524370456634614
298.116,301.54173552682437,-3.4257355268243828
59.52,34.45960363123436,25.060396368765645
230.28,248.44511030546323,-18.16511030546323
105.52,157.23643174989115,-51.71643174989116
23.36,-90.07795215973056,113.43795215973056
71.976,47.39221402390581,24.58378597609419
8.56,-83.99534445665768,92.55534445665768
13.92,-28.486760783020827,42.40676078302083
2518.29,1454.9336709421082,1063.3563290578918
540.57,614.929397463796,-74.35939746379597
221.056,340.372249871878,-119.316249871878
81.424,55.63426075619509,25.789739243804917
134.8,379.6010673040919,-244.80106730409187
39.582,349.1834139357193,-309.6014139357193
44.688,204.69242388269686,-160.00442388269687
31.744,-16.62130248716994,48.36530248716994
40.98,151.56584467691982,-110.58584467691983
3.168,46.10888877184152,-42.94088877184152
18.84,100.95012162388207,-82.11012162388207
362.25,336.9899926798812,25.260007320118802
63.552,177.93645568052057,-114.38445568052057
129.552,119.87044429551179,9.681555704488204
5.984,-75.26820043805287,81.25220043805287
861.76,838.3449039056128,23.415096094387195
66.96,82.70230652897885,-15.742306528978858
6.24,-91.37016850089344,97.61016850089344
435.168,373.7500932215323,61.41790677846768
14.9,35.82151038503639,-20.92151038503639
15.8,25.32680574744859,-9.526805747448588
72.9,120.18640019071267,-47.28640019071267
206.352,192.31430031412424,14.037699685875765
7.992,-123.16263713934404,131.15463713934403
81.36,132.34180644522962,-50.98180644522962
20.232,265.60239463172024,-245.37039463172025
389.056,363.80789771932973,25.248102280670253
20.736,32.6541107481296,-11.918110748129596
41.472,245.03552456503166,-203.56352456503166
33.36,40.539212099499764,-7.179212099499765
90.882,84.64002375521659,6.241976244783416
15.992,-81.58590023239731,97.57790023239731
120.784,267.1547577552319,-146.37075775523192
519.792,438.48813281565276,81.30386718434727
31.176,18.77791835767357,12.398081642326428
10.368,-68.25463403027675,78.62263403027674
2.724,-41.78288645963903,44.506886459639034
254.352,266.2974094079116,-11.94540940791157
3.762,9.741601528503907,-5.979601528503906
10.272,-17.29363997385849,27.565639973858488
659.97,782.1212037391376,-122.1512037391376
113.73,108.13320437834955,5.5967956216504575
5.104,-129.16138170390582,134.26538170390583
16.448,-57.745369671038134,74.19336967103814
81.92,90.96187459550129,-9.041874595501284
254.9,267.18411473777996,-12.284114737779959
15.12,36.37971263431564,-21.25971263431564
7.872,-31.841805523827134,39.71380552382713
8.32,76.6269787252752,-68.3069787252752
89.95,138.03028015041218,-48.08028015041218
25.2,45.66625826988661,-20.466258269886612
37.59,19.097426872493543,18.49257312750646
14.97,-77.89786738002067,92.86786738002067
1.98,-81.00848726613208,82.98848726613208
39.936,63.51105881706667,-23.57505881706667
18.464,-60.2417128880993,78.7057128880993
4.896,0.2955512878991158,4.600448712100884
145.764,190.36930240621018,-44.60530240621017
9.612,161.05485253414736,-151.44285253414736
199.75,214.11127757226495,-14.361277572264953
1673.184,909.0152505430581,764.1687494569419
12.18,184.47837040381955,-172.29837040381955
57.68,71.36385254003949,-13.683852540039489
263.96,261.9086827427909,2.051317257209064
299.94,318.7432356764939,-18.803235676493898
25.76,178.61470190264185,-152.85470190264186
271.9,391.6754519022593,-119.7754519022593
45.84,13.367536044601366,32.47246395539864
9.82,-78.79562655082555,88.61562655082554
93.36,483.50664456312825,-390.14664456312823
541.24,494.0628628590106,47.17713714098943
106.32,73.01252202714886,33.30747797285113
1323.9,1111.58756466286,212.3124353371402
126.624,207.70175518768542,-81.07775518768543
125.944,235.50384503131022,-109.55984503131022
663.92,583.566558309783,80.35344169021698
120.0,282.282403508731,-162.28240350873102
3.29,-139.05180352976367,142.34180352976367
18.84,-17.081832534334808,35.92183253433481
60.672,161.61023315251714,-100.93823315251714
30.816,295.7880431321487,-264.9720431321487
52.792,37.03589878413368,15.756101215866323
83.9,361.92489050203517,-278.0248905020352
11.76,-84.06990614302208,95.82990614302209
4.992,88.77756615051317,-83.78556615051316
87.92,146.21651654250422,-58.29651654250422
657.93,500.08478894097516,157.8452110590248
1.044,-49.98556479202648,51.02956479202648
210.68,291.3737174283133,-80.69371742831328
78.8,141.34913182311334,-62.54913182311334
19.99,-70.91549078471917,90.90549078471916
772.68,714.0303003983295,58.64969960167048
106.08,197.12770884567112,-91.04770884567112
23.076,15.456710825523942,7.619289174476059
25.92,86.30076781402568,-60.380767814025674
47.952,20.921939780571392,27.030060219428606
0.984,-16.861195364590458,17.84519536459046
75.384,325.76503363389907,-250.38103363389905
4.608,-87.51973729352835,92.12773729352836
37.68,134.1499748036881,-96.4699748036881
41.91,12.810127634937544,29.099872365062453
435.999,463.18669092391997,-27.187690923919945
388.704,370.8568455232719,17.84715447672812
572.58,472.5149111839603,100.06508881603975
33.18,-21.928325557481685,55.108325557481685
63.88,68.37449285562798,-4.494492855627975
26.72,-54.15489625953842,80.87489625953842
295.056,429.29305157707745,-134.23705157707747
393.25,385.20315549412,8.046844505880017
2.214,3.2768417456234147,-1.0628417456234147
16.272,-18.21869708410145,34.49069708410145
706.86,587.1342604992174,119.72573950078265
5.97,120.49251802381809,-114.5225180238181
21.184,-54.9889126040739,76.1729126040739
41.376,162.51566183905288,-121.13966183905288
17.94,-9.823382843250329,27.76338284325033
2.655,-83.42252205929026,86.07752205929026
892.35,762.4603524480827,129.88964755191728
307.666,449.9502196166857,-142.28421961668568
728.82,569.1207715518295,159.69922844817052
41.36,100.30801196982543,-58.94801196982543
43.176,15.591716809406535,27.584283190593467
4.16,-88.91597250724612,93.07597250724612
61.4,116.17047895318728,-54.770478953187286
24.448,-38.21629154641505,62.66429154641505
263.96,263.05486433676174,0.9051356632382408
359.97,400.9435965337759,-40.97359653377589
12.96,-74.95780676353843,87.91780676353844
116.82,102.98991937469509,13.830080625304902
276.784,402.59167985644535,-125.80767985644536
239.97,257.40003758549574,-17.43003758549574
16.02,127.88819639453413,-111.86819639453414
454.56,352.64826600324955,101.91173399675046
141.42,160.83342321855275,-19.413423218552765
310.744,283.69694453502234,27.04705546497769
12.736,32.34184561690017,-19.605845616900172
6.47,133.02550718214343,-126.55550718214343
13.748,605.9318519363115,-592.1838519363115
15.224,31.709348745982197,-16.485348745982197
27.42,-1.48921913936465,28.90921913936465
165.98,436.11866962062027,-270.13866962062025
75.0,59.013620257134335,15.986379742865665
134.272,298.0712024203915,-163.7992024203915
146.544,234.52704490893416,-87.98304490893415
131.904,140.61546098388771,-8.711460983887719
203.88,234.37363710335035,-30.493637103350352
14.301,225.96842630657602,-211.66742630657603
718.64,544.562233596792,174.077766403208
61.1,128.2169694965337,-67.1169694965337
28.08,10.578379754530715,17.501620245469283
10.496,29.588719236640145,-19.092719236640143
39.92,-19.393375097025455,59.31337509702546
77.58,302.0411996032924,-224.4611996032924
269.36,343.6960166840572,-74.3360166840572
5.76,-90.91597207914538,96.67597207914538
109.9,159.98287790590734,-50.08287790590734
23.88,-8.339524761933262,32.21952476193326
26.2,46.55453942294116,-20.354539422941162
12.96,-63.7919840779507,76.75198407795071
234.95,254.81967779654315,-19.869677796543158
118.25,166.57614922876746,-48.32614922876746
4.28,-125.085918196379,129.365918196379
26.85,-19.78470080562124,46.63470080562124
3357.6,3860.715740441821,-503.1157404418209
8.26,-83.85610820878833,92.11610820878833
2973.32,1730.7383916208023,1242.5816083791979
104.79,234.419156543285,-129.62915654328498
775.728,582.6177725906272,193.11022740937278
89.0664,171.73076959456785,-82.66436959456784
175.44,237.81155043016747,-62.371550430167474
438.336,368.60327641732533,69.73272358267468
215.544,207.00503583462546,8.538964165374551
55.584,153.93483770781972,-98.35083770781972
127.386,132.47459704690596,-5.08859704690596
248.43,241.13441145375577,7.2955885462442325
11.648,131.8790988525186,-120.23109885251861
85.246,68.45373084954394,16.79226915045605
20.64,95.66382624512516,-75.02382624512516
148.02,149.26100757307063,-1.2410075730706183
33.29,-34.286813512353774,67.57681351235377
204.95,232.38860390704372,-27.438603907043728
526.344,444.6776635360927,81.66633646390733
41.96,-10.273420604296462,52.23342060429646
451.152,480.35049270475474,-29.198492704754756
31.504,392.8786209596067,-361.37462095960666
30.672,11.085578261596766,19.586421738403235
1079.976,988.7926280067749,91.18337199322525
161.568,185.83980350909087,-24.27180350909086
2.934,50.08423101300946,-47.15023101300946
18.528,-47.73833004664948,66.26633004664947
670.752,695.838368742778,-25.086368742778063
64.96,134.5307622947289,-69.57076229472891
41.94,-24.999207299383215,66.93920729938321
11.96,-81.98878183645706,93.94878183645707
13.12,19.421695361494585,-6.301695361494586
535.41,607.294082744606,-71.88408274460608
72.78,77.9303211864642,-5.150321186464197
36.84,-3.637264318127791,40.477264318127794
87.71,218.849808536115,-131.13980853611503
562.2925,381.2771557296296,181.0153442703704
56.52,313.73813523495323,-257.21813523495325
11.264,245.296960268455,-234.03296026845499
284.08,451.5550670980035,-167.47506709800354
18.496,36.8773027402799,-18.381302740279903
14.73,-28.614032383168706,43.34403238316871
186.54,185.33722027650492,1.2027797234950697
557.728,491.2464205681108,66.48157943188914
159.968,154.23595903510068,5.732040964899312
471.9,450.8523022843606,21.0476977156394
3.52,-80.60392137354074,84.12392137354074
49.12,36.334708625870235,12.785291374129763
20.16,174.93788188630697,-154.77788188630697
10.68,-73.54184644277098,84.22184644277098
141.96,168.061829196291,-26.101829196290993
32.48,-28.65209352630859,61.13209352630859
20.04,-19.962033020118724,40.00203302011872
13999.96,14211.109385744974,-211.149385744975
238.0,322.7619101503683,-84.7619101503683
61.96,11.933332658898962,50.02666734110104
239.372,323.46923344968945,-84.09723344968944
595.0,504.66577847044607,90.33422152955393
16.032,-5.934570983367166,21.966570983367166
199.75,217.31552084719647,-17.565520847196467
227.96,315.73631191510844,-87.77631191510844
293.52,322.2610838183757,-28.741083818375728
307.98,465.9352754467511,-157.9552754467511
96.96,186.22255581363493,-89.26255581363493
117.488,233.53784799932828,-116.04984799932828
11.952,-27.949911143902682,39.90191114390268
512.499,542.3905909978648,-29.891590997864796
863.128,594.0485743540505,269.0794256459495
2036.86,1301.8302019807295,735.0297980192704
449.568,672.0532164003657,-222.48521640036574
108.96,105.51704976767451,3.4429502323254866
264.18,328.09370735604534,-63.913707356045336
2.88,-141.9949864453224,144.8749864453224
41.904,138.92666612674884,-97.02266612674885
23.92,37.94087024767873,-14.02087024767873
156.512,163.531680401044,-7.019680401044013
128.34,204.47439329321946,-76.13439329321946
474.95,430.947469787676,44.00253021232396
999.98,1756.2472605284856,-756.2672605284856
277.5,229.07058796837373,48.42941203162627
1252.704,614.8994533203096,637.8045466796904
110.97,159.30943291042718,-48.33943291042718
22.608,5.956535710939306,16.651464289060694
1.892,-108.5117970367155,110.4037970367155
63.312,34.346561638226376,28.96543836177362
7.824,-156.22921446133432,164.05321446133433
170.072,161.18077368677473,8.891226313225275
62.82,313.208314560213,-250.38831456021302
19.44,-21.86858674297082,41.30858674297082
7.38,-128.53845573816466,135.91845573816465
38.88,148.85055815467786,-109.97055815467786
187.76,204.25787831582056,-16.49787831582057
6.048,210.069320618363,-204.021320618363
98.352,85.91595654623256,12.43604345376744
335.744,497.09254831964756,-161.34854831964753
8.96,-80.76322260544339,89.7232226054434
89.568,105.19195424639975,-15.623954246399748
71.96,132.77130541754354,-60.81130541754355
15.552,-15.932738425418847,31.484738425418847
10.43,143.03252486823203,-132.60252486823202
72.784,114.65171764003685,-41.867717640036844
67.15,117.84046050279426,-50.69046050279425
549.98,880.1015753950213,-330.1215753950213
11.82,-26.83792374082782,38.65792374082782
4643.8,4715.997914448397,-72.19791444839666
577.764,923.6090365825785,-345.8450365825785
191.5155,499.49019869577137,-307.9746986957714
2.624,-134.2561495871439,136.8801495871439
1369.764,603.2316151322365,766.5323848677634
294.368,268.7507637805761,25.617236219423887
81.568,65.85138484114486,15.716615158855134
44.46,129.4758289794238,-85.01582897942379
314.088,338.9425484463309,-24.854548446330853
6.336,69.39046339987226,-63.05446339987226
10.48,-93.41522959012286,103.89522959012287
2.469,-80.0248330708664,82.4938330708664
3.264,-33.448584023936974,36.71258402393698
4.344,-20.377926409172687,24.72192640917269
31.776,35.71338056393233,-3.937380563932333
4.928,-74.9686460408409,79.89664604084089
1.788,47.74126218219908,-45.95326218219908
15.072,58.26516270930506,-43.19316270930506
12.624,-40.64172572916027,53.26572572916027
185.88,243.57255012547876,-57.69255012547876
12.96,-76.20508971894901,89.16508971894902
189.7,416.0946270575241,-226.39462705752413
40.99,-12.540092227303376,53.53009222730338
82.64,59.18369616704422,23.456303832955783
31.02,-33.37076146180448,64.39076146180447
89.97,69.23206920761868,20.73793079238132
35.97,6.953968648725549,29.01603135127445
1266.86,889.2697368539474,377.5902631460525
169.45,202.62297973311252,-33.17297973311253
40.68,-7.540711172532838,48.22071117253284
3.328,-79.50455649657079,82.83255649657079
933.262,660.8493507976893,272.4126492023106
2803.92,1960.0201178244831,843.899882175517
4.768,-70.76987405749742,75.53787405749742
6.672,-130.65767750412988,137.32967750412988
4.448,-91.05586452143075,95.50386452143076
43.936,56.06038303197738,-12.12438303197738
23.744,-41.86576889830508,65.60976889830508
357.0,391.12861139267306,-34.128611392673065
806.336,591.592540443303,214.74345955669696
85.44,69.65780324610978,15.782196753890219
344.91,363.3746571386107,-18.464657138610676
70.97,152.9898295282619,-82.01982952826191
36.784,-32.97641432154478,69.76041432154477
743.988,1137.5951598566078,-393.6071598566077
11.212,-17.901272554476463,29.113272554476463
4.712,-69.517228097631,74.22922809763101
180.98,123.10926702780398,57.87073297219601
60.416,13.51971449019129,46.896285509808706
299.99,910.362296233496,-610.372296233496
192.16,216.8777654206915,-24.717765420691507
242.624,355.27556713975696,-112.65156713975696
46.74,34.73450753033285,12.005492469667153
174.95,212.33543573878956,-37.38543573878957
100.704,200.18824892153407,-99.48424892153407
368.91,468.0174875902003,-99.10748759020026
8.02,-127.96490100996994,135.98490100996995
171.04,170.2985345427967,0.7414654572033044
19.44,-19.1514311864496,38.5914311864496
13.092,66.3244534201649,-53.2324534201649
122.94,130.47611122004037,-7.536111220040368
35.448,202.23455160995695,-166.78655160995694
19.98,-54.00664664819374,73.98664664819374
69.375,114.57811606423661,-45.20311606423661
31.68,50.51267998679191,-18.83267998679191
2003.168,1795.6402873644288,207.5277126355711
9.344,-75.8970341054951,85.24103410549509
2563.056,1433.5707004147155,1129.4852995852846
387.136,355.55192987656164,31.58407012343838
3.424,-121.32751230250756,124.75151230250756
1085.42,803.0655757153064,282.35442428469366
43.056,305.8489511355251,-262.79295113552513
3.762,2.929742937544688,0.8322570624553118
34.86,-3.2333596986657085,38.09335969866571
432.456,464.7302008466197,-32.27420084661969
675.06,749.8333324998734,-74.7733324998735
65.232,34.63195293100671,30.60004706899329
207.0,204.24125760133734,2.758742398662662
600.53,976.0735188639621,-375.54351886396216
59.904,22.213269327664193,37.69073067233581
637.44,545.4497762715744,91.99022372842569
51.756,48.354316875711675,3.4016831242883256
31.104,142.00213364764318,-110.89813364764318
47.96,110.01196111522063,-62.05196111522063
158.928,260.6243057533529,-101.69630575335293
211.248,254.79446112570758,-43.546461125707594
5.552,-59.61294978944329,65.16494978944328
2.952,-134.54575649334538,137.49775649334538
10.332,18.833399615661392,-8.501399615661391
18.368,40.72700724628862,-22.359007246288623
299.9,446.62557473680295,-146.72557473680297
26.55,292.76699509013315,-266.21699509013314
111.98,115.87757382774544,-3.8975738277454326
4.928,-71.31826535515029,76.24626535515029
11.784,-21.285145240683732,33.06914524068373
7.98,-25.909296555711308,33.88929655571131
180.96,240.12328785999307,-59.16328785999306
1649.95,1414.5935073233882,235.35649267661188
362.352,393.54723666584346,-31.19523666584348
73.584,44.41897072652819,29.165029273471816
486.368,445.55180478068746,40.81619521931253
32.4,93.2574891585623,-60.857489158562295
41.86,199.34193213251115,-157.48193213251113
77.56,52.61513380897259,24.944866191027415
37.17,287.68356497136847,-250.51356497136845
137.352,135.298808096348,2.0531919036519923
376.509,396.40691074307574,-19.897910743075727
62.72,74.49344137929302,-11.773441379293018
2939.93,1859.8110903788845,1080.1189096211153
512.358,554.6658034473311,-42.30780344733114
3.488,-73.10497765988816,76.59297765988816
22.288,196.91730804097233,-174.62930804097232
16.032,-14.220345555783297,30.252345555783297
1.752,-123.39309747362222,125.14509747362222
20.992,246.42888404838322,-225.43688404838323
11.21,-95.58710631600843,106.79710631600844
45.04,-8.582276392919994,53.62227639291999
15.624,12.864697189389744,2.759302810610256
8.74,-64.14809291284814,72.88809291284814
44.75,106.56738595516867,-61.817385955168675
61.68,104.58013505892313,-42.900135058923134
158.376,138.14321927943502,20.23278072056499
2.864,80.88787410986333,-78.02387410986333
94.192,229.0167416549957,-134.8247416549957
143.7,142.17807679693055,1.5219232030694343
6.48,-128.15423193697188,134.63423193697187
7.88,27.301928255629946,-19.421928255629947
11.21,-113.82697777694648,125.03697777694649
354.9,324.26722320001136,30.63277679998862
17.94,-30.033190289745562,47.97319028974556
51.8,51.84153581655096,-0.04153581655096161
299.52,425.62022303768435,-126.10022303768437
7.7,-70.56523516860398,78.26523516860398
23.92,37.83924860802085,-13.919248608020851
498.0,468.0430046742106,29.95699532578942
436.704,355.8167420007576,80.88725799924242
32.4,99.44340681749964,-67.04340681749963
61.44,27.624063188781292,33.815936811218705
73.36,212.24150606720536,-138.88150606720535
59.2,121.74681196068832,-62.546811960688316
32.952,14.69253873676189,18.25946126323811
218.376,226.71504991577763,-8.339049915777622
31.4,93.64039895602741,-62.24039895602741
9.48,-110.29928118150656,119.77928118150656
209.5,424.855665609829,-215.35566560982897
24.3,89.03716479558375,-64.73716479558375
6.48,-122.59418439833235,129.07418439833233
32.448,-21.550601263987573,53.998601263987574
26.388,70.44125227081167,-44.05325227081167
373.47,306.84315955468196,66.62684044531807
64.2,136.0823857302214,-71.8823857302214
8.0,-75.71220020404121,83.71220020404121
186.54,187.8873217259429,-1.347321725942919
87.08,227.95670336427793,-140.87670336427794
105.584,105.93162769440937,-0.34762769440936836
217.44,274.3834090081166,-56.94340900811659
31.744,-32.57897701672823,64.32297701672823
5.432,23.318557669550273,-17.88655766955027
913.43,637.156575884109,276.273424115891
372.144,393.80913089344153,-21.66513089344153
751.984,1211.7903612251193,-459.8063612251193
604.768,557.5045623495554,47.263437650444644
27.36,42.71462499051631,-15.354624990516314
20.56,-60.13795135529381,80.69795135529381
83.92,131.3517355404756,-47.4317355404756
902.712,988.5065014865982,-85.79450148659816
120.666,127.39971810184306,-6.733718101843067
4.984,-50.88356537944878,55.867565379448784
82.26,81.24994101360699,1.0100589863930196
29.74,-40.320407448122296,70.06040744812229
87.36,174.62027515668456,-87.26027515668456
56.16,154.7564061033272,-98.59640610332721
64.384,83.1313586828312,-18.747358682831205
64.784,99.40114376983456,-34.617143769834556
15.552,-10.751797319059506,26.303797319059505
223.888,313.68210109875395,-89.79410109875394
10.896,-26.900041916228474,37.796041916228475
84.784,61.22850130536062,23.555498694639383
241.5,237.21926083820335,4.280739161796646
59.97,30.400739974773387,29.569260025226612
13.36,-79.41597428546947,92.77597428546947
11.808,-33.48459482994372,45.29259482994372
16.24,-82.94038915513352,99.18038915513351
77.55,128.54534249513836,-50.99534249513836
76.12,48.64841244940885,27.471587550591153
17.184,128.61539848253597,-111.43139848253597
11.76,-91.70235663801077,103.46235663801077
27.46,-43.21334560444393,70.67334560444394
137.94,131.12720727683654,6.812792723163454
111.15,156.0386874692549,-44.888687469254904
901.95,1077.591539703951,-175.6415397039509
366.009,368.1164647915077,-2.1074647915077094
310.688,364.8974260082439,-54.209426008243895
7.68,138.70368784180982,-131.02368784180982
155.372,184.00754880661202,-28.635548806612007
10.744,-99.86778302930702,110.61178302930702
232.4,250.86523438535528,-18.465234385355274
164.646,164.88201238220995,-0.2360123822099638
22.68,-52.54434549541156,75.22434549541157
105.52,108.27799837338398,-2.757998373383984
83.92,92.88605232668556,-8.966052326685556
141.9,169.58131795590566,-27.681317955905655
39.98,-18.870251253942342,58.85025125394234
28.91,184.37056394117644,-155.46056394117645
174.95,198.94939947736248,-23.999399477362488
110.528,122.85444536093587,-12.326445360935864
630.024,495.78949106410005,134.23450893589995
27.86,193.6824041343043,-165.8224041343043
933.408,763.1899504167874,170.21804958321263
51.84,354.5137088744641,-302.67370887446407
165.6,163.33715050277738,2.262849497222618
106.32,58.33274379688669,47.987256203113304
147.92,181.2721912019192,-33.352191201919226
104.28,90.17578593201324,14.10421406798676
286.85,850.9068485107919,-564.0568485107918
66.96,81.82979219906201,-14.869792199062019
199.98,271.37676333807417,-71.39676333807418
45.0,23.206819843941958,21.793180156058042
17.9,78.06219544343367,-60.16219544343367
40.48,-15.9129946825542,56.392994682554196
2154.9,1581.3817130612501,573.51828693875
18.432,264.25296487429137,-245.82096487429138
10.944,-61.36788645029924,72.31188645029924
4.36,-85.74038011029756,90.10038011029756
62.352,165.62145755035863,-103.26945755035862
303.92,283.97535421791144,19.94464578208857
129.3,142.7775350399238,-13.477535039923794
274.2,459.13220334251173,-184.93220334251174
6.048,44.88702926682163,-38.839029266821626
6.848,-74.35859875092888,81.20659875092888
9.96,115.75136536243963,-105.79136536243962
8.552,-0.3302402485173843,8.882240248517384
45.584,403.2850586061329,-357.7010586061329
25.488,-32.226159194777665,57.714159194777665
136.96,162.44914688837594,-25.489146888375927
49.616,-3.021522032845496,52.637522032845496
10.584,-24.70271515552099,35.286715155520994
84.416,89.34980655600907,-4.933806556009074
431.94,631.3383371607833,-199.39833716078334
2.043,-96.29184905983993,98.33484905983994
68.238,56.12847659358886,12.109523406411142
240.744,216.5252156013637,24.218784398636302
35.0,43.6861039369046,-8.686103936904601
210.68,284.49994063707936,-73.81994063707936
637.896,651.412573153206,-13.516573153206082
43.44,239.98082249834601,-196.54082249834602
2.22,-135.55769754936682,137.77769754936682
1679.96,1244.9972804121885,434.96271958781153
344.372,296.4770868908572,47.894913109142806
1554.936,1752.383385982764,-197.447385982764
127.88,172.01422570606746,-44.13422570606747
222.384,300.8448516418475,-78.46085164184754
106.869,93.09436959647996,13.774630403520035
3.564,31.846824275958397,-28.282824275958397
25.68,57.40954163117135,-31.72954163117135
12.384,52.48390686000789,-40.09990686000789
25.3,79.81900639203332,-54.51900639203332
95.94,77.22434923474248,18.71565076525752
7.5,-84.11253276608113,91.61253276608113
302.376,325.02659127140146,-22.65059127140148
46.688,64.0197463448842,-17.331746344884195
17.94,-8.84100826548297,26.78100826548297
370.14,426.27228032173184,-56.132280321731855
8.928,-77.05399808219022,85.98199808219022
2678.94,1723.0036882545483,955.9363117454518
387.136,354.3588302723085,32.7771697276915
45.408,-7.750523710406696,53.1585237104067
77.952,69.58422482210449,8.36777517789551
3.0,-127.14536707443926,130.14536707443926
9.952,-102.78118761496103,112.73318761496103
37.896,82.8840052187445,-44.988005218744505
65.584,28.73839753139555,36.845602468604454
44.784,13.268295041316833,31.515704958683166
1035.8,989.251096378673,46.548903621326986
5.76,-75.20222166170743,80.96222166170743
19.98,-60.40943948279164,80.38943948279164
35.98,-19.378918496812958,55.358918496812954
16.656,-5.472460003006745,22.128460003006744
20.7,-57.742682684715646,78.44268268471565
83.7,133.04713901368177,-49.34713901368177
199.8,425.41291769266854,-225.61291769266853
45.68,-11.385383560938863,57.06538356093886
110.96,107.70203958593652,3.2579604140634757
11.94,-28.611758234648278,40.551758234648275
8749.95,6965.019232403825,1784.9307675961754
36.4,235.1530110211179,-198.75301102111789
18.69,179.04724962914202,-160.35724962914202
5.94,-21.870571847563497,27.810571847563498
60.736,270.76004691355524,-210.02404691355525
479.976,568.7224474417472,-88.74644744174725
6.08,-40.86397673520196,46.94397673520196
165.6,157.45159661526645,8.148403384733541
59.52,37.09997748469914,22.420022515300865
479.97,563.9266387529334,-83.95663875293337
18.62,-54.6879561022763,73.30795610227631
49.632,153.5506383905481,-103.9186383905481
97.82,86.70805768199489,11.111942318005106
15.984,-67.1193423484267,83.1033423484267
184.752,165.57146537865378,19.180534621346226
12.96,-73.42565639556551,86.38565639556552
366.744,308.9265783469807,57.81742165301932
8.856,347.878597049762,-339.022597049762
27.96,89.7241429601147,-61.764142960114704
146.352,145.437854705051,0.9141452949490088
175.23,451.2287064132561,-275.99870641325606
125.99,288.5469941385859,-162.55699413858588
23.0,-60.02919602516499,83.02919602516499
25.584,-41.260002028115196,66.8440020281152
73.784,63.236613074609295,10.547386925390711
20.736,26.03628562757922,-5.300285627579218
17.52,-19.462839338566027,36.98283933856602
35.76,451.00271245468593,-415.24271245468594
3.64,-80.27893510939248,83.91893510939248
30.336,166.6778502299478,-136.3418502299478
12.99,-81.11063155039255,94.10063155039255
182.22,190.33178698451752,-8.111786984517522
302.94,324.79068525887556,-21.850685258875558
54.992,562.4728469432488,-507.48084694324876
12.99,-81.41474274369011,94.40474274369011
55.86,200.6752798186917,-144.8152798186917
44.376,-3.6876270733091587,48.063627073309156
51.264,154.68132542586727,-103.41732542586726
5.193,-3.267980714151463,8.460980714151463
159.984,186.4710553763873,-26.487055376387303
54.224,5.317560588396191,48.906439411603806
241.424,321.9170687666865,-80.49306876668649
33.36,45.85088486024051,-12.490884860240513
13.76,-66.10256223304941,79.86256223304942
496.86,434.84693394641704,62.013066053582975
389.97,426.39766172422287,-36.427661724222844
9.82,-85.53797850170463,95.35797850170462
56.4,35.56384404723417,20.83615595276583
18.312,65.25053056842376,-46.93853056842376
25.92,92.86640197138468,-66.94640197138467
8.016,-16.814718899581976,24.830718899581974
479.984,737.433838913612,-257.44983891361204
30.84,80.12248405783794,-49.282484057837934
33.568,-19.310461370119583,52.87846137011958
422.625,389.98146108251694,32.643538917483056
199.98,275.1641657978828,-75.1841657978828
20.24,-78.20025251432253,98.44025251432252
39.92,52.20124158677004,-12.281241586770037
32.54,-43.91487411793605,76.45487411793604
39.0,1.3701933253612424,37.62980667463876
12.6,18.142393527385593,-5.5423935273855935
24.64,33.04188410670122,-8.401884106701218
6.264,-16.78031349191201,23.04431349191201
14.432,43.12970811802438,-28.69770811802438
719.976,822.2990655728306,-102.32306557283061
239.92,339.28022851831633,-99.36022851831635
1056.86,750.1463954990359,306.71360450096404
447.944,413.54243969223035,34.40156030776967
150.408,337.6267218528649,-187.2187218528649
453.576,497.45279339185913,-43.87679339185911
45.36,304.2386547674487,-258.87865476744867
287.88,310.45430015742636,-22.574300157426364
131.88,129.966816180794,1.9131838192059831
2.328,-55.65875473824326,57.98675473824326
1454.9,1189.7893128854914,265.11068711450866
4.842,6.10740420274692,-1.2654042027469208
220.704,252.988013972398,-32.284013972397986
67.176,50.412272880885666,16.763727119114336
15.232,31.49526184651245,-16.26326184651245
31.104,134.76063973424039,-103.65663973424039
968.744,754.1810326319114,214.5629673680886
222.352,577.3537273562034,-355.00172735620345
479.984,758.1387075255145,-278.15470752551454
10.272,-32.3954921086322,42.667492108632196
998.85,699.2053571207608,299.6446428792392
24.56,-82.34899232744647,106.90899232744647
5.67,-25.416331261377763,31.086331261377765
14.336,36.5396001151114,-22.2036001151114
102.3,205.50358155190338,-103.20358155190338
607.52,981.347147530968,-373.827147530968
31.16,-25.377492556862762,56.53749255686276
2.61,-129.34523665416782,131.95523665416783
10.332,17.22318837049056,-6.8911883704905605
10.368,-66.58723027967699,76.95523027967698
20.784,-32.89474896730235,53.67874896730235
66.96,133.39120592264794,-66.43120592264795
17.248,-73.02117658446923,90.26917658446924
11.088,218.70264730263693,-207.61464730263694
1287.45,1022.319761140968,265.13023885903203
168.1,198.184012000959,-30.084012000959007
51.968,24.02417357863351,27.943826421366495
4.768,-74.21769715238565,78.98569715238565
7.98,-33.97645298012117,41.95645298012117
18.688,-102.30856034127373,120.99656034127374
11.664,-30.007866822975757,41.67186682297576
191.976,189.47594855237412,2.5000514476258786
499.168,451.5410336554596,47.62696634454039
11.88,-83.49693242096419,95.37693242096418
35.44,-55.199305699164825,90.63930569916482
67.136,80.75232167694298,-13.616321676942988
4.32,-36.76040189347259,41.08040189347259
14.94,-22.022285288599278,36.962285288599276
40.54,-14.01964095059293,54.55964095059293
7.312,-118.38885419272515,125.70085419272515
475.944,432.43095402624294,43.51304597375707
30.08,-19.385575343658502,49.4655753436585
165.6,163.1293017647056,2.4706982352944067
180.96,203.65498680657606,-22.694986806576054
23.18,-46.34341566519379,69.5234156651938
56.96,18.411418891754238,38.54858110824576
15.56,36.809911618595606,-21.249911618595604
353.568,513.4186711223364,-159.8506711223364
13.96,-62.648109737069944,76.60810973706995
82.95,126.86997900182178,-43.91997900182177
39.68,-24.84345935941633,64.52345935941634
479.97,561.2134285567278,-81.24342855672774
7.38,-75.36358971662185,82.74358971662184
14.256,-21.60513688711444,35.86113688711444
81.98,61.66212544353175,20.317874556468254
39.624,17.334310857887658,22.289689142112344
399.672,366.51321427921425,33.15878572078577
65.12,81.6584599287985,-16.53845992879849
30.56,121.90836200533954,-91.34836200533954
20.768,-44.9968748082631,65.7648748082631
39.808,58.3734460373978,-18.5654460373978
121.104,195.37259758107484,-74.26859758107484
111.96,153.72645251269319,-41.76645251269319
15.696,-21.557980256615792,37.25398025661579
70.26,57.072329900466,13.187670099534003
90.0,144.07536129811388,-54.075361298113876
6.096,-76.96659381329596,83.06259381329596
481.176,705.8485909977508,-224.67259099775077
7.24,25.92970510052305,-18.68970510052305
177.45,187.6913921897235,-10.241392189723513
1369.764,591.0136319390114,778.7503680609885
9.48,-18.518481969974573,27.998481969974574
130.98,146.56545341576611,-15.585453415766125
174.95,199.97957703843554,-25.029577038435548
826.0,697.8161482360199,128.1838517639801
139.58,269.8011460200735,-130.22114602007346
399.95,382.46703816435,17.482961835649974
12.39,-35.30402293311431,47.69402293311431
760.98,236.30419673492565,524.6758032650744
67.86,162.75979460019812,-94.89979460019812
31.504,398.45849868613277,-366.95449868613275
5.04,-119.5106290357478,124.5506290357478
39.879,226.13807296055006,-186.25907296055007
4.712,-124.93178308324582,129.6437830832458
194.352,197.15189626724555,-2.7998962672455434
97.424,86.5444930266126,10.879506973387407
704.76,569.4534720413839,135.30652795861613
27.396,32.892973084006144,-5.496973084006143
5.7,71.42518709356068,-65.72518709356068
14.19,-20.04214298016541,34.232142980165406
7.3,-76.32660603495151,83.62660603495151
199.98,272.28449982793336,-72.30449982793337
144.96,156.50240621148555,-11.542406211485542
118.0,124.82208640622912,-6.822086406229118
48.94,26.682202099352935,22.257797900647063
22.66,-48.40038984715284,71.06038984715283
0.836,-70.09699550818164,70.93299550818163
30.96,141.66477318599345,-110.70477318599345
723.92,545.348327752343,178.57167224765692
21.968,77.900502913629,-55.932502913628994
619.152,503.1216140715827,116.03038592841733
127.904,255.71530473035568,-127.81130473035569
94.2,130.89440378740574,-36.69440378740573
49.5,99.08065964204275,-49.58065964204275
16.52,94.88666837670485,-78.36666837670485
55.36,75.07474602496859,-19.71474602496859
11.56,-90.68996062093333,102.24996062093334
17.12,-5.546864662875123,22.666864662875124
182.352,185.63209467211027,-3.280094672110266
118.16,127.78316429245888,-9.623164292458881
18.368,-65.00505251139202,83.37305251139202
600.558,640.012213524144,-39.45421352414405
50.352,29.273107975939865,21.07889202406013
28.032,134.57793873480546,-106.54593873480546
7.692,-92.98973775089803,100.68173775089804
517.405,405.9817040932787,111.42329590672125
8.608,300.3635792910202,-291.7555792910202
159.56,191.75995256337478,-32.19995256337478
2104.55,1434.6371550875347,669.9128449124655
40.7,103.92098238706808,-63.22098238706808
47.79,30.004287001301464,17.785712998698536
5.16,-75.918259419469,81.07825941946899
21.21,193.02740641548348,-171.81740641548348
96.36,191.52131742838287,-95.16131742838287
231.72,302.46309437450145,-70.74309437450145
17.9,64.19754936534332,-46.29754936534332
12.48,-81.94495903351549,94.42495903351549
8.016,-8.106028247510949,16.122028247510947
259.896,349.8833678222936,-89.9873678222936
247.188,331.1282305169964,-83.9402305169964
279.96,281.1624970246976,-1.2024970246976068
450.0,426.11935616233814,23.880643837661864
19.44,-18.539322636435827,37.979322636435825
300.904,876.0430131655756,-575.1390131655756
239.976,256.0926483511282,-16.11664835112822
31.168,44.88318918045434,-13.715189180454338
120.96,133.94468809854698,-12.984688098546982
2239.936,1261.1382842339679,978.7977157660323
76.608,269.21701608158764,-192.60901608158764
142.776,352.9886771337003,-210.2126771337003
91.36,148.70030788597592,-57.34030788597592
3.552,-73.29746796954964,76.84946796954965
115.136,284.6297276822977,-169.4937276822977
4.71,-104.76499734951722,109.47499734951721
172.764,219.2083771818584,-46.444377181858385
3.52,-87.93342772527808,91.45342772527808
79.968,88.60954767601515,-8.64154767601515
305.9745,314.27162106873834,-8.297121068738363
344.91,354.218695853496,-9.308695853495976
626.352,668.1708701215317,-41.818870121531745
359.499,372.29448084958176,-12.795480849581736
71.952,172.41442744838287,-100.46242744838287
29.8,88.97176025861472,-59.171760258614725
1.824,-96.75523559600265,98.57923559600265
64.384,121.98095626947861,-57.59695626947861
6.984,-38.89105734363443,45.87505734363443
11.264,229.7516018752351,-218.4876018752351
15.552,-17.32116444432586,32.87316444432586
379.372,534.7931652056238,-155.42116520562382
67.536,312.2803090592233,-244.74430905922333
1.524,-7.545052013036184,9.069052013036185
37.408,187.86995389341246,-150.46195389341244
25.344,134.0303432451542,-108.6863432451542
46.2,67.23103802985338,-21.031038029853377
4.728,-13.41137249159624,18.13937249159624
53.352,43.74574137983018,9.606258620169818
131.104,157.3491564707665,-26.24515647076649
22.512,5.018896373556345,17.493103626443656
72.744,230.83261305920746,-158.08861305920746
52.59,35.09580826608794,17.49419173391206
19.44,-11.734813376087232,31.174813376087233
126.3,129.86990444605863,-3.5699044460586293
1287.45,1031.9592663162832,255.49073368371683
64.96,74.29793850166357,-9.337938501663572
535.41,617.5918018618513,-82.18180186185134
8.1,112.59144671989134,-104.49144671989134
13.248,27.991795721748304,-14.743795721748304
83.988,65.35118533333252,18.636814666667476
73.2,119.03444506786309,-45.834445067863086
10.74,-40.40224739306268,51.14224739306268
11.032,-107.58283886864501,118.61483886864501
53.04,26.58266147916379,26.45733852083621
17.12,30.817655832658602,-13.6976558326586
59.94,35.55777552582117,24.382224474178827
210.58,275.5572769835014,-64.97727698350141
30.96,-43.0175668435013,73.97756684350131
239.984,329.99523959499743,-90.01123959499742
3050.376,3786.8223729048937,-736.4463729048935
133.98,147.2833170048575,-13.303317004857519
93.248,102.80602778009916,-9.558027780099152
177.48,172.15351767725633,5.326482322743658
17.712,125.61634588198467,-107.90434588198467
4.86,2.384684853436511,2.4753151465634895
6.258,-43.971010772292175,50.22901077229218
37.68,-21.659917661169175,59.339917661169174
51.84,248.74143349930705,-196.90143349930705
27.42,-1.1379849104639561,28.557984910463958
5.4,-41.17402454328226,46.574024543282256
1270.99,4346.89913582169,-3075.90913582169
125.36,288.2726045262434,-162.9126045262434
14.03,-88.27221557655139,102.30221557655139
27.96,-33.82266392449037,61.78266392449037
5.344,-64.7714172121473,70.11541721214729
1.696,-9.97847699554427,11.67447699554427
24.588,98.36278999487763,-73.77478999487764
7.98,155.0464415115248,-147.0664415115248
288.0,284.1810566804975,3.818943319502523
146.952,131.4000136308846,15.551986369115411
83.136,87.3681245922885,-4.2321245922885
942.784,848.9892941979526,93.79470580204736
74.352,50.062710108633155,24.28928989136685
26.88,148.3726232211411,-121.49262322114112
10.896,-69.43691177546975,80.33291177546975
3.536,-83.3359884111469,86.8719884111469
528.43,426.7776841782488,101.65231582175113
41.472,238.91211716013686,-197.44011716013685
287.976,303.8988321555355,-15.922832155535502
29.304,10.570247849294674,18.733752150705325
55.328,11.175538423917487,44.152461576082516
1227.9984,804.1263019287138,423.87209807128613
20.416,31.757152751341664,-11.341152751341664
1128.39,1323.6535936010039,-195.26359360100378
4.608,-78.23623731484008,82.84423731484009
195.96,212.84573499760836,-16.885734997608353
15.552,-19.4622965251026,35.0142965251026
271.968,264.37975926676654,7.5882407332334765
698.352,778.1344554417076,-79.78245544170761
77.728,57.89131718464205,19.836682815357946
46.62,306.4110555564869,-259.79105555648687
537.544,457.70991024322143,79.83408975677855
14.62,-74.29502468205533,88.91502468205533
22.55,76.64026983923941,-54.09026983923941
583.8,485.6926883879004,98.10731161209958
211.168,200.98818394002365,10.17981605997636
12.96,-66.94404615292615,79.90404615292616
45.98,2.0176657870181316,43.962334212981865
1294.75,1065.7439487177796,229.00605128222037
1799.97,1367.8358189641283,432.13418103587173
10.688,-76.4140417385288,87.1020417385288
221.98,307.7172981863755,-85.73729818637551
341.96,512.6521137469808,-170.69211374698085
34.77,7.507828792190367,27.262171207809637
18.9,-15.17001713262448,34.07001713262448
102.72,96.46994634013572,6.250053659864278
40.48,-10.860732798047593,51.34073279804759
33.282,42.36715953580983,-9.085159535809836
118.65,169.51281129541258,-50.86281129541257
14.76,88.8453959758524,-74.08539597585239
37.52,45.92293353223931,-8.40293353223931
207.144,216.68512530419025,-9.541125304190246
13.9,74.27035827496115,-60.370358274961156
266.352,276.9311441345076,-10.579144134507601
307.98,456.3796845657382,-148.3996845657382
44.1,148.45639665333806,-104.35639665333807
13.12,24.484040944073058,-11.364040944073059
16.56,-98.57522953675038,115.13522953675039
38.88,137.3817285241032,-98.50172852410321
335.52,348.1362989139918,-12.616298913991841
959.984,1635.9287382916755,-675.9447382916754
4.086,-50.285352215462126,54.371352215462124
55.984,13.273675903303229,42.71032409669677
10.688,-73.9329646691001,84.6209646691001
8.856,-24.193208177500992,33.049208177500994
6.912,-31.377488047662837,38.289488047662836
26.72,85.46145183124099,-58.741451831240994
33.488,195.01029991140626,-161.52229991140626
10.56,-73.6678581619799,84.2278581619799
386.34,577.5903608385655,-191.25036083856554
33.44,349.7235141768149,-316.2835141768149
39.96,-10.220035541458628,50.18003554145863
1217.568,2126.2789298140133,-908.7109298140133
15.51,-85.45097896646939,100.9609789664694
89.9,69.50539686719071,20.394603132809294
14.28,31.765660317077618,-17.485660317077617
12.72,-24.653500762534122,37.37350076253412
15.75,73.27511631821244,-57.52511631821244
70.95,43.0392305368016,27.910769463198406
65.568,17.502299787445054,48.065700212554944
299.97,332.60643687768106,-32.636436877681035
89.97,60.933243963736004,29.036756036263995
31.86,-36.96099045536312,68.82099045536312
67.15,124.48677812408141,-57.336778124081405
7.236,15.741664954953876,-8.505664954953875
4.824,-28.79239638482636,33.61639638482636
91.36,145.17598703425574,-53.81598703425574
130.112,147.2218527607822,-17.109852760782218
74.24,108.6727883086221,-34.43278830862211
159.84,397.57577273376614,-237.73577273376614
2.892,-52.85279878345955,55.74479878345955
9.392,-79.71592731210376,89.10792731210375
123.92,142.0100589996914,-18.090058999691408
55.6,117.28828852808329,-61.688288528083284
617.976,664.8548885227129,-46.87888852271294
21.312,-9.86197978465566,31.17397978465566
209.94,258.5629348055461,-48.622934805546095
31.984,-15.18765918871236,47.17165918871236
5083.96,4171.137234321435,912.8227656785648
35.96,-9.066196044610251,45.02619604461025
31.05,5.3905857134061534,25.659414286593847
8.92,29.137333497126747,-20.217333497126745
209.6,225.4716031737139,-15.871603173713908
111.04,130.72534602059068,-19.68534602059067
38.88,152.4791721448305,-113.5991721448305
36.27,20.334213267579116,15.935786732420887
493.43,383.8455402287582,109.58445977124182
11.12,-78.25045461107698,89.37045461107698
686.4,1100.595456863292,-414.19545686329195
15.92,85.96440579100067,-70.04440579100067
70.68,463.98555416630484,-393.30555416630483
541.24,492.0462188207746,49.193781179225425
101.994,96.27951176528086,5.714488234719141
18.264,-28.450050460008924,46.71405046000892
21.99,141.1531457689248,-119.16314576892479
185.376,234.2331536976451,-48.85715369764509
58.924,122.63606634855887,-63.71206634855887
480.0,501.68643091577985,-21.68643091577985
34.05,9.64176288065687,24.408237119343127
192.72,460.2796568812016,-267.5596568812016
239.97,249.13533910480191,-9.165339104801916
50.12,196.55889904786977,-146.43889904786977
15.984,-49.000284028404394,64.98428402840439
14.352,-16.293873669103732,30.645873669103732
6.528,66.08108402829339,-59.55308402829339
2.862,17.684446822619975,-14.822446822619975
20.856,276.3426446460294,-255.4866446460294
276.28,382.54907818294055,-106.26907818294058
629.64,556.1844433653763,73.45555663462369
449.97,538.5259475121496,-88.5559475121496
1927.59,1368.6845191337873,558.9054808662127
121.78,118.13865552049674,3.6413444795032603
2676.672,1383.0602451337897,1293.6117548662103
489.23,771.3408750192112,-282.1108750192112
312.03,337.7393575166259,-25.709357516625914
17.94,-11.77431296584814,29.71431296584814
165.6,159.88040217654338,5.71959782345661
37.52,47.3208893561241,-9.800889356124095
494.97,578.9498998619425,-83.9798998619425
25.06,-41.85923289926268,66.91923289926268
32.064,25.33069518673642,6.7333048132635795
18.496,30.93979757221109,-12.443797572211093
191.079,181.73169668314404,9.347303316855971
10.368,-74.23340976578038,84.60140976578037
30.53,-45.30000120911063,75.83000120911063
30.84,-1.5896245435642413,32.429624543564245
75.06,306.20449655938046,-231.14449655938046
66.976,203.99339535619401,-137.01739535619402
182.72,326.4352042873893,-143.7152042873893
21.93,-14.523381594774719,36.45338159477472
95.976,85.7834167152539,10.192583284746092
143.928,345.2862877036673,-201.35828770366732
3.564,-46.348580058585185,49.912580058585185
4.928,-78.68334079532747,83.61134079532746
856.656,643.2149092819394,213.44109071806054
13.184,90.36303247126398,-77.17903247126398
48.784,131.6034846335915,-82.81948463359151
76.64,50.19920027737339,26.440799722626608
18.528,189.13163924525588,-170.6036392452559
177.68,239.93816841595185,-62.25816841595184
159.98,202.2958413711176,-42.315841371117614
52.68,18.76948240553952,33.91051759446048
11.568,-24.54290728863043,36.11090728863043
4.572,61.667628016527715,-57.09562801652771
1439.968,1289.0469394955805,150.92106050441953
1.728,31.570070143129215,-29.842070143129213
626.1,519.5693023055244,106.53069769447563
99.2,154.94150891792356,-55.741508917923554
609.98,514.1791194429476,95.80088055705244
211.372,276.8186186762696,-65.44661867626957
239.976,253.61263279562263,-13.636632795622631
99.95,161.72455496716452,-61.77455496716452
29.34,9.569935255840619,19.77006474415938
16.74,-51.43466206919106,68.17466206919106
12.672,-20.734058964039605,33.4060589640396
1119.888,887.6934966244002,232.19450337559977
204.85,223.79070169724469,-18.94070169724469
135.984,145.95444274149008,-9.970442741490075
16.4,73.62133493234501,-57.22133493234501
92.96,68.44147013433644,24.518529865663552
7.632,-6.255261743911433,13.887261743911433
4.158,213.22691577575233,-209.06891577575234
179.991,141.16679587539033,38.82420412460968
239.358,233.2398825074979,6.118117492502108
164.88,161.57962264789126,3.3003773521087396
10.95,-30.47704518102023,41.42704518102023
19.44,-18.195158500642265,37.63515850064226
12.3,72.75767027593247,-60.45767027593247
13.97,-96.15947742931053,110.12947742931053
934.956,591.4051167937711,343.55088320622895
46.864,8.574571107412112,38.289428892587885
26.16,13.578779053279732,12.581220946720268
23.128,203.98904356740218,-180.8610435674022
59.24,128.26771591904776,-69.02771591904775
155.456,154.37818158377127,1.0778184162287232
8.56,-79.982094095805,88.542094095805
21.0,-14.270773265456,35.270773265456
120.0,121.18359655053291,-1.1835965505329114
299.96,299.45821878007564,0.5017812199243394
67.84,175.2031198399577,-107.3631198399577
853.93,658.6477137404256,195.28228625957433
18.688,45.41329447710632,-26.72529447710632
273.96,403.9899039348693,-130.0299039348693
89.97,76.62626609471863,13.343733905281368
756.8,617.60038098391,139.19961901608997
1.248,-13.863024794023431,15.11102479402343
72.0,112.36053469142553,-40.36053469142553
470.155,413.35128923475213,56.80371076524784
39.128,12.546760742345441,26.58123925765456
19.728,295.37923463171023,-275.6512346317102
151.188,177.36195144363592,-26.17395144363593
271.764,396.3909566774764,-124.62695667747641
47.496,32.05508008860579,15.44091991139421
344.981,348.762198493617,-3.781198493617012
36.288,194.9120208582185,-158.6240208582185
78.304,49.6503894356581,28.653610564341903
127.785,298.1449989842106,-170.3599989842106
6.104,-16.509801487397453,22.613801487397453
5.76,-90.56604491101325,96.32604491101326
1.72,-52.78926419683694,54.50926419683694
8.952,-7.531591861742527,16.483591861742525
2.334,73.1743430092672,-70.8403430092672
1.728,81.60006984248139,-79.8720698424814
159.04,158.83968167420767,0.200318325792324
145.98,154.64907042812092,-8.669070428120932
77.952,67.73910380052371,10.21289619947629
95.97,149.35386409505645,-53.38386409505645
105.584,103.32790128549163,2.2560987145083686
9.344,-64.8398138542691,74.18381385426909
9.68,-63.701225176365824,73.38122517636583
4899.93,3361.6335342317866,1538.2964657682137
104.75,146.53027556254438,-41.780275562544375
18.528,-47.040677116227926,65.56867711622792
1875.258,766.5554781582605,1108.7025218417396
91.36,133.38941031909076,-42.02941031909076
152.24,172.68168767855195,-20.441687678551943
35.184,-32.681038867331836,67.86503886733183
56.704,-21.60076998029058,78.30476998029059
274.064,336.0500469769547,-61.9860469769547
458.43,357.1193018047459,101.31069819525413
8.226,0.7046378639445265,7.521362136055474
5.95,-110.36137904442626,116.31137904442626
15.24,-20.35314963662563,35.59314963662563
239.94,272.480538676768,-32.540538676767994
23.84,242.84178992192687,-219.00178992192687
92.52,180.87815958139004,-88.35815958139004
37.76,-8.676331242048718,46.436331242048716
7.38,-82.60908252337686,89.98908252337685
5.82,-84.48932796938561,90.3093279693856
3.816,-123.41178398192937,127.22778398192938
26.16,30.975844329383563,-4.815844329383562
100.8,89.44627537591828,11.353724624081721
135.8,248.803778799175,-113.003778799175
13.9,71.34240011779434,-57.44240011779434
19.4,74.28928641385392,-54.88928641385392
13.488,-64.78990892999354,78.27790892999354
11.416,-99.86419480137624,111.28019480137624
17.64,-28.42506779699488,46.06506779699488
17.04,-22.271987971259705,39.311987971259704
99.98,99.03393880565363,0.9460611943463704
29.46,150.97987158204592,-121.51987158204591
166.92,534.4223899882246,-367.50238998822465
98.328,75.44263402592537,22.88536597407463
117.882,268.79533445273864,-150.91333445273864
20.97,-8.057464815489993,29.027464815489992
139.96,154.5846742212384,-14.624674221238394
37.74,17.922618832958506,19.817381167041496
14.82,-20.325863644519586,35.145863644519586
191.82,201.98772077168428,-10.167720771684287
13.904,-60.790266770455446,74.69426677045544
314.6,315.70066633696865,-1.1006663369686294
283.56,275.5791630473068,7.98083695269321
487.96,778.4953718556687,-290.53537185566876
1793.98,3216.0293228936025,-1422.0493228936025
2.992,83.61978641317205,-80.62778641317205
108.768,117.12133838840873,-8.35333838840873
25.92,29.502442355642415,-3.5824423556424136
22.58,-54.93487967538522,77.51487967538522
55.176,39.06042528265243,16.11557471734757
9892.74,4824.710137869814,5068.029862130185
73.915,127.31610287218564,-53.40110287218563
337.088,317.6464222106342,19.441577789365795
61.44,37.413478714837765,24.026521285162232
479.97,557.6870015847331,-77.71700158473311
5.984,-87.63948357646882,93.62348357646881
189.95,209.7274971881552,-19.777497188155223
149.95,179.684979843596,-29.734979843596022
29.95,90.26836178605208,-60.31836178605208
44.4,10.94918631227506,33.45081368772494
66.03,52.51957880200075,13.51042119799925
10.86,-79.48448858681309,90.34448858681309
3.36,-79.81041124339981,83.17041124339981
27.936,33.85307009159055,-5.917070091590553
28.784,-34.7934855950798,63.5774855950798
21.96,-48.220687008288905,70.18068700828891
21.98,-43.051456202234476,65.03145620223448
2621.322,1387.1487727185063,1234.1732272814938
74.76,218.96901471682463,-144.20901471682464
364.776,392.26961910454247,-27.49361910454246
1115.17,843.1840847371489,271.9859152628512
89.696,88.87967518142159,0.8163248185784084
50.12,49.24053979562814,0.8794602043718598
36.48,116.56632533485049,-80.0863253348505
322.192,608.2702430106424,-286.0782430106424
2.946,37.49360273890488,-34.547602738904885
19.136,33.17563454543324,-14.039634545433241
23.08,-38.27228960212619,61.35228960212619
90.48,66.77785240122193,23.70214759877807
215.976,220.45368475958708,-4.477684759587078
65.94,47.74280050943389,18.197199490566106
11.352,-24.456653620671432,35.808653620671436
24.56,-48.9711153354981,73.5311153354981
16.56,-96.50733819460402,113.06733819460402
279.95,280.9706962439218,-1.0206962439218046
828.84,596.2515716048716,232.5884283951284
7.218,6.72871468940707,0.4892853105929298
27.2,46.83487601983552,-19.63487601983552
89.97,74.79143062600224,15.17856937399776
318.08,306.9970361458629,11.082963854137063
5.8,-125.30726709336841,131.10726709336842
143.952,205.08406913507315,-61.13206913507315
19.44,-25.460084092648685,44.90008409264868
5.56,-68.80742547492832,74.36742547492833
146.73,138.52993417354242,8.200065826457575
29.9,89.47196381035792,-59.57196381035792
276.784,396.96479905850015,-120.18079905850016
93.032,105.91548852208325,-12.883488522083255
454.965,356.8965899014702,98.0684100985298
246.168,263.0362298109724,-16.868229810972366
295.4,269.3553084836567,26.044691516343278
348.56,401.8969852636053,-53.3369852636053
15.552,-11.746711462415988,27.298711462415987
482.94,309.8402905924995,173.09970940750048
299.98,443.7474418473114,-143.76744184731137
403.68,401.9786139926475,1.7013860073524825
41.9,-16.35141733609953,58.25141733609953
28.91,185.58013457516245,-156.67013457516245
32.4,82.95078235886831,-50.55078235886831
369.544,373.61758483930066,-4.073584839300679
10.368,-70.65627584221579,81.02427584221579
791.88,902.4550776651472,-110.5750776651472
23.64,0.5233614214980662,23.116638578501934
84.784,73.12319308327392,11.660806916726088
64.96,151.32548477312594,-86.36548477312594
32.06,401.68844322089694,-369.62844322089694
177.648,225.84257507825646,-48.19457507825646
287.91,313.5289273815356,-25.61892738153557
22.368,-38.85300737572902,61.221007375729016
32.368,190.326563234064,-157.958563234064
207.984,279.06785872012756,-71.08385872012755
36.4,98.67482147864484,-62.274821478644846
22.96,-39.03264896744349,61.99264896744349
315.2,301.0676694250651,14.132330574934883
15.18,-21.802255969582575,36.982255969582575
623.96,501.1288534675675,122.83114653243251
429.6,618.6345254191048,-189.03452541910474
31.968,-26.575789146567786,58.54378914656779
887.271,955.2073477949959,-67.93634779499598
21.696,36.18096987703689,-14.484969877036885
22.05,176.50841831639696,-154.45841831639694
99.9,145.53883188697932,-45.63883188697932
90.86,215.93411995993915,-125.07411995993915
7.78,-127.34438529734166,135.12438529734166
78.759,328.7288434135046,-249.96984341350458
9.552,-7.174977651156041,16.72697765115604
5.344,47.445873451472835,-42.101873451472834
8.28,-70.59547461688908,78.87547461688908
50.136,47.39968348252091,2.7363165174790893
88.074,229.83642607165962,-141.7624260716596
301.47,259.4043245667699,42.065675433230126
18.656,-48.333998800772406,66.98999880077241
27.46,-41.67131490377892,69.13131490377893
125.13,119.11712415065313,6.0128758493468695
555.96,466.04255439797134,89.91744560202869
129.552,125.01972605387118,4.532273946128811
51.984,52.343662536839474,-0.3596625368394726
10.272,-16.64239376936621,26.914393769366207
18.336,-27.085681863402215,45.42168186340221
180.96,199.34761860263666,-18.38761860263665
475.944,435.1500670879625,40.79393291203752
159.98,189.32856464997326,-29.34856464997327
43.6,51.66537644687992,-8.065376446879917
8.288,-75.71796486095127,84.00596486095127
1123.128,735.2563216830894,387.87167831691056
64.9,120.75435158208029,-55.854351582080284
2.808,36.903042747234394,-34.095042747234395
99.98,90.43215711426205,9.54784288573795
8.04,132.15707440678443,-124.11707440678444
1564.29,1043.5431125387383,520.7468874612616
138.56,146.3572630403844,-7.797263040384394
65.52,117.38581236117238,-51.86581236117239
14.576,-64.90037358427503,79.47637358427502
23.2,-47.15063952746141,70.35063952746141
16.464,182.4804635261562,-166.0164635261562
19.312,-47.73587520805222,67.04787520805222
40.08,148.25303201360362,-108.17303201360362
101.96,90.50922666022711,11.45077333977288
259.74,590.7551989603746,-331.0151989603746
255.42,399.00774679565393,-143.58774679565394
4.338,9.493392568632999,-5.155392568632998
11.88,117.52839062578437,-105.64839062578437
405.86,398.7513316037764,7.108668396223607
680.01,796.9643119926765,-116.95431199267648
2.376,-38.280584753468474,40.65658475346847
143.128,125.64982923105163,17.47817076894836
4476.8,3967.6579584555575,509.1420415444427
104.85,218.31009623173304,-113.46009623173305
241.44,254.71289792015523,-13.27289792015523
319.76,663.3633560667748,-343.60335606677484
45.68,-11.503933280534056,57.183933280534056
31.96,-35.48352710149197,67.44352710149198
47.9,8.291410610753474,39.608589389246525
1112.94,1285.5766693274823,-172.6366693274822
22.92,-29.11442404750551,52.03442404750551
71.976,55.388060171371535,16.587939828628464
19.44,-14.584951458729392,34.02495145872939
31.086,36.77059287835141,-5.68459287835141
13.98,-56.85720747399796,70.83720747399796
23.65,-52.83088767699314,76.48088767699315
707.88,778.7348947923502,-70.85489479235025
11.952,-29.235112001358857,41.187112001358855
31.128,-2.1238046719458907,33.25180467194589
55.76,69.95108518494953,-14.191085184949536
24.56,-58.06256654983554,82.62256654983554
51.75,33.853600872947254,17.896399127052746
207.184,574.0023186698077,-366.8183186698077
1473.1,1206.7087132390893,266.3912867609106
3.488,-67.62445865623204,71.11245865623204
21.728,46.14568790412045,-24.41768790412045
663.072,456.61604994273193,206.45595005726807
99.588,95.96701429423138,3.620985705768618
49.568,7.045913448630245,42.52208655136975
29.372,247.1763135342544,-217.8043135342544
344.704,519.9651705557662,-175.26117055576623
47.992,207.57652414105155,-159.58452414105156
102.24,116.29746384480654,-14.057463844806549
39.96,-22.2979987354247,62.2579987354247
1432.0,1079.7144889118008,352.2855110881992
41.04,150.3167940900962,-109.27679409009622
256.784,742.7969923437323,-486.0129923437323
120.98,275.21906317536695,-154.23906317536694
315.98,967.3443315633548,-651.3643315633548
28.752,0.6370566068217158,28.114943393178283
114.95,162.2890271097433,-47.3390271097433
23.04,234.07282640027074,-211.03282640027075
15.48,-27.1582665389692,42.638266538969205
51.84,237.77396744678572,-185.93396744678572
39.816,5.7167176855925845,34.09928231440742
16.06,-75.5944852219543,91.6544852219543
7.28,-125.51582023226797,132.79582023226797
5.4,-47.30158479222928,52.701584792229276
19.44,-19.152035147515335,38.59203514751533
39.88,-10.60706793061695,50.48706793061695
79.44,66.9783887587314,12.4616112412686
20.664,187.570868265346,-166.90686826534602
32.4,88.22301702882669,-55.82301702882669
13.762,-13.018310345260943,26.780310345260943
15.28,-76.68878954490128,91.96878954490128
44.688,212.68543842254348,-167.9974384225435
301.47,275.8727976601906,25.597202339809428
11.07,-37.025689489463275,48.095689489463275
1504.52,1397.8779806588664,106.64201934113362
25.92,27.66795868711074,-1.7479586871107387
7.536,191.3126049138143,-183.7766049138143
1.408,-17.19628671920168,18.60428671920168
4.144,79.47542459143529,-75.33142459143528
52.752,30.676247737401127,22.075752262598876
381.36,389.50451495267566,-8.14451495267565
6.72,3.237747201085085,3.4822527989149146
15.192,-33.714095212585335,48.906095212585335
58.32,293.1933379106281,-234.8733379106281
946.764,439.2291141609835,507.5348858390165
94.68,319.6338998543406,-224.9538998543406
23.67,-4.206840231990782,27.876840231990784
1091.168,961.0449338913702,130.1230661086297
18.69,181.36595287268847,-162.67595287268847
568.728,615.5383469351758,-46.81034693517586
7.312,-125.42084868117195,132.73284868117196
147.568,164.82485878053808,-17.256858780538067
56.784,177.8669237204656,-121.0829237204656
5.607,8.104434843322906,-2.497434843322906
6.576,-17.798438035902336,24.374438035902337
14.304,126.57193928915103,-112.26793928915103
119.833,272.34296022580475,-152.50996022580475
5.56,-87.8732293185817,93.43322931858171
32.4,88.19544720771569,-55.79544720771569
9.84,-25.677058923428604,35.51705892342861
2.78,-135.71954625722287,138.49954625722287
3.64,-128.95950821911924,132.59950821911923
881.93,682.6347003667707,199.2952996332292
115.84,283.4848936349665,-167.6448936349665
107.648,94.79973103866928,12.848268961330717
199.95,219.41203724014144,-19.462037240141456
12.96,-80.5839838075849,93.54398380758491
60.89,65.54554199133395,-4.655541991333948
14.94,-27.431695335323866,42.371695335323864
9.64,-87.67485448731759,97.31485448731759
332.94,359.459969665892,-26.519969665892006
51.9,21.34687293952925,30.55312706047075
64.96,27.017174377064975,37.94282562293502
25.5,-4.155153697091919,29.65515369709192
215.976,215.19703072335528,0.778969276644716
389.97,421.068538582198,-31.09853858219799
269.91,273.99380073290445,-4.083800732904422
11.673,25.950287362741392,-14.277287362741392
64.848,222.9230584532295,-158.07505845322947
14.56,-69.59130639547789,84.15130639547789
102.582,214.64088607028975,-112.05888607028976
20.04,-19.202334587772157,39.242334587772156
32.088,196.61554108855125,-164.52754108855126
4305.552,3060.0791933499113,1245.4728066500884
10.02,-25.394577348122766,35.41457734812276
631.96,653.7380927552271,-21.77809275522702
1577.94,1992.3995410748685,-414.4595410748684
255.85,331.37679277134976,-75.52679277134976
184.704,232.98564499315648,-48.281644993156476
47.92,-7.944457647764921,55.86445764776492
15.936,35.57131238534453,-19.635312385344527
8.001,219.64967211330827,-211.64867211330827
398.972,590.9448548908663,-191.9728548908663
163.88,219.68824660750033,-55.80824660750034
67.9,130.24812996718333,-62.348129967183326
72.224,92.05176622550925,-19.82776622550925
11.696,-80.91165745799071,92.60765745799071
392.94,439.4250746368091,-46.48507463680909
18.176,-74.72214756146877,92.89814756146878
6.888,47.73154113804139,-40.843541138041395
457.485,473.90309335092843,-16.418093350928416
1079.316,735.9814033179995,343.33459668200055
48.91,20.99741945073174,27.912580549268256
9.84,-33.16446302442728,43.00446302442728
34.5,-8.077420539396144,42.577420539396144
0.556,-68.2413694854315,68.7973694854315
43.8,140.72861176330161,-96.92861176330162
13.872,-16.524560108952528,30.396560108952528
115.96,126.56772033132597,-10.607720331325979
41.424,-10.071408377918033,51.49540837791803
244.768,241.4806918144311,3.2873081855688895
74.352,59.43809581713322,14.913904182866787
4.312,-12.207079029227089,16.51907902922709
56.686,71.4323797457323,-14.746379745732305
97.968,91.16594141425753,6.802058585742472
7.872,-17.331538629357283,25.203538629357283
15.552,-14.908872245611974,30.460872245611974
1.476,-65.67169423087057,67.14769423087057
8.4,86.58320291013683,-78.18320291013683
6.56,-77.62044470250521,84.18044470250521
14.88,-59.83806633836343,74.71806633836343
45.48,61.477689091466345,-15.997689091466349
25.44,136.65806200503766,-111.21806200503767
146.688,309.69842314523066,-163.01042314523067
4.928,-77.9409002543789,82.8689002543789
63.488,81.53387963065984,-18.04587963065984
418.32,410.78805441181066,7.5319455881893305
123.858,121.47084306239276,2.3871569376072443
118.782,113.50428049528728,5.277719504712721
769.184,629.3364226192872,139.84757738071278
47.904,37.94438514374178,9.95961485625822
13.36,-66.38741525008595,79.74741525008595
163.764,211.01347178151536,-47.24947178151535
183.92,192.2289396114029,-8.308939611402906
11.376,11.550075621302085,-0.17407562130208554
66.112,108.17209571553508,-42.060095715535084
211.04,340.46466072446424,-129.42466072446425
594.816,940.4333718081118,-345.6173718081118
72.96,46.11878603393802,26.84121396606197
80.96,92.26802169699249,-11.308021696992498
455.712,698.5346890619377,-242.8226890619377
25.98,-48.5598486202889,74.53984862028891
45.28,55.814987262647264,-10.534987262647263
15.56,-91.73831510663013,107.29831510663013
859.2,967.6770709591176,-108.47707095911755
195.68,194.22435949597207,1.45564050402794
14.2,19.072505160681885,-4.872505160681886
314.352,309.9138638744871,4.4381361255128695
4.608,-97.94530075881107,102.55330075881108
17.9,72.743583762365,-54.84358376236501
2.992,-138.08550967307633,141.07750967307632
20.064,127.64275515778922,-107.57875515778923
146.73,145.25197118838628,1.4780288116137115
18.75,75.52270066691949,-56.77270066691949
117.576,104.45183933133035,13.124160668669646
51.184,196.58534893512638,-145.40134893512638
455.97,357.7732888257799,98.19671117422013
5.715,110.22264380778643,-104.50764380778642
57.594,63.38692271924174,-5.792922719241737
30.144,-40.350203153788016,70.49420315378802
899.43,679.5420580063721,219.8879419936278
842.72,659.7715704926123,182.9484295073877
41.96,-8.568507568873429,50.52850756887343
13.216,33.860854621451836,-20.644854621451834
184.752,190.93045207222463,-6.178452072224616
520.464,783.3555415951795,-262.89154159517943
11.424,-30.950920864517684,42.374920864517684
19.44,-18.710163047109745,38.15016304710974
3.64,-82.69101976910406,86.33101976910406
18.54,-67.04563878894919,85.58563878894918
43.12,94.24180108881501,-51.12180108881501
313.722,298.91121860232965,14.810781397670326
45.98,20.514458370332477,25.46554162966752
428.68,391.0799678613289,37.60003213867111
30.576,150.61173860328404,-120.03573860328405
13.02,201.68885890213664,-188.66885890213663
22.14,-2.7615138712255884,24.90151387122559
359.32,337.8621801208533,21.45781987914671
11.56,-74.79909199801273,86.35909199801273
68.48,36.34588883657784,32.13411116342216
1676.88,1105.1739279630197,571.7060720369805
37.94,-33.99174854386388,71.93174854386388
272.97,283.455480147524,-10.485480147523958
41.568,67.04070476258244,-25.47270476258244
317.058,308.9475929231253,8.110407076874708
8.04,69.32166966962654,-61.281669669626545
419.944,394.25092393535397,25.69307606464605
61.38,171.02417696530483,-109.64417696530484
50.0,0.5266334787590949,49.473366521240905
31.8,5.55086557601112,26.24913442398888
32.56,-20.920707857987736,53.48070785798774
7.072,-77.99806894743506,85.07006894743506
45.528,20.43701211332791,25.09098788667209
64.784,89.82587108964049,-25.04187108964048
424.272,632.8199966749594,-208.5479966749594
1.344,-138.27152562257447,139.61552562257447
83.92,139.9557942849833,-56.03579428498331
25.92,33.61259267166474,-7.692592671664741
120.576,283.4016210975785,-162.82562109757853
79.92,90.98394678978389,-11.063946789783884
12.28,-105.2810546700357,117.5610546700357
542.94,631.1783707613588,-88.23837076135874
2.04,-140.59021654323647,142.63021654323646
228.92,244.10709477913883,-15.187094779138846
7.992,-129.09458969879893,137.08658969879892
582.336,465.02144978149977,117.31455021850024
629.95,550.4095383018757,79.54046169812432
631.782,1027.8916446490089,-396.1096446490088
801.568,1268.865418339494,-467.297418339494
75.18,167.36392562150695,-92.18392562150694
30.98,-32.980403098071065,63.96040309807107
1349.91,1013.6993592839422,336.2106407160579
14.112,135.7588952573028,-121.64689525730282
31.12,20.50932927862118,10.61067072137882
4.272,-76.79536957255141,81.06736957255141
209.148,263.1369217795325,-53.98892177953249
1591.02,1121.008467020236,470.01153297976407
7.92,83.37624521067187,-75.45624521067187
574.91,925.3928275300801,-350.48282753008016
8.448,-84.19663923579469,92.6446392357947
1071.0,744.3432022648739,326.65679773512613
12.07,-98.23442922960339,110.30442922960339
3.273,-95.68431530668659,98.95731530668658
87.92,135.87269598358967,-47.95269598358966
104.696,214.31648537663568,-109.62048537663568
2803.92,1957.2682721827257,846.6517278172744
6.816,-4.3971613626481485,11.213161362648147
249.584,356.98427143067056,-107.40027143067056
17.94,-8.254670590035175,26.194670590035177
10.11,-9.644577043470235,19.754577043470235
10.368,-65.5750384720427,75.9430384720427
11.952,-45.339563331540376,57.291563331540374
15.224,32.05131779756675,-16.827317797566753
21.984,224.62511942233505,-202.64111942233504
604.752,487.9760637088118,116.77593629118815
40.7,103.34660009687946,-62.64660009687945
302.376,325.362225465602,-22.986225465602047
45.0,21.786135974054105,23.213864025945895
3785.292,2407.5145709849644,1377.7774290150355
35.4,106.33812010704241,-70.93812010704241
199.9,229.0660418728835,-29.166041872883483
1212.96,732.2074352868452,480.7525647131548
1099.96,851.6948639743581,248.26513602564194
103.481,228.11026411588045,-124.62926411588046
5.904,-79.61217860075317,85.51617860075316
30.08,-24.16971645319518,54.24971645319518
36.288,191.7922212957842,-155.5042212957842
10.272,-16.329142398808926,26.601142398808925
252.8,232.75148869026089,20.048511309739126
2.946,-47.75188882770908,50.69788882770908
12.96,-71.01829887404097,83.97829887404097
285.576,265.7843738231254,19.791626176874615
22.24,-44.94004092709497,67.18004092709496
14.62,-58.39143785797819,73.0114378579782
48.36,119.12724650699715,-70.76724650699715
16.256,-58.007137506001754,74.26313750600175
219.184,286.47554315324555,-67.29154315324556
95.84,99.66183673335809,-3.821836733358083
12.39,-29.254684052212497,41.6446840522125
35.88,142.2312759327085,-106.35127593270852
477.3,451.33573044840796,25.964269551592054
12.32,33.287319039008025,-20.967319039008025
8.608,-74.79147321766163,83.39947321766164
136.26,347.7641164942088,-211.5041164942088
186.15,198.15596320128225,-12.005963201282242
81.792,176.3226331422179,-94.53063314221791
47.19,27.70562361570569,19.484376384294308
36.784,-9.473386211846218,46.25738621184622
91.475,183.65591996417538,-92.18091996417539
27.192,14.084925869261497,13.107074130738503
12.06,119.4346968534935,-107.3746968534935
144.6,143.29010132669373,1.3098986733062645
15.992,-68.61088300427423,84.60288300427423
34.44,9.49381241944343,24.94618758055657
321.552,316.53096117396103,5.021038826038989
701.96,1155.391997161128,-453.43199716112804
19.456,37.104823719796286,-17.648823719796287
17.28,128.98729751138058,-111.70729751138057
31.96,-10.302720426848964,42.262720426848965
164.688,229.03903962151753,-64.35103962151754
166.5,198.41259250792996,-31.912592507929958
12.96,-72.25693397947384,85.21693397947385
110.96,107.97452408916865,2.9854759108313402
99.98,91.80291676611478,8.177083233885227
11.424,-102.98129820854797,114.40529820854798
128.124,141.06109323365195,-12.93709323365195
101.4,152.13418656555427,-50.73418656555427
5.904,-83.66746482480676,89.57146482480675
173.488,270.9155139437089,-97.4275139437089
51.56,36.267123167407135,15.292876832592867
3.564,34.16302103640487,-30.59902103640487
13.16,79.76619944966274,-66.60619944966274
3.828,41.75771348552894,-37.929713485528936
304.99,157.99100316221393,146.99899683778608
18.16,-44.7894433984568,62.94944339845679
319.984,484.71923766691623,-164.73523766691625
19.68,130.66892878672343,-110.98892878672342
781.864,567.4243570595257,214.4396429404743
30.816,292.191013422937,-261.375013422937
673.344,710.7447264716141,-37.40072647161401
6.54,-34.978308806175164,41.51830880617516
572.8,896.7493529269213,-323.9493529269214
197.05,287.7627061581052,-90.71270615810516
2022.272,1315.0545814647078,707.2174185352922
9.12,-33.519925593959215,42.63992559395921
38.16,286.3523948475329,-248.19239484753288
1592.85,1069.0134011041432,523.8365988958567
11.88,-83.61923476310608,95.49923476310607
120.0,199.8654301033289,-79.86543010332889
8.67,-119.2738150665657,127.9438150665657
4.41,-147.64174445845492,152.05174445845492
167.94,128.92318257208012,39.016817427919875
67.8,342.04903175936465,-274.24903175936464
26.94,3.9247825506811296,23.01521744931887
32.04,7.538938576050441,24.501061423949558
32.13,304.43894390109426,-272.30894390109427
2.88,-122.47188405767565,125.35188405767565
1091.93,802.7121206766286,289.21787932337145
111.96,116.17531432036822,-4.215314320368222
26.7,-47.32955335892598,74.02955335892598
40.2,83.75949072495882,-43.55949072495882
13.89,-29.56914507569104,43.45914507569104
689.82,515.9866637480599,173.83333625194018
38.34,296.88977855607004,-258.54977855607
9.264,26.39721629893438,-17.133216298934382
204.6664,562.7348518488604,-358.06845184886043
1649.75,1378.8661232284446,270.8838767715554
91.056,178.37456743655503,-87.31856743655503
54.208,550.788380733963,-496.580380733963
26.982,2.621103482885246,24.360896517114753
6.912,-30.63023711138385,37.54223711138385
435.504,474.35849571032486,-38.85449571032484
81.08,86.25519424734307,-5.175194247343072
93.02,73.0095604986077,20.010439501392298
323.976,352.5642567314751,-28.5882567314751
15.552,-14.179128588383492,29.73112858838349
32.592,20.507620304281318,12.084379695718681
83.92,127.77518040916266,-43.85518040916266
199.9,223.7999948684187,-23.899994868418702
31.176,17.571695518275646,13.604304481724352
172.752,236.5185131655462,-63.7665131655462
9.296,-75.00815004045467,84.30415004045466
12.768,-61.31448796856921,74.08248796856921
52.76,-20.73575110105503,73.49575110105502
55.616,23.588381938043767,32.02761806195623
427.644,686.9235373604603,-259.27953736046027
40.67,205.63717760890768,-164.96717760890766
33.48,-14.578085921356887,48.058085921356884
9.728,-67.5257471449222,77.2537471449222
8.856,0.590203943643246,8.265796056356754
477.666,743.8123247475216,-266.14632474752165
16.9,73.76484010677041,-56.86484010677041
39.96,-28.030989390483,67.99098939048301
191.968,277.1250321317634,-85.15703213176343
35.52,9.32386414643247,26.196135853567533
6.23,143.61751175205995,-137.38751175205996
56.704,15.869023564488998,40.834976435511
369.1992,368.04764553171253,1.151554468287486
1.98,-89.11708910512857,91.09708910512857
75.88,47.270897660800074,28.60910233919992
6.848,-77.46984077900106,84.31784077900106
4.626,-41.379085104941396,46.005085104941394
453.6,509.9283035567595,-56.328303556759465
13.848,-35.96403219174499,49.81203219174499
577.584,475.25013301835475,102.3338669816452
151.96,171.3101323926478,-19.350132392647794
68.432,214.38756198698525,-145.95556198698523
71.12,135.1861858479615,-64.06618584796149
3.008,-103.18308268640976,106.19108268640976
184.66,285.36348259616375,-100.70348259616375
5.312,-49.54624229119486,54.858242291194856
132.52,163.91919422461,-31.39919422461
195.64,198.50713608271667,-2.8671360827166836
51.968,2.299979670946641,49.66802032905336
431.976,434.6374502747717,-2.6614502747717097
224.937,195.57392294699525,29.36307705300476
6.0,-82.58484118202182,88.58484118202182
11.76,-79.91826125332022,91.67826125332023
1125.488,751.9529249794186,373.5350750205814
12.645,109.48962486354208,-96.84462486354208
4.032,-81.85047659083716,85.88247659083716
79.96,79.2831440818727,0.6768559181272877
6.732,156.0566683622219,-149.3246683622219
33.568,-23.556548227313215,57.12454822731321
15.84,-63.2286321173267,79.0686321173267
24.424,-63.72947467699851,88.15347467699851
17.12,84.62315594593315,-67.50315594593314
31.56,-6.223936824677139,37.78393682467714
105.686,232.04798156869492,-126.36198156869492
399.54,580.1045066693742,-180.56450666937423
104.93,157.47103296384785,-52.54103296384784
1079.85,1286.0208422823112,-206.17084228231124
70.98,103.20992003384777,-32.22992003384776
29.95,90.40018152552625,-60.45018152552625
589.41,470.0731094359221,119.33689056407786
9.648,129.12730520488708,-119.47930520488708
400.784,1219.3839442045867,-818.5999442045867
53.72,58.670287502914334,-4.950287502914335
31.008,-41.677015228260416,72.68501522826041
61.12,107.49541566429411,-46.37541566429412
195.136,181.5192879667909,13.616712033209097
121.536,128.38693625510655,-6.8509362551065465
17.472,-18.372541322662755,35.84454132266276
104.58,323.64364885519717,-219.0636488551972
24.7,120.11841332984591,-95.4184133298459
302.72,208.15210484497652,94.5678951550235
8.56,-70.50905929740134,79.06905929740134
11.56,-67.94345043968133,79.50345043968133
25.86,-9.621880296336485,35.481880296336485
276.784,401.8094267323079,-125.02542673230789
110.352,95.64210440095826,14.709895599041744
60.84,39.42041560669736,21.419584393302642
35.208,-4.262256703693765,39.470256703693764
41.472,245.80470244154208,-204.33270244154207
239.5,258.802801706531,-19.302801706531
34.2,104.00480567710179,-69.80480567710178
376.866,353.3475642282158,23.518435771784198
197.72,207.40417257064655,-9.684172570646552
70.72,85.3233165933018,-14.603316593301798
194.352,186.88780587874066,7.4641941212593395
21.6,134.343659151044,-112.743659151044
11.07,-26.981710784831648,38.05171078483165
282.84,264.6405823881132,18.19941761188676
27.72,279.8720374177626,-252.1520374177626
11.68,-4.74284795050221,16.42284795050221
239.984,329.5847505448003,-89.60075054480026
22.98,-56.673893502847704,79.65389350284771
102.13,238.4119077189091,-136.2819077189091
2033.584,3605.027885680596,-1571.4438856805957
5.76,-75.86100077519131,81.62100077519132
899.982,1009.6222599911628,-109.6402599911628
86.352,75.28952060659117,11.062479393408836
139.96,178.29167095166213,-38.33167095166212
16.704,151.8146432615215,-135.1106432615215
3.152,-67.09588260886608,70.24788260886608
32.896,55.368187260357445,-22.472187260357444
21.392,37.83522852004921,-16.443228520049214
307.314,310.79284710565,-3.4788471056500043
409.9992,409.1782586986558,0.8209413013441917
9.248,-74.8779735810258,84.1259735810258
14.67,-20.13281780205739,34.80281780205739
37.408,200.09991981296685,-162.69191981296683
3.438,-38.85000567660677,42.28800567660677
7.152,-21.331561925863298,28.4835619258633
179.7,255.28094176899185,-75.58094176899186
90.64,272.7666275492911,-182.12662754929113
177.0,173.60317337686365,3.3968266231363486
79.45,214.23870425991277,-134.78870425991278
1628.82,986.7085138574924,642.1114861425075
137.54,177.89719711405678,-40.35719711405679
730.2,688.9272971349235,41.27270286507655
11.56,-83.32001146424113,94.88001146424114
4297.644,959.6763852180908,3337.9676147819096
20.65,89.50705335010593,-68.85705335010593
204.9,229.96967615079143,-25.069676150791423
436.704,399.0055516484647,37.69844835153532
481.568,758.7906983135894,-277.2226983135894
89.544,218.39674802751983,-128.85274802751985
35.168,-19.737283751770292,54.90528375177029
72.588,47.5922177756172,24.995782224382793
221.16,230.1135723361001,-8.953572336100109
281.97,309.45699682793907,-27.486996827939038
3406.664,1725.1780356106055,1681.4859643893947
37.17,295.31822380700737,-258.14822380700735
64.96,26.791218745443985,38.16878125455601
595.38,551.8176376685198,43.562362331480244
95.984,81.91979037455712,14.06420962544287
4.938,-44.27793745127906,49.21593745127906
97.44,93.0147928607214,4.425207139278598
3.984,-122.29771164257431,126.28171164257431
13.04,36.201003443790796,-23.161003443790797
579.528,551.7166062359358,27.811393764064178
18.75,77.56604153185776,-58.81604153185776
3023.928,1493.7519874166367,1530.1760125833632
26.96,-38.889864040927705,65.84986404092771
477.6,551.0760988787524,-73.4760988787524
193.95,194.67490385005203,-0.7249038500520442
12.96,-79.95908610373249,92.9190861037325
119.94,107.50711229950684,12.432887700493154
12.42,-25.612657681637984,38.032657681637986
18.088,176.76722303819065,-158.67922303819066
71.97,47.5436862710917,24.426313728908298
14.94,-37.57682920291768,52.51682920291768
64.68,211.09405398078252,-146.4140539807825
22.0,88.48228329000221,-66.48228329000221
7.968,-64.80251343257055,72.77051343257055
1499.97,975.807542261597,524.1624577384031
26.632,-38.598510873216355,65.23051087321636
41.6,51.65274698860253,-10.052746988602529
64.02,168.2054391931647,-104.1854391931647
6.99,-22.249748435037418,29.23974843503742
6.84,-108.7887077799569,115.6287077799569
323.1,481.7392305698463,-158.6392305698463
668.16,560.1403224596091,108.01967754039083
8.64,-34.82182463096888,43.46182463096888
38.88,138.52883842598408,-99.64883842598408
201.04,330.7632413817389,-129.72324138173892
12.96,-73.74039647797827,86.70039647797827
16.59,-97.5396352884843,114.12963528848431
35.1,146.6829936109225,-111.5829936109225
11.646,347.8633025490542,-336.2173025490542
32.4,101.6804677068535,-69.2804677068535
503.96,498.2554009474791,5.704599052520905
7.04,14.627370925755258,-7.587370925755258
613.9992,665.1053346924507,-51.10613469245072
470.36,570.3761216713834,-100.01612167138342
31.08,135.64067111722352,-104.56067111722352
7.3,-81.79299038379145,89.09299038379145
73.536,86.78307115964208,-13.247071159642076
491.55,475.3485798075085,16.201420192491526
30.336,42.477708267009575,-12.141708267009577
22.83,-15.351532582219534,38.18153258221953
54.32,67.40224137207338,-13.082241372073376
196.776,197.77450370047586,-0.998503700475851
3.62,-82.40234311960671,86.02234311960672
11.54,-105.92198549370596,117.46198549370595
849.95,771.4442118614493,78.50578813855077
11.01,-29.5332685543774,40.5432685543774
39.624,8.381457097494149,31.242542902505853
242.136,251.0392023485815,-8.903202348581516
12.39,-27.419581951732425,39.809581951732426
19.96,-50.46170866136754,70.42170866136755
340.92,355.75568353214703,-14.835683532147016
273.568,384.8081239904866,-111.24012399048661
13.194,-26.836565723526974,40.030565723526976
1080.096,711.1941261348334,368.90187386516664
51.56,126.10216742808439,-74.54216742808438
58.416,23.691612298242035,34.72438770175796
57.584,10.899217111144935,46.68478288885507
37.312,60.92144663795602,-23.609446637956026
79.96,133.20147539775598,-53.24147539775599
223.96,230.8835369986191,-6.923536998619085
221.024,280.9877728988654,-59.963772898865386
18.96,-51.90440331486957,70.86440331486958
326.646,357.94783972606206,-31.301839726062042
89.97,67.8310042888811,22.138995711118895
296.712,606.8930059980835,-310.1810059980835
12.224,-74.99376059350743,87.21776059350744
89.97,58.855718495959536,31.114281504040463
286.86,328.47819568104205,-41.61819568104204
979.95,815.5692390426774,164.38076095732265
4.36,-92.11371101298869,96.47371101298869
10.048,-55.80262411392414,65.85062411392414
807.75,687.5378651568458,120.21213484315422
34.24,240.56968998831235,-206.32968998831234
500.24,684.9791839277507,-184.73918392775067
20.12,-45.809540457783214,65.92954045778322
896.99,3027.781858115732,-2130.791858115732
5.88,-112.1571647062035,118.0371647062035
269.98,398.0110930129654,-128.03109301296536
310.12,456.5581015261639,-146.4381015261639
70.464,158.89620561052834,-88.43220561052834
19.68,73.41948579584846,-53.73948579584846
140.67,135.07947865423762,5.590521345762369
4404.9,3408.7279897633694,996.1720102366303
62.65,113.8156000595609,-51.165600059560894
9.45,-33.20579040119537,42.655790401195375
268.576,267.0788296958756,1.4971703041244382
364.08,530.5378004079162,-166.45780040791618
71.088,33.556767029349885,37.53123297065011
10.984,-33.349007137865556,44.33300713786556
797.944,677.23289099229,120.71110900770998
159.98,194.27653769858603,-34.296537698586036
5.344,-80.31796538532967,85.66196538532967
27.72,-2.441653403851433,30.16165340385143
2.496,-143.1418271324451,145.6378271324451
8.26,-72.58958696283821,80.84958696283822
17.76,-59.620835509316066,77.38083550931607
332.94,355.4675860213781,-22.527586021378113
292.1,434.1655349162663,-142.0655349162663
206.1,233.6533513594561,-27.553351359456116
17.64,29.988324552756467,-12.348324552756466
1403.92,1050.9525569110922,352.9674430889079
4.3,-88.0693383514888,92.36933835148879
239.97,268.54698714211895,-28.576987142118952
81.96,66.9923012165234,14.967698783476592
238.62,333.50638148572216,-94.88638148572215
139.8,173.24040546053584,-33.44040546053583
9.84,-82.37451686616782,92.21451686616783
7.78,-121.31911099941794,129.09911099941795
54.9,105.25754837070349,-50.35754837070349
50.04,148.6164631265442,-98.57646312654421
339.92,316.5185090619634,23.401490938036602
10.528,25.94757962100425,-15.419579621004251
42.384,-7.385008416187475,49.769008416187475
123.92,160.49753591588956,-36.577535915889555
135.95,332.3135725901518,-196.36357259015182
2177.584,-109.09931270874199,2286.683312708742
17.496,27.843246783400218,-10.34724678340022
16.784,98.59594185051583,-81.81194185051584
431.136,454.6824703790271,-23.546470379027085
8.88,150.8592478062401,-141.9792478062401
4.836,36.334211392704674,-31.498211392704675
437.85,503.1802914865814,-65.33029148658136
673.568,1135.214327282499,-461.646327282499
274.8,299.1789490238589,-24.378949023858866
62.18,74.61881744026891,-12.438817440268913
8.28,-71.95951719189975,80.23951719189975
48.81,13.585908419054022,35.22409158094598
149.9,187.60149506774655,-37.70149506774655
1023.332,765.2637804231887,258.0682195768113
600.558,652.7374135838197,-52.17941358381972
39.992,7.495670840320599,32.4963291596794
211.246,275.4940118732916,-64.24801187329157
56.064,128.74706380372527,-72.68306380372528
107.772,107.33930186486305,0.43269813513695965
4.832,-120.77219269302987,125.60419269302986
18.24,49.743799407473034,-31.503799407473036
3.798,31.422827580812964,-27.624827580812962
10.368,-58.730170441974224,69.09817044197422
235.188,312.7592414975113,-77.57124149751132
26.376,55.171331472414295,-28.795331472414293
10.384,-58.95942561681841,69.34342561681841
107.118,102.213757952376,4.904242047623995
97.3,231.63055075802322,-134.3305507580232
3.328,-83.27138549233018,86.59938549233019
135.99,331.49105686799203,-195.50105686799202
7.38,-117.49071144297818,124.87071144297818
45.568,-5.3054984810569294,50.87349848105693
28.752,268.19038599986334,-239.43838599986333
194.848,198.36087417913973,-3.5128741791397147
2.112,-17.272353410186042,19.384353410186044
25.92,95.10884064537254,-69.18884064537254
120.768,139.19797443759944,-18.42997443759944
25.92,34.93566646956606,-9.015666469566057
34.65,2.5787106569753178,32.07128934302468
204.95,230.19531956954415,-25.245319569544165
79.95,123.26351773839588,-43.31351773839587
173.488,272.9343333847801,-99.44633338478008
516.96,455.7359722601909,61.22402773980912
173.208,273.5293459329555,-100.3213459329555
4.448,-75.2282673603122,79.67626736031221
9.0,-29.12412793026988,38.12412793026988
42.24,348.6066214285984,-306.36662142859836
18.264,-28.309228129766325,46.57322812976632
152.91,151.02230390291788,1.887696097082113
92.94,76.766406391587,16.173593608413
17.856,30.217350226415647,-12.361350226415645
46.44,17.44889933026525,28.99110066973475
195.136,189.1057670955986,6.030232904401402
129.3,147.34045222031978,-18.040452220319764
11.568,-22.389380207843942,33.95738020784394
242.352,254.08220546636562,-11.730205466365618
319.968,323.3207984221733,-3.3527984221732936
8.624,202.85937139989278,-194.23537139989278
3.984,-127.2883694432519,131.2723694432519
895.944,681.3071808572034,214.63681914279653
14.0,51.59159425571329,-37.59159425571329
16.392,-5.99127324273627,22.38327324273627
10.9,73.08474531929278,-62.18474531929278
29.6,-43.23701404298686,72.83701404298685
4.98,-128.53360413752011,133.5136041375201
479.976,558.0336827507756,-78.0576827507756
44.736,255.7681515336435,-211.0321515336435
5.76,-76.77868456895726,82.53868456895727
483.136,450.8841477454971,32.25185225450292
15.936,20.393869764603096,-4.457869764603096
61.544,216.95222379472443,-155.40822379472445
132.696,115.85537966580887,16.84062033419113
43.1,89.32045792187614,-46.22045792187614
511.5,452.7007068091309,58.79929319086909
147.92,171.12293847945193,-23.202938479451944
39.68,-26.532945071577387,66.2129450715774
12.56,-68.05814497746906,80.61814497746906
90.48,68.18836430190845,22.291635698091554
13.08,-72.34191506590082,85.42191506590082
214.7,238.6190003241004,-23.91900032410041
50.32,61.22842946626747,-10.90842946626747
24.56,-49.68113226325249,74.2411322632525
43.68,145.71370460222647,-102.03370460222646
3393.68,1892.0050383209523,1501.6749616790476
67.4,115.29167323528964,-47.89167323528963
2.52,-77.06743211380535,79.58743211380535
67.8,81.35837122337966,-13.558371223379666
18.76,-61.04350953831613,79.80350953831613
12.12,28.29575128058059,-16.17575128058059
11.34,-113.80573022605176,125.14573022605177
159.8,162.45620414313612,-2.656204143136108
18.96,-63.051523100403074,82.01152310040308
1085.42,796.7343073349177,288.68569266508234
13.11,-17.09783994068266,30.20783994068266
68.704,29.62564889785017,39.078351102149824
3.132,-44.915691156470984,48.04769115647098
22.428,14.309424701694752,8.118575298305249
290.336,401.34778460629036,-111.01178460629035
19.152,-69.8120583042737,88.9640583042737
6.48,-119.74142697485604,126.22142697485604
63.968,27.984851256501315,35.98314874349869
6.36,-50.197510053398446,56.557510053398445
848.544,723.2809052116498,125.26309478835014
8.7,101.78344841423336,-93.08344841423336
122.382,104.25563437511619,18.126365624883817
573.174,485.66137479496444,87.51262520503553
85.056,34.7331668990123,50.322833100987694
14.04,-34.1559482950845,48.1959482950845
272.61,584.8332018678743,-312.2232018678743
11.16,-113.58231574532215,124.74231574532214
62.31,33.83196902245845,28.47803097754155
159.98,190.9189497368343,-30.938949736834303
5.94,-17.800768328215554,23.740768328215555
9.96,-79.35448957817357,89.31448957817358
79.99,136.90935602045897,-56.91935602045898
8.94,-28.975092070107166,37.915092070107164
20.62,-51.183448478750506,71.80344847875051
124.25,249.75964839870403,-125.50964839870403
297.55,305.35340032139015,-7.803400321390143
403.56,399.9064730139305,3.653526986069494
95.2,149.43259039836903,-54.23259039836903
153.824,447.5957714013307,-293.7717714013307
62.016,19.027821425300544,42.988178574699454
466.32,510.38632904614246,-44.06632904614247
82.64,66.80547958539569,15.834520414604313
330.588,960.3409746114846,-629.7529746114847
237.096,244.8457764203938,-7.7497764203938
22.752,-9.185880995881462,31.93788099588146
6.672,-118.53199979534998,125.20399979534997
25.128,24.004885787230705,1.1231142127692948
127.984,144.74716540106624,-16.763165401066246
131.88,235.53747784196412,-103.65747784196412
25.032,-22.960908549344367,47.992908549344364
717.72,790.7179891303987,-72.99798913039865
207.35,215.35171039345732,-8.00171039345733
44.67,5.85716082100862,38.81283917899138
209.7,277.78557867098584,-68.08557867098585
115.36,235.84772245786462,-120.48772245786462
362.136,359.8353992566631,2.300600743336929
31.05,-11.88587087978658,42.93587087978658
12.96,-80.51082802077667,93.47082802077668
94.85,133.0266874107399,-38.1766874107399
13.48,-102.96946610535815,116.44946610535816
14.91,-27.44432811603633,42.35432811603633
39.98,0.321887356220941,39.658112643779056
528.43,396.96964082869454,131.4603591713054
22.386,245.8536287853517,-223.4676287853517
5.742,21.595934851389757,-15.853934851389756
191.968,184.89130553036603,7.0766944696339635
49.848,16.865479032499252,32.98252096750075
23.99,-66.48811504146306,90.47811504146306
1087.936,803.6084414141438,284.3275585858561
199.98,266.1180599984516,-66.13805999845161
83.92,94.11633820223801,-10.19633820223801
24.27,-16.060500933997673,40.33050093399767
2799.96,2282.0277183504395,517.9322816495605
9.872,-74.07540838094496,83.94740838094496
683.332,592.238548994916,91.09345100508403
29.96,184.9352977291387,-154.9752977291387
164.85,166.15310294051665,-1.303102940516652
33.528,15.862848802963526,17.665151197036472
36.744,22.359408873001712,14.384591126998288
102.93,90.77078038668719,12.159219613312814
71.088,33.37111066639204,37.71688933360795
60.35,121.01151715395417,-60.66151715395417
35.52,57.548882670765124,-22.02888267076512
11.2,182.50137195321895,-171.30137195321896
223.58,620.9976169635818,-397.41761696358174
998.82,674.8837820893436,323.9362179106564
51.15,111.01605379311104,-59.86605379311104
40.74,29.23135149961945,11.508648500380552
3.424,-126.22121819141421,129.64521819141422
151.2,149.92344529966044,1.2765547003395454
1925.88,1385.1332147878416,540.7467852121586
2405.2,1509.2070575900746,895.9929424099253
83.97,53.129825447109624,30.840174552890375
39.89,-18.484378510232318,58.37437851023232
17.38,-76.42110028159664,93.80110028159663
55.264,4.61083733316832,50.65316266683168
6.48,-130.13729553392454,136.61729553392453
34.248,-0.8800955933675141,35.12809559336751
273.568,383.92393009117654,-110.35593009117656
46.35,106.31049524729815,-59.96049524729815
223.92,245.0812644039238,-21.16126440392381
7.3,-70.92675522681157,78.22675522681156
9.344,-73.85131175470201,83.195311754702
18.0,-81.87961735371641,99.87961735371641
65.584,24.048608380609494,41.53539161939051
383.4656,331.5794562103433,51.88614378965667
10.368,-70.97967041019024,81.34767041019023
13.4,-102.70303698003431,116.10303698003432
4.98,-165.1673063154294,170.1473063154294
109.69,233.67953563576498,-123.98953563576498
40.2,98.40745579650707,-58.20745579650706
735.98,1266.4156050659356,-530.4356050659355
22.75,193.98755527113826,-171.23755527113826
119.56,126.43813395311759,-6.878133953117583
140.75,182.23906107628318,-41.48906107628318
99.568,94.99219562164012,4.5758043783598765
271.96,265.2739992586494,6.686000741350597
18.69,182.43337289490114,-163.74337289490114
13.36,-75.32205754277197,88.68205754277197
249.584,341.2909550782565,-91.7069550782565
13.86,189.32562017096234,-175.46562017096232
13.376,19.60403019698174,-6.22803019698174
437.472,695.4219638154344,-257.94996381543444
85.98,146.62731855902916,-60.64731855902916
16.52,70.41649542992513,-53.89649542992514
35.56,192.91167016384225,-157.35167016384224
97.98,88.6160598958038,9.363940104196203
31.5,344.52550268319055,-313.02550268319055
55.6,73.90789292782301,-18.307892927823012
36.24,-20.242222656568174,56.482222656568176
79.99,132.8067091342598,-52.816709134259796
206.1,226.17359146501576,-20.073591465015767
25.248,-5.311984171766653,30.559984171766654
91.96,72.38808026421157,19.571919735788427
258.576,355.27753963692066,-96.70153963692064
29.6,35.284245674683916,-5.684245674683915
243.16,338.5070752196832,-95.3470752196832
